-- MySQL dump 10.13  Distrib 8.0.28, for macos11 (x86_64)
--
-- Host: us-cdbr-east-05.cleardb.net    Database: heroku_5c656f843062648
-- ------------------------------------------------------
-- Server version	5.6.50-log

/*!40101 SET @OLD_CHARACTER_SET_CLIENT=@@CHARACTER_SET_CLIENT */;
/*!40101 SET @OLD_CHARACTER_SET_RESULTS=@@CHARACTER_SET_RESULTS */;
/*!40101 SET @OLD_COLLATION_CONNECTION=@@COLLATION_CONNECTION */;
/*!50503 SET NAMES utf8 */;
/*!40103 SET @OLD_TIME_ZONE=@@TIME_ZONE */;
/*!40103 SET TIME_ZONE='+00:00' */;
/*!40014 SET @OLD_UNIQUE_CHECKS=@@UNIQUE_CHECKS, UNIQUE_CHECKS=0 */;
/*!40014 SET @OLD_FOREIGN_KEY_CHECKS=@@FOREIGN_KEY_CHECKS, FOREIGN_KEY_CHECKS=0 */;
/*!40101 SET @OLD_SQL_MODE=@@SQL_MODE, SQL_MODE='NO_AUTO_VALUE_ON_ZERO' */;
/*!40111 SET @OLD_SQL_NOTES=@@SQL_NOTES, SQL_NOTES=0 */;

--
-- Table structure for table `autor`
--

DROP TABLE IF EXISTS `autor`;
/*!40101 SET @saved_cs_client     = @@character_set_client */;
/*!50503 SET character_set_client = utf8mb4 */;
CREATE TABLE `autor` (
  `id_autor` int(11) NOT NULL AUTO_INCREMENT,
  `no_autor` varchar(45) NOT NULL,
  `st_ativo` tinyint(1) NOT NULL,
  `dt_cadastro` datetime NOT NULL,
  PRIMARY KEY (`id_autor`)
) ENGINE=InnoDB AUTO_INCREMENT=552 DEFAULT CHARSET=latin1;
/*!40101 SET character_set_client = @saved_cs_client */;

--
-- Dumping data for table `autor`
--

LOCK TABLES `autor` WRITE;
/*!40000 ALTER TABLE `autor` DISABLE KEYS */;
INSERT INTO `autor` VALUES (12,'Adeilson Salles',1,'2013-08-01 00:35:54'),(13,'Agnelo Machado',1,'2013-08-01 00:39:51'),(14,'Alda',1,'2013-08-01 00:40:11'),(15,'Alejandro Magallanes',1,'2013-08-01 00:40:19'),(16,'Alexandra Prasinos Bernal',1,'2013-08-01 00:40:25'),(17,'Alexandre Azevedo',1,'2013-08-01 00:40:30'),(18,'Alice Joyce',1,'2013-08-01 00:40:36'),(19,'Aline de Pétigny',1,'2013-08-01 00:40:42'),(20,'Ana Lúcia de Oliveira Gobbi',1,'2013-08-01 00:40:53'),(21,'Ana Luiza de Paula',1,'2013-08-01 00:41:13'),(22,'Ana Maria Machado',1,'2013-08-01 00:41:18'),(23,'Ana Paula Perevano',1,'2013-08-01 00:41:23'),(24,'Ana Terra',1,'2013-08-01 00:41:28'),(25,'André Neves',1,'2013-08-01 00:41:35'),(26,'Angela Carneiro',1,'2013-08-01 00:41:41'),(27,'Angela Lago',1,'2013-08-01 00:41:47'),(28,'Anna Claudia Ramos',1,'2013-08-01 00:41:52'),(29,'Anna Cláudia Ramos',1,'2013-08-01 00:41:57'),(30,'Anna Göbel',1,'2013-08-01 00:42:03'),(31,'Anna McQuinn',1,'2013-08-01 00:42:10'),(32,'Anne Geddes',1,'2013-08-01 00:42:17'),(33,'Antoine de Saint-Exupéry',1,'2013-08-01 00:42:23'),(34,'Audrey Wood',1,'2013-08-01 00:42:33'),(35,'Don Wood',1,'2013-08-01 00:42:45'),(36,'Avelino Guedes',1,'2013-08-01 00:42:49'),(37,'Bia Villela',1,'2013-08-01 00:42:57'),(38,'Bradley Trevor Greive',1,'2013-08-01 00:43:04'),(39,'Brian Moses',1,'2013-08-01 00:43:24'),(40,'Mike Gordomn',1,'2013-08-01 00:43:31'),(41,'Carlos Reviejo',1,'2013-08-01 00:43:42'),(42,'Carmen Lucia Campos',1,'2013-08-01 00:43:57'),(43,'Carolina Moreyra',1,'2013-08-01 00:44:04'),(44,'Caulos',1,'2013-08-01 00:44:10'),(45,'Cecília Rocha',1,'2013-08-01 00:44:19'),(46,'Clara Araújo',1,'2013-08-01 00:44:26'),(47,'Eloína Lopes',1,'2013-08-01 00:44:33'),(48,'Zaira Silveira',1,'2013-08-01 00:44:41'),(49,'Celso Sisto',1,'2013-08-01 00:44:49'),(50,'Chico Buarque',1,'2013-08-01 00:44:54'),(51,'Chico Xavier',1,'2013-08-01 00:45:05'),(52,'Ciça',1,'2013-08-01 00:45:13'),(53,'Claire Llewllyn',1,'2013-08-01 00:45:25'),(54,'Cláudia Assis',1,'2013-08-01 00:45:33'),(55,'Claudia Zippin Ferri',1,'2013-08-01 00:45:41'),(56,'Paulo Marcio Aragão',0,'2013-08-01 00:45:50'),(57,'Clécia A. Buchweitz',1,'2013-08-01 00:45:57'),(58,'Cléo de Albuquerque Mello',1,'2013-08-01 00:46:05'),(59,'Clóvis Alves Portes',1,'2013-08-01 00:46:14'),(60,'Clóvis Tavares',1,'2013-08-01 00:46:20'),(61,'Nina Arueira',1,'2013-08-01 00:46:29'),(62,'Corina Novelino',1,'2013-08-01 00:46:45'),(63,'Fanny Espírito Santo',1,'2013-08-01 00:46:53'),(64,'Cosell Lenzi',1,'2013-08-01 00:47:03'),(65,'Cristina Klein',1,'2013-08-01 00:47:12'),(66,'Cristina Sales',1,'2013-08-01 00:47:18'),(67,'Cristina Santos',1,'2013-08-01 00:47:24'),(68,'Cristina Von',1,'2013-08-01 00:47:29'),(69,'Cristine A. Adams',1,'2013-08-01 00:47:35'),(70,'Marie Therese Kawalczyk',1,'2013-08-01 00:47:48'),(71,'Daniel Munduruku',1,'2013-08-01 00:47:56'),(72,'Daniel Renard',1,'2013-08-01 00:49:14'),(73,'Fernanda Priolli Fonseca e Carvalho',1,'2013-08-01 00:49:26'),(74,'Divaldo Franco',1,'2013-08-01 00:49:38'),(75,'Dora S. Volk',1,'2013-08-01 00:52:28'),(76,'Edson Gabriel Garcia',1,'2013-08-01 00:52:39'),(77,'Ana Cristina Ronconi',1,'2013-08-01 00:52:47'),(78,'Eliana Atihé',1,'2013-08-01 00:52:54'),(79,'Eliane Alves Batista',1,'2013-08-01 00:53:01'),(80,'Elíude Viana',1,'2013-08-01 00:53:09'),(81,'Elma',1,'2013-08-01 00:53:16'),(82,'Eloi Zanetti',1,'2013-08-01 00:53:22'),(83,'Etna Lacerda',1,'2013-08-01 00:53:29'),(84,'Eurípedes Rodrigues da Costa',1,'2013-08-01 00:53:34'),(85,'Eva Furnari',1,'2013-08-01 00:53:40'),(86,'Fabia Terni',1,'2013-08-01 00:53:45'),(87,'Fabiano dos Santos',1,'2013-08-01 00:53:51'),(88,'Fernanda Lopes Almeida',1,'2013-08-01 00:53:58'),(89,'Fernanda Saraiva Romero',1,'2013-08-01 00:54:04'),(90,'Fernando Flores',1,'2013-08-01 00:54:09'),(91,'Fernando Szklarowsky',1,'2013-08-01 00:54:15'),(92,'Fisher Price',1,'2013-08-01 00:54:26'),(93,'Francisco Cândido Xavier',1,'2013-08-01 00:54:32'),(94,'Francisco Martins Garcia',1,'2013-08-01 00:54:43'),(95,'Elena Torres',1,'2013-08-01 00:54:55'),(96,'Gabriela Montes',1,'2013-08-01 00:55:01'),(97,'Genésia Loureiro Rocha',1,'2013-08-01 00:55:06'),(98,'Gerusa Rodrigues Pinto',1,'2013-08-01 00:55:11'),(99,'Gessy Carísio de Paula',1,'2013-08-01 00:55:16'),(100,'Giancarla Cavicchiolo',1,'2013-08-01 00:55:21'),(101,'Gilles Eduar',1,'2013-08-01 00:55:27'),(103,'Gisnaldo Amorim',1,'2013-08-01 00:55:39'),(104,'Giuseppino De Roma',1,'2013-08-01 00:55:45'),(105,'Graça Lima',1,'2013-08-01 00:55:53'),(106,'Neno Alves',1,'2013-08-01 00:56:01'),(107,'Guga Domenico',1,'2013-08-01 00:56:07'),(108,'Rafael Sezerban',1,'2013-08-01 00:56:17'),(109,'Gusthavo Sezerban',1,'2013-08-01 00:56:23'),(110,'Guto Lins',1,'2013-08-01 00:56:34'),(111,'Hebe Coimbra',1,'2013-08-01 00:58:00'),(112,'Helena Mayer',1,'2013-08-01 00:58:06'),(113,'Mário Barata',1,'2013-08-01 00:58:15'),(114,'Herbert de Souza Betinho',1,'2013-08-01 00:58:24'),(115,'Ilan Brenman e Silvana Rando',1,'2013-08-01 00:58:31'),(116,'Índigo Newton Foot',1,'2013-08-01 00:58:37'),(117,'Ingrid Biesemeyer Bellinghauser',1,'2013-08-01 00:58:46'),(118,'Jack Tickle',1,'2013-08-01 00:58:53'),(119,'Isobel Tickle',1,'2013-08-01 00:59:04'),(120,'Arlene Holanda',1,'2013-08-01 00:59:13'),(121,'István Major',1,'2013-08-01 00:59:19'),(122,'Ivan Alcântara',1,'2013-08-01 00:59:24'),(123,'Ivonilde Faria Morrone',1,'2013-08-01 00:59:31'),(124,'Jaci José Delazeri',1,'2013-08-01 00:59:37'),(125,'Jairo Capasso',1,'2013-08-01 00:59:42'),(126,'Jandira Masur',1,'2013-08-01 00:59:47'),(127,'Stephen Michael King',1,'2013-08-01 00:59:55'),(128,'Janeen Brian',1,'2013-08-01 01:00:03'),(129,'Allan Ahlberg',1,'2013-08-01 01:00:21'),(130,'Janet Ahlberg',1,'2013-08-01 01:00:32'),(131,'Jaqueline Firzlaff',1,'2013-08-01 01:00:38'),(132,'John Grogan',1,'2013-08-01 01:00:46'),(133,'Jonas Ribeiro',1,'2013-08-01 01:00:52'),(134,'Jonathan Lambert',1,'2013-08-01 01:01:13'),(135,'Juan Carlos Porta Repetto',1,'2013-08-01 01:01:19'),(136,'Julia Donaldson',1,'2013-08-01 01:01:25'),(137,'Julieta Marques',1,'2013-08-01 01:01:31'),(138,'Julieta Rocha',1,'2013-08-01 01:01:40'),(139,'Junji Myaura',1,'2013-08-01 01:01:46'),(140,'Jussara Braga',1,'2013-08-01 01:01:51'),(141,'Justine Korman',1,'2013-08-01 01:01:57'),(142,'Kay Woodward',1,'2013-08-01 01:02:02'),(143,'Lalau',1,'2013-08-01 01:02:16'),(144,'Laurabeatriz',1,'2013-08-01 01:02:19'),(145,'Larousse Júnior',1,'2013-08-01 01:02:28'),(146,'Leon Tolstoi',1,'2013-08-01 01:02:35'),(147,'Lev Tolstoi',1,'2013-08-01 01:02:41'),(148,'Lielva Ramos',1,'2013-08-01 01:02:46'),(149,'Lilian Corgozinho',1,'2013-08-01 01:02:53'),(150,'Michele Iacocca',1,'2013-08-01 01:03:01'),(151,'Liliana Iacocca',1,'2013-08-01 01:03:08'),(152,'Livro Holográfico',1,'2013-08-01 01:03:14'),(153,'Lúcia Hiratsuka',1,'2013-08-01 01:03:19'),(154,'Lydienio Barreto de Menezes',1,'2013-08-01 01:03:25'),(155,'Magdalena del Valle Gomide',1,'2013-08-01 01:03:31'),(156,'Marcos Piangers',1,'2013-08-01 01:03:39'),(157,'Marcel Luiz Pabst',1,'2013-08-01 01:03:46'),(158,'Marcelo Moreira',1,'2013-08-01 01:03:51'),(159,'Marcelo Pacheco',1,'2013-08-01 01:03:56'),(160,'Márcia Honora',1,'2013-08-01 01:04:05'),(161,'MárcioVassallo',1,'2013-08-01 01:04:11'),(162,'Marcos Llona',1,'2013-08-01 01:04:18'),(163,'Marcus V. A. Braga',1,'2013-08-01 01:04:22'),(164,'Maria Anita Rosas Batista',1,'2013-08-01 01:04:27'),(165,'Maria Auxiliadora Moreira Duarte',1,'2013-08-01 01:04:32'),(166,'Maria Eny R. Paiva',1,'2013-08-01 01:04:37'),(167,'Maria Luiza Favret',1,'2013-08-01 01:04:43'),(168,'Maria Mazzetti',1,'2013-08-01 01:04:47'),(169,'Maria Valéria Rezende',1,'2013-08-01 01:04:52'),(170,'Marilda Castanha',1,'2013-08-01 01:04:58'),(171,'Marilusa Moreira Vasconcelos',1,'2013-08-01 01:05:03'),(172,'Mario Vale',1,'2013-08-01 01:05:13'),(173,'Martins Rodrigues Teixeira',1,'2013-08-01 01:05:20'),(174,'Eliardo França',1,'2013-08-01 01:05:28'),(175,'Mary França',1,'2013-08-01 01:05:35'),(176,'Maté',1,'2013-08-01 01:05:40'),(177,'Maurício Veneza',1,'2013-08-01 01:05:45'),(178,'Maxs Portes',1,'2013-08-01 01:05:51'),(179,'Melanie Walsh',1,'2013-08-01 01:05:57'),(180,'Melissa Probst Stamm',1,'2013-08-01 01:06:03'),(181,'Mem Fox',1,'2013-08-01 01:06:08'),(182,'Michaelene Mundy',1,'2013-08-01 01:06:13'),(183,'Miguel Sanches Neto',1,'2013-08-01 01:06:18'),(184,'Milton Célio',1,'2013-08-01 01:06:24'),(185,'Mirna Pinsky',1,'2013-08-01 01:06:29'),(186,'Moacir Rodrigues',1,'2013-08-01 01:06:35'),(187,'Wayne Ford',1,'2013-08-01 01:06:44'),(188,'Moira Butterfield',1,'2013-08-01 01:06:50'),(189,'Monique Felix',1,'2013-08-01 01:06:56'),(190,'Naiara Mattar de Araújo',1,'2013-08-01 01:07:01'),(191,'Nara Salamunes',1,'2013-08-01 01:07:16'),(192,'Neide Simões de Mattos',1,'2013-08-01 01:07:22'),(193,'Nídia Maria da Costa Reis',1,'2013-08-01 01:07:42'),(194,'Nilma Lino Gomes',1,'2013-08-01 01:07:50'),(195,'Nílson José Machado',1,'2013-08-01 01:07:55'),(196,'Nilza Cunha',1,'2013-08-01 01:08:01'),(197,'Núria Roca',1,'2013-08-01 01:08:05'),(198,'Odilon Moraes',1,'2013-08-01 01:08:15'),(199,'Ole Könnecke',1,'2013-08-01 01:08:21'),(200,'Patrícia Amorim',1,'2013-08-01 01:08:27'),(201,'Patrícia Secco',1,'2013-08-01 01:08:32'),(202,'Patrícia Senna',1,'2013-08-01 01:08:37'),(203,'Paulo José',1,'2013-08-01 01:08:44'),(204,'R. Hermindo',1,'2013-08-01 01:09:05'),(205,'Ramiro da Gama',1,'2013-08-01 01:09:11'),(206,'Rebecca Bondor',1,'2013-08-01 01:09:16'),(207,'Regina Célia Melo',1,'2013-08-01 01:09:21'),(208,'Regina Coeli Rennó',1,'2013-08-01 01:09:26'),(209,'Regina Rennó',1,'2013-08-01 01:09:33'),(211,'Regina Timbó',1,'2013-08-01 01:09:45'),(212,'Ricardo Azevedo',1,'2013-08-01 01:27:06'),(213,'Rita de Cacia Pimpão Amaral',1,'2013-08-01 01:27:12'),(214,'Rita Foelker',1,'2013-08-01 01:27:19'),(215,'Roberto Caldas',1,'2013-08-01 01:27:25'),(216,'Robinson Pereira',1,'2013-08-01 01:27:30'),(217,'Robson Dias ',1,'2013-08-01 01:27:39'),(218,'Rocío  Martinez',1,'2013-08-01 01:27:47'),(219,'Roger Melo',1,'2013-08-01 01:27:52'),(220,'Rogério Andrade Barbosa',1,'2013-08-01 01:27:58'),(221,'Romus',1,'2013-08-01 01:28:03'),(222,'Ronaldo Simões Coelho',1,'2013-08-01 01:28:10'),(223,'Roque Jacintho',1,'2013-08-01 01:28:16'),(224,'Rosa Amanda Strausz',1,'2013-08-01 01:28:34'),(225,'Rosane Svartman',1,'2013-08-01 01:28:39'),(226,'Rubem Alves',1,'2013-08-01 01:28:44'),(227,'Rubens Matuck',1,'2013-08-01 01:28:51'),(228,'Rufus Butler Seder',1,'2013-08-01 01:28:57'),(229,'Ruth Rocha',1,'2013-08-01 01:29:03'),(230,'Ruth Rocha e Dora Lorch',1,'2013-08-01 01:29:10'),(231,'Sabida',1,'2013-08-01 01:29:15'),(232,'Sam McBraatney',1,'2013-08-01 01:29:22'),(233,'Sandra Regina Pizarro',1,'2013-08-01 01:29:29'),(234,'Semíramis Paterno',1,'2013-08-01 01:29:35'),(235,'Sergi Câmara',1,'2013-08-01 01:29:40'),(236,'Shirley Day',1,'2013-08-01 01:29:48'),(237,'Silvana de Paula',1,'2013-08-01 01:29:55'),(238,'Silvana Tavano',1,'2013-08-01 01:30:00'),(239,'Solange Avelar Fonseca Gontijo',1,'2013-08-01 01:30:11'),(240,'Soler',1,'2013-08-01 01:30:17'),(243,'Dudu Sperb',1,'2013-08-01 01:30:38'),(244,'Sônia Coppini',1,'2013-08-01 01:31:14'),(245,'Sonia Junqueira',1,'2013-08-01 01:31:21'),(246,'Sonia Rosa',1,'2013-08-01 01:31:31'),(247,'Sonia Santoro',1,'2013-08-01 01:31:39'),(248,'Sônia Xavier Pimentel',1,'2013-08-01 01:31:46'),(250,'Stella Alexandra Rodou´polos',1,'2013-08-01 01:32:42'),(251,'Stella Leonardos',1,'2013-08-01 01:32:48'),(253,'Steve Parker',1,'2013-08-01 01:33:02'),(254,'Susan Summers',1,'2013-08-01 01:33:09'),(255,'Suzana Granato',1,'2013-08-01 01:33:29'),(256,'Suzy Lee',1,'2013-08-01 01:33:35'),(257,'Sylvia Orthof',1,'2013-08-01 01:33:40'),(258,'Tânia Medrano',1,'2013-08-01 01:33:47'),(259,'Tatiana Belinky',1,'2013-08-01 01:33:53'),(260,'Ted O\\\'Neal',1,'2013-08-01 01:33:58'),(261,'Telma Guimarães',1,'2013-08-01 01:34:04'),(262,'Thereza Chemello',1,'2013-08-01 01:34:09'),(263,'Tieloy',1,'2013-08-01 01:34:22'),(264,'Todd Parr',0,'2013-08-01 01:34:31'),(265,'Trace Moroney',1,'2013-08-01 01:34:45'),(266,'Valéria Belém',1,'2013-08-01 01:34:51'),(267,'Vera Cotrim',1,'2013-08-01 01:34:58'),(268,'Vera Lúcia Dias',1,'2013-08-01 01:35:03'),(269,'Verenice Leite Ribeiro',1,'2013-08-01 01:35:10'),(270,'Vinicius de Moraes',1,'2013-08-01 01:35:17'),(271,'Vivaldo da Cunha Borges',1,'2013-08-01 01:35:22'),(272,'Walt Disney',1,'2013-08-01 01:35:28'),(273,'Valquíria Carvalho de Morais',1,'2013-08-01 01:35:38'),(274,'Walter Oliveira Alves',1,'2013-08-01 01:35:45'),(275,'Willian Luz',1,'2013-08-01 01:35:52'),(276,'Wilma Stein',1,'2013-08-01 01:35:57'),(277,'Yêda Marquez',1,'2013-08-01 01:36:03'),(278,'Zeneide Silva',1,'2013-08-01 01:36:09'),(279,'Zezé Maku',1,'2013-08-01 01:36:14'),(280,'Ziraldo',1,'2013-08-01 01:36:18'),(281,'Felice Murrie',1,'2013-08-01 01:36:26'),(282,'Zuleika',1,'2013-08-01 01:36:32'),(283,'Sylvia Orthof',1,'2013-08-03 09:53:35'),(284,'Newton Foot',1,'2013-08-03 09:59:42'),(285,'Silvana Rando',1,'2013-08-03 10:17:43'),(286,'Dora Lorch',1,'2013-08-03 10:28:56'),(287,'João de Barro',1,'2013-08-03 10:35:15'),(288,'chose',0,'2013-08-09 01:15:58'),(289,'Raul Teixeira',1,'2013-08-24 09:45:33'),(290,'Naílka Maria Valmorbida',1,'2013-08-24 09:48:14'),(291,'Abel Sidney de Souza',1,'2013-08-24 09:48:29'),(292,'Lusinilda Carla P. Martins',1,'2013-08-24 09:48:57'),(293,'Samia Maria A. E. Canto',1,'2013-08-24 09:49:10'),(294,'Constança de Almeida Lucas',1,'2013-08-24 10:04:35'),(295,'Teresinha Conceição da Silva',1,'2013-08-24 10:17:03'),(296,'Roberto Belli',1,'2013-08-24 10:35:10'),(297,'Heliana Barriga',1,'2013-08-24 10:36:25'),(298,'Jenny O\\\' Neal',1,'2013-08-24 15:00:07'),(299,'Jérôme Ruillier',1,'2013-08-24 15:11:16'),(300,'Naiara Raggiotti',1,'2013-08-24 15:11:34'),(301,'Francisco Ângelo Coutinho',1,'2013-08-24 15:30:53'),(302,'Rosa M. Curto',1,'2013-08-24 15:41:23'),(303,'Angelo Machado',1,'2013-08-25 00:17:49'),(304,'Jaci Morelli',1,'2013-08-25 00:36:19'),(305,'Almindo Júnior',1,'2013-08-25 00:36:31'),(306,'Daniella Priolli Fonseca e Carvalho',1,'2013-09-05 00:45:54'),(307,'Gladis Pedersen de Oliveira',1,'2013-09-07 10:46:20'),(308,'Regina Campello',1,'2013-09-21 10:43:08'),(309,'Regina Campello',1,'2013-09-21 10:43:14'),(310,'TodoLivro',1,'2013-09-28 01:08:36'),(311,'Germán Montalvo',1,'2013-10-05 10:13:37'),(312,'Cristiane Lenzi Beira',1,'2013-10-05 10:16:15'),(313,'Raymundo Netto',1,'2013-10-05 10:33:19'),(314,'Mick Manning',1,'2013-10-05 10:38:29'),(315,'Pierre Verger',1,'2013-10-19 10:32:54'),(316,'Raul Lody',1,'2013-10-19 10:33:04'),(317,'Valentí Gubianas',1,'2013-10-19 10:35:39'),(318,'Raquel Teles',1,'2013-10-19 10:42:09'),(319,'Rubén Francia',1,'2013-10-19 10:42:34'),(320,'Adriana Falcão',1,'2013-10-19 10:51:49'),(321,'Graciela Montes',1,'2013-10-26 09:56:07'),(322,'Cecília Esteves',1,'2013-10-26 09:58:34'),(323,'Brita Granström',1,'2013-10-26 10:21:58'),(324,'Clara Lila',1,'2013-11-02 10:21:56'),(325,'Soler Editora',1,'2013-11-02 10:26:03'),(326,'Clécia A. Buchweitz',1,'2013-11-17 09:43:50'),(327,'Paulo Marcio Aragão',1,'2013-11-17 09:44:08'),(328,'Teresa Noronha',1,'2013-11-17 09:58:53'),(329,'Ciranda Cultural',1,'2013-11-17 10:03:02'),(330,'Christine A. Adams',1,'2013-11-17 10:20:09'),(331,'Jorge Fernando dos Santos',1,'2013-11-30 10:31:22'),(332,'Denise Nascimento',1,'2013-11-30 10:31:38'),(333,'Geccal',1,'2014-03-08 10:03:57'),(334,'Yuri Morales',1,'2014-03-08 10:16:54'),(335,'Rita Nasser',1,'2014-04-05 10:19:33'),(336,'Miriam Dusi',1,'2014-04-12 12:57:22'),(337,'Juventude',1,'2014-07-21 21:39:52'),(338,'Graciliano Ramos ',1,'2014-07-21 21:43:03'),(339,'Martha Lightfoot',1,'2014-09-27 10:08:01'),(340,'Sanja Pregl',1,'2014-09-27 10:17:54'),(341,'Helena Kraljic',1,'2014-09-27 10:19:19'),(342,'Ciranda Cultural',1,'2014-09-27 10:31:10'),(343,'Gergely Kiss',1,'2014-10-25 10:39:54'),(344,'Heidi Howarth',1,'2014-10-25 10:46:40'),(345,'Wladisney Lopes da Costa',1,'2014-11-29 10:19:55'),(346,'Cesar Braga Said',1,'2014-11-29 10:24:26'),(347,'Gabrielle Mercer ',1,'2015-03-21 10:08:11'),(348,'Regina Rennó ',1,'2015-03-21 10:13:56'),(349,'Mauricio de Sousa ',1,'2015-04-18 10:27:07'),(350,'Luis Hu Rivas ',1,'2015-04-18 10:27:20'),(351,'Ala Mitchell ',1,'2015-04-18 10:27:36'),(352,'Kátia Trindade',1,'2015-05-23 10:29:45'),(353,'Annie Kuber',1,'2015-08-01 10:26:47'),(354,'Nísia Anália',1,'2015-08-22 10:45:27'),(355,'Rosane Acedo',1,'2015-08-22 10:48:49'),(356,'Cecília Aranha',1,'2015-08-22 10:49:00'),(357,'Edinha Diniz',1,'2015-08-30 11:07:23'),(358,'Angelo Bonito',1,'2015-08-30 11:07:32'),(359,'Thaíla Iglesias Chacón',1,'2015-09-26 10:55:15'),(360,'Ivan e Marcelo',1,'2015-10-24 10:08:21'),(361,'Franco Editora',1,'2015-10-24 10:23:33'),(362,'Mary hoffman',1,'2015-10-24 10:31:16'),(363,'Giselda Laporta Nicolelis',1,'2015-10-24 10:52:31'),(364,'Ruth Marschalek',1,'2016-03-12 09:45:57'),(365,'Cristiano Alves',1,'2016-03-12 10:00:15'),(366,'Eloína Lopes',1,'2016-03-12 10:04:03'),(367,'Sonia Alcalde',1,'2016-03-12 10:04:14'),(368,'Andréa Carla da Silva Rezende',1,'2016-03-19 10:53:35'),(369,'Nathaniel Lachenmeyer ',1,'2016-04-09 10:48:51'),(370,'Robert Ingpen',1,'2016-04-09 10:49:01'),(371,'Conceil Corrêa da Silva',1,'2016-04-30 10:47:23'),(372,'Nye Ribeiro',1,'2016-04-30 10:48:00'),(373,'Roser Capdevila',1,'2016-06-11 09:52:06'),(374,'Carles Capdevila',1,'2016-06-11 09:52:25'),(375,'Antônio Nicolau Youssef',1,'2016-06-18 10:41:57'),(376,'Phaedra Ferreira',1,'2016-06-18 10:49:18'),(377,'Liz Garton Scanlon',1,'2016-06-25 10:07:10'),(378,'Marla Fraze',1,'2016-06-25 10:07:20'),(379,'Yu Yeong-So',1,'2016-06-25 10:10:39'),(380,'Park So-Hyeon',1,'2016-06-25 10:10:54'),(381,'Niki Daly',1,'2016-06-25 10:21:15'),(382,'Roseana Murray',1,'2016-06-25 10:27:34'),(383,'Lúcia Costa Carvalho',1,'2016-06-25 10:34:49'),(384,'Honorio de Marchi',1,'2016-06-25 10:56:48'),(385,'Nildo Lage',1,'2016-06-25 11:01:22'),(386,'Boa Nova',1,'2016-08-27 10:37:13'),(387,'Nílson José Machado',1,'2016-09-24 09:56:24'),(388,'Fernando Carraro',1,'2016-09-24 10:01:41'),(389,'Janayna Alves Brejo',1,'2016-11-05 09:57:02'),(390,'Danielle Veiga de Medeiros Carvalho',1,'2016-11-05 10:36:21'),(391,'Claudia Schmidt',1,'2016-11-05 10:44:04'),(392,'iergs',1,'2017-03-11 10:28:41'),(393,'Allan Kardec',1,'2017-03-18 10:04:48'),(394,'Lane Smith',1,'2017-03-18 10:19:22'),(395,'Cecília Rébora',1,'2017-03-18 10:38:44'),(396,'Lucia Reis',1,'2017-03-18 10:50:00'),(397,'Sandra Heck',1,'2017-06-24 10:40:37'),(398,'Vani Mehra',1,'2018-03-03 10:05:20'),(399,'Guillermo Luis ',1,'2018-06-02 10:01:35'),(400,'Patricia Engel Secco',1,'2018-09-08 10:20:32'),(401,'Janina trapp',1,'2018-10-13 09:51:02'),(402,'Cleber Galhardi',1,'2019-03-09 09:59:25'),(403,'Cezar Braga Said',1,'2019-03-16 09:51:12'),(404,'Sean Callery',1,'2019-03-23 09:56:06'),(405,'Lucília Junqueira de Almeida Prado',1,'2019-03-23 10:35:14'),(406,'FERGS',1,'2019-03-30 09:56:33'),(407,'Jô Andrade',1,'2019-03-30 10:14:54'),(408,'Lara Meana',1,'2019-03-30 10:31:01'),(409,'María Pascual de la Torre',1,'2019-03-30 10:31:16'),(410,'Regina Berlim',1,'2019-03-30 10:59:47'),(411,'Elizabeth Canuta dos Santos',1,'2019-03-30 11:02:13'),(412,'Sheila Simões',1,'2019-04-27 10:25:33'),(413,'Paula Zettel',1,'2019-04-27 10:31:37'),(414,'Andrei Moreira',1,'2019-04-27 10:35:32'),(415,'Carolina Renz',1,'2019-04-27 10:46:22'),(416,'Sandra Maria Borba Pereira',1,'2019-04-27 10:57:18'),(417,'Daniele Vanzan',1,'2019-04-27 10:58:44'),(418,'Isaura Kaufman',1,'2019-04-27 10:59:42'),(422,'Ana Paula Ribeiro',1,'2019-05-11 09:59:29'),(432,'Carlos Ruas',1,'2019-05-11 10:01:04'),(442,'Milton Menezes',1,'2019-05-11 10:04:13'),(452,'Karina Picon',1,'2019-05-11 10:05:36'),(462,'Eina Lacerda',1,'2019-05-11 10:08:50'),(472,'Rafael Sanches',1,'2019-05-11 10:33:17'),(482,'Flávia Lins e Silva',1,'2019-05-11 10:38:23'),(492,'Laura Bergallo',1,'2019-05-11 10:40:08'),(502,'Roosevelt Tiago',1,'2019-05-11 10:47:34'),(512,'Janilce Rodrigues',1,'2019-05-11 10:52:56'),(522,'Regina Mendes',1,'2019-05-11 10:55:32'),(532,'Cristiane Alves',1,'2019-09-21 10:55:55'),(542,'Elias José',1,'2019-11-02 11:45:52');
/*!40000 ALTER TABLE `autor` ENABLE KEYS */;
UNLOCK TABLES;

--
-- Table structure for table `autor_livro`
--

DROP TABLE IF EXISTS `autor_livro`;
/*!40101 SET @saved_cs_client     = @@character_set_client */;
/*!50503 SET character_set_client = utf8mb4 */;
CREATE TABLE `autor_livro` (
  `id_autor` int(11) NOT NULL,
  `id_livro` int(11) NOT NULL,
  PRIMARY KEY (`id_autor`,`id_livro`),
  KEY `fk_autor_has_livro_livro1_idx` (`id_livro`),
  KEY `fk_autor_has_livro_autor1_idx` (`id_autor`),
  CONSTRAINT `fk_autor_has_livro_autor1` FOREIGN KEY (`id_autor`) REFERENCES `autor` (`id_autor`) ON DELETE NO ACTION ON UPDATE NO ACTION,
  CONSTRAINT `fk_autor_has_livro_livro1` FOREIGN KEY (`id_livro`) REFERENCES `livro` (`id_livro`) ON DELETE NO ACTION ON UPDATE NO ACTION
) ENGINE=InnoDB DEFAULT CHARSET=latin1;
/*!40101 SET character_set_client = @saved_cs_client */;

--
-- Dumping data for table `autor_livro`
--

LOCK TABLES `autor_livro` WRITE;
/*!40000 ALTER TABLE `autor_livro` DISABLE KEYS */;
INSERT INTO `autor_livro` VALUES (257,58),(280,59),(87,60),(106,61),(122,61),(248,62),(114,63),(74,64),(83,65),(12,66),(37,67),(115,68),(285,68),(207,69),(168,70),(110,71),(268,72),(229,73),(286,73),(138,74),(192,75),(255,75),(287,76),(258,77),(54,78),(259,79),(205,80),(203,81),(60,82),(93,83),(214,84),(60,85),(61,85),(12,86),(223,87),(223,88),(155,89),(108,90),(109,90),(93,91),(264,92),(27,93),(214,94),(134,95),(12,100),(13,100),(45,105),(46,105),(289,106),(203,107),(290,108),(291,108),(292,108),(293,108),(238,109),(49,110),(93,111),(59,112),(61,112),(158,114),(269,116),(294,116),(280,117),(169,118),(261,120),(295,121),(234,122),(209,123),(29,124),(153,125),(32,126),(86,127),(12,128),(208,130),(37,131),(172,132),(198,133),(209,134),(296,135),(113,136),(297,136),(24,137),(12,138),(12,139),(218,140),(182,141),(266,142),(263,143),(45,144),(46,144),(93,145),(163,146),(289,147),(203,148),(74,149),(289,150),(214,151),(126,152),(124,153),(260,154),(298,154),(183,155),(227,156),(108,157),(109,157),(167,158),(215,159),(93,160),(299,161),(300,161),(192,162),(255,162),(235,163),(17,164),(217,165),(217,166),(217,167),(140,168),(44,169),(187,171),(188,171),(194,172),(36,173),(283,174),(103,175),(301,175),(254,176),(105,177),(197,178),(302,178),(31,179),(124,180),(303,181),(163,182),(163,183),(45,184),(46,184),(45,185),(46,185),(45,186),(46,186),(90,187),(90,188),(25,189),(12,190),(12,191),(201,192),(201,193),(304,194),(305,194),(304,195),(305,195),(304,196),(305,196),(12,197),(12,198),(45,199),(46,199),(45,200),(46,200),(93,201),(93,202),(93,203),(93,204),(93,205),(93,206),(93,208),(93,209),(93,210),(93,211),(93,212),(93,213),(223,214),(223,215),(223,216),(223,217),(62,218),(62,219),(263,220),(263,221),(45,222),(46,222),(45,223),(46,223),(45,224),(47,224),(45,225),(47,225),(45,226),(47,226),(45,227),(47,227),(93,228),(93,229),(93,230),(93,231),(93,232),(93,233),(93,234),(93,235),(93,236),(22,237),(22,238),(223,239),(45,240),(46,240),(45,241),(46,241),(92,242),(192,243),(263,244),(12,245),(12,246),(14,247),(82,248),(152,249),(22,250),(258,251),(45,252),(48,252),(45,253),(48,253),(45,254),(48,254),(45,255),(48,255),(189,256),(251,257),(131,258),(117,259),(186,260),(45,261),(12,262),(45,263),(46,263),(45,266),(48,266),(174,267),(175,267),(259,268),(117,269),(12,270),(229,271),(34,272),(120,273),(121,273),(208,274),(127,275),(97,276),(217,277),(217,278),(217,279),(217,280),(284,281),(280,282),(91,283),(16,284),(277,285),(99,286),(32,287),(40,288),(53,288),(263,289),(263,290),(263,291),(263,292),(263,293),(223,294),(223,295),(223,296),(223,297),(223,298),(223,299),(77,300),(78,300),(176,301),(45,302),(48,302),(45,303),(48,303),(45,304),(48,304),(296,305),(232,306),(110,307),(253,308),(44,309),(263,310),(263,311),(19,312),(103,313),(282,314),(174,315),(175,315),(174,316),(175,316),(174,317),(175,317),(107,318),(270,319),(187,320),(188,320),(187,321),(188,321),(146,322),(225,323),(247,324),(65,325),(161,326),(264,329),(149,330),(32,333),(181,335),(264,336),(246,337),(247,338),(111,339),(45,340),(46,340),(45,341),(46,341),(229,342),(30,343),(219,344),(250,345),(173,346),(174,347),(175,347),(14,348),(223,349),(65,350),(263,351),(263,352),(14,353),(93,354),(93,355),(93,356),(14,357),(45,358),(48,358),(228,359),(16,360),(223,361),(223,362),(125,363),(12,364),(12,365),(12,366),(223,367),(306,368),(148,369),(32,370),(127,371),(93,372),(93,373),(93,374),(93,375),(93,376),(159,377),(223,378),(22,379),(14,380),(94,381),(217,382),(93,384),(21,385),(34,386),(184,387),(199,388),(222,389),(179,390),(263,391),(264,392),(93,393),(93,394),(160,395),(73,397),(306,397),(73,398),(306,398),(60,399),(178,400),(170,401),(143,402),(144,402),(12,403),(12,404),(263,405),(14,406),(214,407),(14,408),(196,409),(45,410),(46,410),(45,411),(46,411),(307,412),(45,413),(48,413),(307,414),(307,415),(307,416),(307,417),(203,418),(135,419),(22,420),(14,421),(184,422),(50,423),(50,424),(72,425),(174,426),(175,426),(93,427),(93,428),(93,429),(12,430),(12,431),(83,432),(223,433),(223,434),(236,435),(93,436),(93,437),(93,438),(93,439),(93,440),(93,441),(171,442),(171,443),(93,444),(93,445),(93,446),(93,447),(93,448),(223,449),(182,450),(43,451),(223,452),(45,453),(217,454),(217,455),(93,456),(93,457),(93,458),(93,459),(93,460),(93,461),(93,462),(93,463),(93,464),(93,465),(33,466),(30,467),(263,468),(263,469),(263,470),(263,471),(239,472),(85,473),(81,474),(260,475),(298,475),(13,476),(117,478),(37,479),(308,480),(308,481),(155,482),(155,483),(83,484),(310,485),(256,486),(14,487),(307,488),(308,489),(83,490),(12,491),(12,492),(311,493),(312,494),(12,496),(312,497),(312,498),(312,499),(313,500),(14,501),(315,502),(316,502),(235,503),(317,503),(318,504),(319,504),(60,505),(320,506),(289,507),(289,508),(289,509),(289,510),(95,511),(321,511),(322,512),(45,513),(48,513),(314,514),(323,514),(128,515),(45,516),(324,516),(117,517),(325,518),(95,519),(321,519),(63,520),(64,520),(174,521),(175,521),(263,522),(251,524),(180,525),(223,526),(41,527),(278,529),(28,532),(133,534),(162,535),(55,536),(186,537),(268,538),(156,539),(157,539),(233,540),(223,542),(214,543),(268,544),(223,545),(280,546),(216,547),(156,548),(157,548),(214,549),(310,550),(209,551),(156,552),(157,552),(143,553),(144,553),(75,554),(57,555),(327,555),(93,556),(85,557),(231,558),(185,559),(223,560),(328,561),(231,562),(223,563),(310,564),(310,565),(329,566),(20,567),(214,568),(229,569),(195,570),(59,571),(226,572),(275,573),(98,574),(329,575),(226,576),(310,577),(201,578),(174,579),(175,579),(245,580),(220,581),(42,582),(330,583),(58,584),(229,585),(93,586),(93,587),(99,588),(12,589),(223,590),(223,591),(223,592),(310,593),(93,594),(177,595),(126,596),(331,597),(332,597),(247,598),(149,599),(191,600),(259,601),(104,602),(177,603),(280,604),(279,605),(333,606),(289,607),(93,608),(264,609),(289,610),(334,611),(289,612),(45,613),(46,613),(93,614),(335,615),(336,616),(217,617),(217,618),(223,620),(93,621),(93,622),(93,623),(93,624),(93,625),(93,626),(223,627),(263,628),(90,629),(93,630),(93,631),(93,632),(93,633),(93,634),(93,635),(93,636),(93,637),(45,638),(48,638),(337,639),(338,640),(223,641),(93,642),(223,643),(12,644),(83,645),(12,646),(12,647),(339,648),(14,649),(340,650),(112,651),(329,652),(329,653),(329,654),(341,655),(217,656),(93,657),(343,658),(344,659),(100,660),(12,661),(345,662),(93,663),(346,664),(15,666),(119,667),(347,668),(347,669),(174,675),(175,675),(97,676),(279,678),(312,680),(349,681),(350,681),(351,681),(352,682),(352,683),(352,684),(352,685),(352,686),(352,687),(352,688),(352,689),(353,691),(45,692),(48,692),(175,693),(307,694),(246,695),(259,696),(354,697),(315,698),(355,699),(356,699),(264,700),(357,701),(358,701),(25,702),(359,703),(127,704),(360,705),(280,706),(245,707),(361,708),(245,709),(261,710),(362,711),(177,712),(22,713),(363,714),(12,715),(263,716),(12,717),(263,718),(336,719),(12,720),(12,721),(307,722),(307,723),(307,724),(307,725),(307,726),(12,727),(12,728),(12,729),(12,730),(93,731),(93,732),(364,733),(350,734),(350,735),(350,736),(365,737),(365,738),(83,739),(83,740),(83,741),(366,742),(367,742),(350,743),(350,744),(350,745),(350,746),(350,747),(350,748),(12,749),(342,750),(12,751),(74,752),(368,753),(223,754),(83,755),(68,756),(39,757),(40,757),(369,758),(370,758),(217,759),(309,760),(245,761),(83,762),(309,763),(371,764),(372,764),(333,765),(174,766),(175,766),(307,767),(12,768),(93,769),(373,770),(374,770),(45,771),(46,771),(375,772),(322,773),(376,774),(322,775),(284,776),(349,777),(350,777),(351,777),(74,778),(133,779),(377,780),(378,780),(379,781),(380,781),(174,782),(175,782),(381,783),(382,784),(383,785),(384,786),(385,787),(45,788),(46,788),(12,789),(45,790),(46,790),(386,791),(386,792),(386,793),(386,794),(386,795),(386,796),(386,797),(349,798),(350,798),(351,798),(388,799),(350,800),(12,801),(350,802),(350,803),(73,804),(306,804),(310,805),(310,806),(263,807),(389,808),(389,809),(352,810),(352,811),(389,812),(352,813),(390,814),(12,815),(391,816),(62,817),(12,818),(12,819),(12,820),(223,821),(392,822),(155,823),(45,824),(46,824),(45,825),(46,825),(349,826),(350,826),(351,826),(349,827),(350,827),(351,827),(349,828),(350,828),(351,828),(45,829),(45,830),(263,831),(393,832),(393,833),(393,834),(393,835),(393,836),(393,837),(350,838),(394,839),(310,840),(395,841),(396,842),(349,843),(349,844),(393,845),(393,846),(393,847),(25,848),(349,849),(350,849),(351,849),(232,852),(155,853),(14,854),(12,855),(12,856),(12,857),(12,858),(350,859),(12,860),(263,861),(381,862),(12,863),(368,864),(291,865),(12,866),(45,867),(324,867),(349,868),(350,868),(349,869),(350,869),(14,870),(392,871),(307,872),(45,873),(46,873),(398,874),(45,875),(46,875),(350,876),(289,877),(349,878),(289,879),(20,880),(93,881),(391,882),(93,883),(217,884),(399,885),(45,886),(46,886),(45,887),(48,887),(93,888),(217,889),(333,890),(393,891),(12,892),(349,893),(349,894),(350,894),(351,894),(351,895),(400,895),(349,896),(349,897),(401,898),(401,899),(312,900),(312,901),(312,902),(312,903),(74,904),(12,905),(45,906),(48,906),(402,907),(402,908),(12,909),(403,910),(349,911),(333,912),(333,913),(296,914),(12,915),(350,916),(349,917),(350,917),(351,917),(349,918),(350,918),(351,918),(83,919),(402,920),(349,921),(350,921),(351,921),(404,922),(349,923),(350,923),(351,923),(333,924),(22,925),(268,926),(405,927),(45,928),(46,928),(352,929),(406,930),(406,931),(350,932),(350,933),(12,934),(407,935),(350,936),(245,937),(408,938),(409,938),(398,939),(398,940),(398,941),(45,942),(47,942),(410,943),(411,944),(333,945),(402,946),(333,947),(412,948),(403,949),(403,950),(413,951),(12,952),(12,953),(414,954),(350,955),(406,956),(415,957),(349,958),(350,958),(349,959),(350,959),(12,960),(406,961),(406,962),(406,963),(12,964),(12,965),(406,966),(406,967),(406,968),(416,969),(417,970),(418,971),(12,972),(12,982),(402,992),(23,1002),(350,1012),(432,1012),(350,1022),(350,1032),(417,1042),(442,1042),(452,1052),(306,1062),(462,1072),(83,1082),(402,1092),(472,1102),(390,1112),(406,1122),(482,1132),(492,1142),(492,1152),(407,1162),(502,1162),(12,1172),(422,1182),(512,1192),(245,1202),(522,1212),(12,1222),(406,1232),(45,1242),(310,1252),(310,1262),(422,1272),(229,1282),(402,1292),(532,1302),(263,1312),(263,1322),(14,1332),(83,1332),(83,1342),(98,1352),(406,1362),(352,1372),(542,1382),(264,1392),(349,1402),(351,1402),(399,1402),(349,1412),(350,1412),(351,1412),(349,1422),(350,1422);
/*!40000 ALTER TABLE `autor_livro` ENABLE KEYS */;
UNLOCK TABLES;

--
-- Table structure for table `baixa_livro`
--

DROP TABLE IF EXISTS `baixa_livro`;
/*!40101 SET @saved_cs_client     = @@character_set_client */;
/*!50503 SET character_set_client = utf8mb4 */;
CREATE TABLE `baixa_livro` (
  `id_baixa_livro` int(11) NOT NULL AUTO_INCREMENT,
  `dt_baixa` datetime NOT NULL,
  `no_motivo_baixa` text NOT NULL,
  `st_ativo` tinyint(1) NOT NULL,
  `dt_retorno` datetime DEFAULT NULL,
  `no_motivo_retorno` text,
  `id_usuario` int(11) NOT NULL,
  `id_livro` int(11) NOT NULL,
  PRIMARY KEY (`id_baixa_livro`),
  KEY `fk_baixa_livro_usuario1` (`id_usuario`),
  KEY `fk_baixa_livro_livro1` (`id_livro`),
  CONSTRAINT `fk_baixa_livro_livro1` FOREIGN KEY (`id_livro`) REFERENCES `livro` (`id_livro`) ON DELETE NO ACTION ON UPDATE NO ACTION,
  CONSTRAINT `fk_baixa_livro_usuario1` FOREIGN KEY (`id_usuario`) REFERENCES `usuario` (`id_usuario`) ON DELETE NO ACTION ON UPDATE NO ACTION
) ENGINE=InnoDB AUTO_INCREMENT=1272 DEFAULT CHARSET=latin1;
/*!40101 SET character_set_client = @saved_cs_client */;

--
-- Dumping data for table `baixa_livro`
--

LOCK TABLES `baixa_livro` WRITE;
/*!40000 ALTER TABLE `baixa_livro` DISABLE KEYS */;
INSERT INTO `baixa_livro` VALUES (6,'2013-10-05 10:31:30','Cadastro errado',1,NULL,NULL,1,499),(7,'2013-10-26 10:35:28','Livro extraviado',1,NULL,NULL,1,425),(8,'2013-11-17 10:45:14','não tem o livro',1,NULL,NULL,4,376),(9,'2014-04-12 12:51:50','Livro perdido por evangelizando que efetuou uma reposição: A grande viagem ',1,NULL,NULL,4,263),(10,'2014-04-12 13:02:36','Livro perdido por evangelizando que efetuou reposição do livro:O peixinho e o rio ',1,NULL,NULL,4,251),(11,'2014-10-18 10:36:20','INAPROPRIADO',1,NULL,NULL,4,385),(12,'2014-10-18 10:36:52','LIVRO RASGADO',1,NULL,NULL,4,636),(13,'2014-11-22 09:59:06','Perda\n',1,NULL,NULL,4,485),(14,'2014-11-22 10:01:07','Perda',1,NULL,NULL,4,317),(15,'2015-08-01 10:40:06','Cadastro indevido.',1,NULL,NULL,1,691),(16,'2015-08-08 10:00:31','Livro inadequado ',1,NULL,NULL,4,424),(17,'2015-08-08 10:49:30','Livro inadequado ',1,NULL,NULL,4,504),(18,'2015-08-15 09:58:57','Adequação do acervo.',1,NULL,NULL,4,525),(19,'2015-08-15 09:59:42','Adequação do acervo.',1,NULL,NULL,4,554),(20,'2015-08-15 10:00:13','Adequação do acervo.',1,NULL,NULL,4,281),(21,'2015-08-15 10:00:41','adequação do acervo.',1,NULL,NULL,4,380),(22,'2015-08-15 10:24:11','adequação do acervo.',1,NULL,NULL,4,258),(23,'2015-08-15 10:27:16','Evangelizando substituiu o livro.',1,NULL,NULL,4,604),(24,'2015-08-15 10:27:48','Evangelizando substitui o livro.',1,NULL,NULL,4,652),(25,'2015-08-15 10:28:42','Adequação do acervo.',1,NULL,NULL,4,471),(26,'2015-08-15 10:29:22','Adequação do acervo.',1,NULL,NULL,4,362),(27,'2015-08-15 10:31:00','Adequação do acervo.',1,NULL,NULL,4,470),(28,'2015-08-15 10:31:32','Adequação do acervo.',1,NULL,NULL,4,469),(29,'2015-08-15 10:32:23','Adequação do acervo.',1,NULL,NULL,4,552),(30,'2015-08-15 10:33:13','Adequação do acervo.',1,NULL,NULL,4,548),(31,'2015-08-15 10:37:58','Adequação do acervo.',1,NULL,NULL,4,593),(32,'2015-08-15 10:38:29','Adequação do acervo.',1,NULL,NULL,4,572),(33,'2015-08-15 10:39:03','Adequação do acervo.',1,NULL,NULL,4,260),(34,'2015-08-15 10:39:47','Adequação do acervo.',1,NULL,NULL,4,257),(35,'2015-08-15 10:39:47','Adequação do acervo.',1,NULL,NULL,4,524),(36,'2015-08-15 10:40:16','Adequação do acervo.',1,NULL,NULL,4,547),(37,'2015-08-15 10:40:39','Adequação do acervo.',1,NULL,NULL,4,570),(38,'2015-08-15 10:41:17','Adequação do acervo.',1,NULL,NULL,4,539),(39,'2015-08-15 10:42:20','Adequação do acervo.',1,NULL,NULL,4,575),(40,'2015-08-15 10:42:58','Adequação do acervo.',1,NULL,NULL,4,537),(41,'2015-08-15 10:43:37','Adequação do acervo.',1,NULL,NULL,4,372),(42,'2015-08-15 10:44:18','Adequação do acervo.',1,NULL,NULL,4,550),(43,'2015-08-15 10:44:56','Adequação do acervo.',1,NULL,NULL,4,555),(44,'2015-08-15 10:45:50','Adequação do acervo.',1,NULL,NULL,4,559),(45,'2015-08-15 10:46:52','Adequação do acervo.',1,NULL,NULL,4,558),(46,'2015-08-15 10:47:50','Adequação do acervo.',1,NULL,NULL,4,579),(47,'2015-08-15 10:48:57','Adequação do acervo.',1,NULL,NULL,4,347),(48,'2015-08-15 10:49:24','Adequação do acervo.',1,NULL,NULL,4,577),(49,'2015-08-15 10:49:47','Adequação do acervo.',1,NULL,NULL,4,562),(50,'2015-08-15 10:50:31','Adequação do acervo.',1,NULL,NULL,4,564),(51,'2015-08-15 10:51:57','Adequação do acervo.',1,NULL,NULL,4,423),(52,'2015-08-15 10:54:17','Adequação do acervo.',1,NULL,NULL,4,203),(53,'2015-08-15 10:54:53','Adequação do acervo.',1,NULL,NULL,4,571),(54,'2015-08-15 10:55:32','Adequação do acervo.',1,NULL,NULL,4,204),(55,'2015-08-15 10:56:04','Adequação do acervo.',1,NULL,NULL,4,628),(56,'2015-08-15 10:56:42','Adequação do acervo.',1,NULL,NULL,4,229),(57,'2015-08-15 10:57:09','Adequação do acervo.',1,NULL,NULL,4,188),(58,'2016-03-19 09:41:24','Livro reposto: Um por todos e todos por um do evangelizando Bernardo Guimarães.',1,NULL,NULL,4,688),(59,'2016-03-19 09:50:23','Livro perdido pelo evangelizando Benjamin. Livro reposto Pig, A Leitoa.',1,NULL,NULL,4,169),(60,'2016-03-19 09:56:24','Livro perdido e reposto pela evangelizanda Fernanda Queiroz. Livro reposto: Beijinho Beja-Flor.',1,NULL,NULL,4,349),(61,'2016-03-26 11:10:54','Livro perdido. Reposto pelo livro: A Declaração Universal dos Direitos Humanos',1,NULL,NULL,4,490),(62,'2016-03-26 11:12:43','Livro perdido: reposto pelo livro Declaração Universal dos Direitos Humanos. Maria Sebba.',1,NULL,NULL,4,282),(63,'2016-03-26 11:12:43','Livro perdido: reposto pelo livro Declaração Universal dos Direitos Humanos. Maria Sebba.',1,NULL,NULL,4,282),(64,'2016-04-09 09:40:51','Perdeu o livro e fez a reposição com outro o: peixinho azul',1,NULL,NULL,4,305),(65,'2016-04-16 11:04:37','Evangelizanda perdeu o livro e repôs: Declara Indepenência.',1,NULL,NULL,4,323),(66,'2016-04-23 09:38:55','Evangelizando perdeu o livro e repôs com o livro: A Colcha de Retalhos.',1,NULL,NULL,4,479),(67,'2016-04-30 09:44:40','Foi perdido e o evangelizando repôs com outro',1,'2016-10-29 00:00:00','Livro encontrado',4,705),(68,'2016-04-30 09:50:22','Foi perdido ',1,NULL,NULL,4,159),(69,'2016-04-30 10:45:36','Livro extraviado.',1,NULL,NULL,4,370),(70,'2016-05-01 10:30:18','Livro antigo (doação)',1,NULL,NULL,4,510),(71,'2016-05-01 10:31:32','Livro antigo (doação)',1,NULL,NULL,4,438),(72,'2016-05-01 10:31:32','Livro antigo (doação)',1,NULL,NULL,4,439),(73,'2016-05-01 10:31:32','Livro antigo (doação)',1,NULL,NULL,4,456),(74,'2016-05-01 10:31:32','Livro antigo (doação)',1,NULL,NULL,4,457),(75,'2016-05-01 10:31:32','Livro antigo (doação)',1,NULL,NULL,4,459),(76,'2016-05-01 10:31:32','Livro antigo (doação)',1,NULL,NULL,4,461),(77,'2016-05-01 10:31:32','Livro antigo (doação)',1,NULL,NULL,4,462),(78,'2016-05-01 10:32:46','Livro antigo (doação)',1,NULL,NULL,4,375),(79,'2016-05-01 10:32:46','Livro antigo (doação)',1,NULL,NULL,4,201),(80,'2016-05-01 10:33:30','Livro antigo (doação)',1,NULL,NULL,4,206),(81,'2016-05-01 10:33:30','Livro antigo (doação)',1,NULL,NULL,4,437),(82,'2016-05-01 10:33:52','Livro estragado',1,NULL,NULL,4,208),(83,'2016-05-01 10:35:19','Livro antigo (doação)',1,NULL,NULL,4,233),(84,'2016-05-01 10:35:51','Livro antigo (doação)',1,NULL,NULL,4,145),(85,'2016-05-01 10:35:51','Livro antigo (doação)',1,NULL,NULL,4,211),(86,'2016-05-01 10:36:45','Livro antigo (doação)',1,NULL,NULL,4,295),(87,'2016-05-01 10:36:45','Livro antigo (doação)',1,NULL,NULL,4,296),(88,'2016-05-01 10:37:39','Livro antigo (doação)',1,NULL,NULL,4,427),(89,'2016-05-01 10:37:39','Livro antigo (doação)',1,NULL,NULL,4,428),(90,'2016-05-01 10:37:39','Livro antigo (doação)',1,NULL,NULL,4,429),(91,'2016-05-01 10:37:39','Livro antigo (doação)',1,NULL,NULL,4,444),(92,'2016-05-01 10:37:39','Livro antigo (doação)',1,NULL,NULL,4,445),(93,'2016-05-01 10:37:39','Livro antigo (doação)',1,NULL,NULL,4,446),(94,'2016-05-01 10:37:39','Livro antigo (doação)',1,NULL,NULL,4,447),(95,'2016-05-01 10:37:39','Livro antigo (doação)',1,NULL,NULL,4,448),(96,'2016-05-01 10:38:15','Livro antigo (doação)',1,NULL,NULL,4,458),(97,'2016-05-01 10:38:15','Livro antigo (doação)',1,NULL,NULL,4,460),(98,'2016-05-01 10:38:50','Livro antigo (doação)',1,NULL,NULL,4,355),(99,'2016-05-01 10:39:03','Livro antigo (doação)',1,NULL,NULL,4,592),(100,'2016-05-01 10:39:19','Livro antigo (doação)',1,NULL,NULL,4,418),(101,'2016-05-01 10:39:36','Livro antigo (doação)',1,NULL,NULL,4,87),(102,'2016-05-01 10:40:08','Livro antigo (doação)',1,NULL,NULL,4,560),(103,'2016-05-01 10:40:28','Livro antigo (doação)',1,NULL,NULL,4,213),(104,'2016-05-01 10:40:57','Livro antigo (doação)',1,NULL,NULL,4,465),(105,'2016-05-01 10:42:35','Livro antigo (doação)',1,NULL,NULL,4,574),(106,'2016-05-01 10:42:51','Livro antigo (doação)',1,NULL,NULL,4,245),(107,'2016-05-01 10:43:22','Livro antigo (doação)',1,NULL,NULL,4,563),(108,'2016-05-01 10:44:18','Livro extraviado',1,NULL,NULL,4,202),(109,'2016-05-01 10:44:56','Livro extraviado',1,NULL,NULL,4,267),(110,'2016-05-01 10:45:17','Livro extraviado',1,NULL,NULL,4,683),(111,'2016-05-01 10:45:30','Livro antigo (doação)',1,NULL,NULL,4,150),(112,'2016-05-01 10:46:00','Livro extraviado\n',1,NULL,NULL,4,351),(113,'2016-05-01 10:47:29','Livro extraviado',1,NULL,NULL,4,70),(114,'2016-05-01 10:47:48','Livro extraviador\n',1,NULL,NULL,4,313),(115,'2016-05-01 10:47:48','Livro extraviador\n',1,NULL,NULL,4,313),(116,'2016-05-01 10:48:10','Livro extravido\n',1,NULL,NULL,4,392),(117,'2016-05-01 10:48:32','Livro extraviado',1,NULL,NULL,4,148),(118,'2016-05-01 10:49:15','Livro extraviado\n',1,NULL,NULL,4,412),(119,'2016-05-01 10:49:57','Livro extraviado',1,NULL,NULL,4,603),(120,'2016-05-01 11:22:16','Livro cadastrado errado.',1,NULL,NULL,4,761),(121,'2016-05-14 10:08:27','Livro não encontrado no mutirão de 01/05/2016',1,NULL,NULL,1,390),(122,'2016-05-14 10:08:27','Livro não encontrado no mutirão de 01/05/2016',1,NULL,NULL,1,278),(123,'2016-05-14 10:08:27','Livro não encontrado no mutirão de 01/05/2016',1,NULL,NULL,1,279),(124,'2016-05-14 10:08:27','Livro não encontrado no mutirão de 01/05/2016',1,NULL,NULL,1,409),(125,'2016-05-14 10:08:27','Livro não encontrado no mutirão de 01/05/2016',1,NULL,NULL,1,76),(126,'2016-05-14 10:08:27','Livro não encontrado no mutirão de 01/05/2016',1,NULL,NULL,1,646),(127,'2016-05-14 10:08:27','Livro não encontrado no mutirão de 01/05/2016',1,NULL,'Livro encontrado',1,661),(128,'2016-05-14 10:08:27','Livro não encontrado no mutirão de 01/05/2016',1,NULL,NULL,1,408),(129,'2016-05-14 10:08:27','Livro não encontrado no mutirão de 01/05/2016',1,NULL,NULL,1,625),(130,'2016-05-14 10:08:27','Livro não encontrado no mutirão de 01/05/2016',1,NULL,NULL,1,626),(131,'2016-05-14 10:08:27','Livro não encontrado no mutirão de 01/05/2016',1,NULL,NULL,1,640),(132,'2016-05-14 10:08:27','Livro não encontrado no mutirão de 01/05/2016',1,NULL,NULL,1,341),(133,'2016-05-14 10:08:27','Livro não encontrado no mutirão de 01/05/2016',1,NULL,NULL,1,613),(134,'2016-05-14 10:08:27','Livro não encontrado no mutirão de 01/05/2016',1,NULL,NULL,1,185),(135,'2016-05-14 10:08:27','Livro não encontrado no mutirão de 01/05/2016',1,NULL,NULL,1,410),(136,'2016-05-14 10:08:27','Livro não encontrado no mutirão de 01/05/2016',1,NULL,NULL,1,194),(137,'2016-05-14 10:08:27','Livro não encontrado no mutirão de 01/05/2016',1,NULL,NULL,1,195),(138,'2016-05-14 10:08:27','Livro não encontrado no mutirão de 01/05/2016',1,NULL,NULL,1,181),(139,'2016-05-14 10:08:27','Livro não encontrado no mutirão de 01/05/2016',1,NULL,NULL,1,63),(140,'2016-05-14 10:08:27','Livro não encontrado no mutirão de 01/05/2016',1,NULL,NULL,1,163),(141,'2016-05-14 10:08:27','Livro não encontrado no mutirão de 01/05/2016',1,NULL,NULL,1,182),(142,'2016-05-14 10:08:27','Livro não encontrado no mutirão de 01/05/2016',1,NULL,NULL,1,588),(143,'2016-05-14 10:08:27','Livro não encontrado no mutirão de 01/05/2016',1,NULL,NULL,1,107),(144,'2016-05-14 10:08:27','Livro não encontrado no mutirão de 01/05/2016',1,NULL,NULL,1,166),(145,'2016-05-14 10:08:27','Livro não encontrado no mutirão de 01/05/2016',1,NULL,NULL,1,167),(146,'2016-05-14 10:08:27','Livro não encontrado no mutirão de 01/05/2016',1,NULL,NULL,1,249),(147,'2016-05-14 10:08:27','Livro não encontrado no mutirão de 01/05/2016',1,NULL,NULL,1,532),(148,'2016-05-14 10:08:27','Livro não encontrado no mutirão de 01/05/2016',1,NULL,NULL,1,403),(149,'2016-05-14 10:08:27','Livro não encontrado no mutirão de 01/05/2016',1,NULL,NULL,1,310),(150,'2016-05-14 10:08:27','Livro não encontrado no mutirão de 01/05/2016',1,NULL,NULL,1,311),(151,'2016-05-14 10:08:27','Livro não encontrado no mutirão de 01/05/2016',1,NULL,NULL,1,553),(152,'2016-05-14 10:08:27','Livro não encontrado no mutirão de 01/05/2016',1,NULL,NULL,1,758),(153,'2016-05-14 10:08:27','Livro não encontrado no mutirão de 01/05/2016',1,NULL,NULL,1,254),(154,'2016-05-14 10:08:27','Livro não encontrado no mutirão de 01/05/2016',1,NULL,NULL,1,255),(155,'2016-05-14 10:08:27','Livro não encontrado no mutirão de 01/05/2016',1,NULL,NULL,1,247),(156,'2016-05-14 10:08:27','Livro não encontrado no mutirão de 01/05/2016',1,NULL,NULL,1,228),(157,'2016-05-14 10:08:27','Livro não encontrado no mutirão de 01/05/2016',1,NULL,NULL,1,230),(158,'2016-05-14 10:08:27','Livro não encontrado no mutirão de 01/05/2016',1,NULL,NULL,1,231),(159,'2016-05-14 10:08:27','Livro não encontrado no mutirão de 01/05/2016',1,NULL,NULL,1,232),(160,'2016-05-14 10:08:27','Livro não encontrado no mutirão de 01/05/2016',1,NULL,NULL,1,654),(161,'2016-05-14 10:08:27','Livro não encontrado no mutirão de 01/05/2016',1,NULL,NULL,1,743),(162,'2016-05-14 10:08:27','Livro não encontrado no mutirão de 01/05/2016',1,NULL,NULL,1,745),(163,'2016-05-14 10:08:27','Livro não encontrado no mutirão de 01/05/2016',1,NULL,NULL,1,556),(164,'2016-05-14 10:08:27','Livro não encontrado no mutirão de 01/05/2016',1,NULL,NULL,1,606),(165,'2016-05-14 10:08:27','Livro não encontrado no mutirão de 01/05/2016',1,NULL,NULL,1,620),(166,'2016-05-14 10:08:27','Livro não encontrado no mutirão de 01/05/2016',1,NULL,NULL,1,507),(167,'2016-05-14 10:08:27','Livro não encontrado no mutirão de 01/05/2016',1,NULL,NULL,1,508),(168,'2016-05-14 10:08:27','Livro não encontrado no mutirão de 01/05/2016',1,'2016-08-06 00:00:00','Livro encontrado',1,131),(169,'2016-05-14 10:08:27','Livro não encontrado no mutirão de 01/05/2016',1,NULL,NULL,1,212),(170,'2016-05-14 10:08:27','Livro não encontrado no mutirão de 01/05/2016',1,NULL,NULL,1,682),(171,'2016-05-14 10:08:27','Livro não encontrado no mutirão de 01/05/2016',1,NULL,NULL,1,82),(172,'2016-05-14 10:08:27','Livro não encontrado no mutirão de 01/05/2016',1,NULL,NULL,1,762),(173,'2016-05-14 10:08:27','Livro não encontrado no mutirão de 01/05/2016',1,NULL,NULL,1,301),(174,'2016-05-14 10:08:27','Livro não encontrado no mutirão de 01/05/2016',1,NULL,NULL,1,472),(175,'2016-05-14 10:08:27','Livro não encontrado no mutirão de 01/05/2016',1,NULL,NULL,1,641),(176,'2016-05-14 10:08:27','Livro não encontrado no mutirão de 01/05/2016',1,NULL,NULL,1,210),(177,'2016-05-14 10:08:27','Livro não encontrado no mutirão de 01/05/2016',1,NULL,NULL,1,86),(178,'2016-05-14 10:08:27','Livro não encontrado no mutirão de 01/05/2016',1,NULL,NULL,1,623),(179,'2016-05-14 10:08:27','Livro não encontrado no mutirão de 01/05/2016',1,NULL,NULL,1,624),(180,'2016-05-14 10:08:27','Livro não encontrado no mutirão de 01/05/2016',1,NULL,NULL,1,632),(181,'2016-05-14 10:08:27','Livro não encontrado no mutirão de 01/05/2016',1,NULL,NULL,1,546),(182,'2016-05-14 10:08:27','Livro não encontrado no mutirão de 01/05/2016',1,NULL,NULL,1,276),(183,'2016-05-14 10:08:27','Livro não encontrado no mutirão de 01/05/2016',1,NULL,NULL,1,358),(184,'2016-05-14 10:08:27','Livro não encontrado no mutirão de 01/05/2016',1,NULL,NULL,1,621),(185,'2016-05-14 10:08:27','Livro não encontrado no mutirão de 01/05/2016',1,NULL,NULL,1,622),(186,'2016-05-14 10:08:27','Livro não encontrado no mutirão de 01/05/2016',1,NULL,NULL,1,270),(187,'2016-05-14 10:08:27','Livro não encontrado no mutirão de 01/05/2016',1,NULL,NULL,1,542),(188,'2016-05-14 10:08:27','Livro não encontrado no mutirão de 01/05/2016',1,NULL,NULL,1,451),(189,'2016-05-14 10:08:27','Livro não encontrado no mutirão de 01/05/2016',1,NULL,NULL,1,176),(190,'2016-05-14 10:08:27','Livro não encontrado no mutirão de 01/05/2016',1,NULL,NULL,1,238),(191,'2016-05-14 10:08:27','Livro não encontrado no mutirão de 01/05/2016',1,NULL,NULL,1,468),(192,'2016-05-14 10:08:27','Livro não encontrado no mutirão de 01/05/2016',1,NULL,NULL,1,522),(193,'2016-05-14 10:08:27','Livro não encontrado no mutirão de 01/05/2016',1,NULL,NULL,1,294),(194,'2016-05-14 10:08:27','Livro não encontrado no mutirão de 01/05/2016',1,NULL,NULL,1,297),(195,'2016-05-14 10:08:27','Livro não encontrado no mutirão de 01/05/2016',1,NULL,NULL,1,298),(196,'2016-05-14 10:08:27','Livro não encontrado no mutirão de 01/05/2016',1,NULL,NULL,1,367),(197,'2016-05-14 10:08:27','Livro não encontrado no mutirão de 01/05/2016',1,NULL,NULL,1,643),(198,'2016-05-14 10:08:27','Livro não encontrado no mutirão de 01/05/2016',1,NULL,NULL,1,280),(199,'2016-05-14 10:08:27','Livro não encontrado no mutirão de 01/05/2016',1,NULL,NULL,1,545),(200,'2016-05-14 10:08:27','Livro não encontrado no mutirão de 01/05/2016',1,NULL,NULL,1,393),(201,'2016-05-14 10:08:27','Livro não encontrado no mutirão de 01/05/2016',1,NULL,NULL,1,214),(202,'2016-05-14 10:08:27','Livro não encontrado no mutirão de 01/05/2016',1,NULL,NULL,1,216),(203,'2016-05-14 10:08:27','Livro não encontrado no mutirão de 01/05/2016',1,NULL,NULL,1,217),(204,'2016-05-14 10:08:27','Livro não encontrado no mutirão de 01/05/2016',1,NULL,NULL,1,433),(205,'2016-05-14 10:08:27','Livro não encontrado no mutirão de 01/05/2016',1,NULL,NULL,1,434),(206,'2016-05-14 10:08:27','Livro não encontrado no mutirão de 01/05/2016',1,NULL,NULL,1,256),(207,'2016-05-14 10:08:27','Livro não encontrado no mutirão de 01/05/2016',1,NULL,NULL,1,293),(208,'2016-05-14 10:08:27','Livro não encontrado no mutirão de 01/05/2016',1,NULL,NULL,1,414),(209,'2016-05-14 10:08:27','Livro não encontrado no mutirão de 01/05/2016',1,NULL,NULL,1,352),(210,'2016-05-14 10:08:27','Livro não encontrado no mutirão de 01/05/2016',1,NULL,NULL,1,391),(211,'2016-05-14 10:08:27','Livro não encontrado no mutirão de 01/05/2016',1,NULL,NULL,1,346),(212,'2016-05-14 10:08:27','Livro não encontrado no mutirão de 01/05/2016',1,NULL,NULL,1,426),(213,'2016-05-14 10:08:27','Livro não encontrado no mutirão de 01/05/2016',1,NULL,NULL,1,112),(214,'2016-05-14 10:08:27','Livro não encontrado no mutirão de 01/05/2016',1,NULL,NULL,1,487),(215,'2016-05-14 10:08:27','Livro não encontrado no mutirão de 01/05/2016',1,NULL,NULL,1,353),(216,'2016-05-14 10:08:27','Livro não encontrado no mutirão de 01/05/2016',1,NULL,NULL,1,93),(217,'2016-05-14 10:08:27','Livro não encontrado no mutirão de 01/05/2016',1,NULL,NULL,1,354),(218,'2016-05-14 10:08:27','Livro não encontrado no mutirão de 01/05/2016',1,NULL,NULL,1,348),(219,'2016-05-14 10:08:27','Livro não encontrado no mutirão de 01/05/2016',1,NULL,NULL,1,647),(220,'2016-05-14 10:08:27','Livro não encontrado no mutirão de 01/05/2016',1,NULL,NULL,1,750),(221,'2016-05-14 10:08:27','Livro não encontrado no mutirão de 01/05/2016',1,'2016-10-15 00:00:00','Livro encontrado',1,154),(222,'2016-05-14 10:08:27','Livro não encontrado no mutirão de 01/05/2016',1,NULL,NULL,1,359),(223,'2016-05-14 10:08:27','Livro não encontrado no mutirão de 01/05/2016',1,NULL,NULL,1,320),(224,'2016-05-14 10:08:27','Livro não encontrado no mutirão de 01/05/2016',1,NULL,NULL,1,321),(225,'2016-05-14 10:08:27','Livro não encontrado no mutirão de 01/05/2016',1,NULL,NULL,1,187),(226,'2016-05-14 10:08:27','Livro não encontrado no mutirão de 01/05/2016',1,NULL,NULL,1,333),(227,'2016-05-14 10:08:27','Livro não encontrado no mutirão de 01/05/2016',1,NULL,NULL,1,611),(228,'2016-05-14 10:08:27','Livro não encontrado no mutirão de 01/05/2016',1,NULL,NULL,1,561),(229,'2016-05-14 10:08:27','Livro não encontrado no mutirão de 01/05/2016',1,NULL,NULL,1,77),(230,'2016-05-14 10:08:27','Livro não encontrado no mutirão de 01/05/2016',1,NULL,NULL,1,733),(231,'2016-05-14 10:08:27','Livro não encontrado no mutirão de 01/05/2016',1,'2016-06-18 00:00:00','livro encontrado',1,655),(232,'2016-05-14 10:08:27','Livro não encontrado no mutirão de 01/05/2016',1,NULL,NULL,1,302),(233,'2016-05-14 10:08:27','Livro não encontrado no mutirão de 01/05/2016',1,NULL,NULL,1,303),(234,'2016-05-14 10:08:27','Livro não encontrado no mutirão de 01/05/2016',1,NULL,NULL,1,638),(235,'2016-05-14 10:08:27','Livro não encontrado no mutirão de 01/05/2016',1,NULL,NULL,1,315),(236,'2016-05-14 10:08:27','Livro não encontrado no mutirão de 01/05/2016',1,NULL,NULL,1,316),(237,'2016-05-14 10:08:27','Livro não encontrado no mutirão de 01/05/2016',1,NULL,NULL,1,73),(238,'2016-05-14 10:08:27','Livro não encontrado no mutirão de 01/05/2016',1,NULL,NULL,1,543),(239,'2016-05-14 10:08:27','Livro não encontrado no mutirão de 01/05/2016',1,NULL,NULL,1,609),(240,'2016-05-14 10:08:27','Livro não encontrado no mutirão de 01/05/2016',1,NULL,NULL,1,669),(241,'2016-05-14 10:08:27','Livro não encontrado no mutirão de 01/05/2016',1,NULL,NULL,1,224),(242,'2016-05-14 10:08:27','Livro não encontrado no mutirão de 01/05/2016',1,NULL,NULL,1,225),(243,'2016-05-14 10:08:27','Livro não encontrado no mutirão de 01/05/2016',1,NULL,NULL,1,226),(244,'2016-05-14 10:08:27','Livro não encontrado no mutirão de 01/05/2016',1,NULL,NULL,1,227),(245,'2016-05-14 10:08:27','Livro não encontrado no mutirão de 01/05/2016',1,NULL,NULL,1,395),(246,'2016-05-14 10:08:27','Livro não encontrado no mutirão de 01/05/2016',1,NULL,NULL,1,489),(247,'2016-05-14 10:08:27','Livro não encontrado no mutirão de 01/05/2016',1,NULL,NULL,1,350),(248,'2016-05-14 10:08:27','Livro não encontrado no mutirão de 01/05/2016',1,NULL,NULL,1,653),(249,'2016-05-14 10:08:27','Livro não encontrado no mutirão de 01/05/2016',1,NULL,NULL,1,662),(250,'2016-05-14 10:08:27','Livro não encontrado no mutirão de 01/05/2016',1,NULL,NULL,1,186),(251,'2016-05-14 10:08:27','Livro não encontrado no mutirão de 01/05/2016',1,NULL,NULL,1,389),(252,'2016-05-14 10:08:27','Livro não encontrado no mutirão de 01/05/2016',1,NULL,NULL,1,455),(253,'2016-05-14 10:08:27','Livro não encontrado no mutirão de 01/05/2016',1,NULL,NULL,1,538),(254,'2016-05-21 10:33:43','Livro perdido pelo evangelizando e substituído: A Vida Fala II. ',1,NULL,NULL,4,60),(255,'2016-06-18 11:12:57','Evangelizanda perdeu o livro e efetuou reposição pelo: Meu Pequeno Evangelho',1,NULL,NULL,4,162),(256,'2016-06-18 11:13:11','Evangelizanda perdeu o livro e efetuou reposição pelo: Meu Pequeno Evangelho',1,NULL,NULL,4,242),(257,'2016-10-01 09:44:06','Livro perdido. Reposição realizada com o livro: Meu Avô Desencarnou - ex:3',1,NULL,NULL,4,190),(258,'2017-03-11 10:41:07','Gerar exemplar\n',1,NULL,NULL,4,827),(259,'2017-03-11 10:41:55','Erro\n\n',1,NULL,NULL,4,824),(260,'2017-03-11 10:42:08','erro',1,NULL,NULL,4,261),(261,'2017-03-11 10:46:31','Erros',1,NULL,NULL,4,517),(262,'2017-03-11 10:46:31','Erros',1,NULL,NULL,4,136),(263,'2017-03-11 10:46:31','Erros',1,NULL,NULL,4,319),(264,'2017-03-11 10:46:31','Erros',1,NULL,NULL,4,786),(265,'2017-03-11 10:46:31','Erros',1,NULL,NULL,4,500),(266,'2017-03-11 10:46:31','Erros',1,NULL,NULL,4,595),(267,'2017-03-11 10:46:31','Erros',1,NULL,NULL,4,127),(268,'2017-03-11 10:46:31','Erros',1,NULL,NULL,4,78),(269,'2017-03-11 10:46:31','Erros',1,NULL,NULL,4,62),(270,'2017-03-11 10:46:31','Erros',1,NULL,NULL,4,764),(271,'2017-03-11 10:46:31','Erros',1,NULL,NULL,4,277),(272,'2017-03-11 10:46:31','Erros',1,NULL,NULL,4,722),(273,'2017-03-11 10:46:31','Erros',1,NULL,NULL,4,723),(274,'2017-03-11 10:46:31','Erros',1,NULL,NULL,4,491),(275,'2017-03-11 10:46:31','Erros',1,NULL,NULL,4,492),(276,'2017-03-11 10:46:31','Erros',1,NULL,NULL,4,496),(277,'2017-03-11 10:46:31','Erros',1,NULL,NULL,4,419),(278,'2017-03-11 10:46:31','Erros',1,NULL,NULL,4,710),(279,'2017-03-11 10:46:31','Erros',1,NULL,NULL,4,725),(280,'2017-03-11 10:46:31','Erros',1,NULL,NULL,4,726),(281,'2017-03-11 10:46:31','Erros',1,NULL,NULL,4,573),(282,'2017-03-11 10:46:31','Erros',1,NULL,NULL,4,415),(283,'2017-03-11 10:46:31','Erros',1,NULL,NULL,4,661),(284,'2017-03-11 10:46:31','Erros',1,NULL,NULL,4,116),(285,'2017-03-11 10:46:31','Erros',1,NULL,NULL,4,805),(286,'2017-03-11 10:46:31','Erros',1,NULL,NULL,4,357),(287,'2017-03-11 10:46:31','Erros',1,NULL,NULL,4,616),(288,'2017-03-11 10:46:31','Erros',1,NULL,NULL,4,719),(289,'2017-03-11 10:46:31','Erros',1,NULL,NULL,4,481),(290,'2017-03-11 10:46:31','Erros',1,NULL,NULL,4,284),(291,'2017-03-11 10:46:31','Erros',1,NULL,NULL,4,360),(292,'2017-03-11 10:46:31','Erros',1,NULL,NULL,4,667),(293,'2017-03-11 10:46:31','Erros',1,NULL,NULL,4,338),(294,'2017-03-11 10:46:31','Erros',1,NULL,NULL,4,778),(295,'2017-03-11 10:46:31','Erros',1,NULL,NULL,4,648),(296,'2017-03-11 10:46:31','Erros',1,NULL,NULL,4,64),(297,'2017-03-11 10:46:31','Erros',1,NULL,NULL,4,633),(298,'2017-03-11 10:46:31','Erros',1,NULL,NULL,4,634),(299,'2017-03-11 10:46:31','Erros',1,NULL,NULL,4,663),(300,'2017-03-11 10:46:31','Erros',1,NULL,NULL,4,731),(301,'2017-03-11 10:46:31','Erros',1,NULL,NULL,4,732),(302,'2017-03-11 10:46:31','Erros',1,NULL,NULL,4,615),(303,'2017-03-11 10:46:31','Erros',1,NULL,NULL,4,568),(304,'2017-03-11 10:46:31','Erros',1,NULL,NULL,4,158),(305,'2017-03-11 10:46:31','Erros',1,NULL,NULL,4,693),(306,'2017-03-11 10:46:31','Erros',1,NULL,NULL,4,790),(307,'2017-03-11 10:46:31','Erros',1,NULL,NULL,4,781),(308,'2017-03-11 10:46:31','Erros',1,NULL,NULL,4,75),(309,'2017-03-11 10:46:31','Erros',1,NULL,NULL,4,369),(310,'2017-03-11 10:46:31','Erros',1,NULL,NULL,4,484),(311,'2017-03-11 10:46:31','Erros',1,NULL,NULL,4,664),(312,'2017-03-11 10:46:31','Erros',1,NULL,NULL,4,192),(313,'2017-03-11 10:46:31','Erros',1,NULL,NULL,4,193),(314,'2017-03-11 10:46:31','Erros',1,NULL,NULL,4,506),(315,'2017-03-11 10:46:31','Erros',1,NULL,NULL,4,151),(316,'2017-03-11 10:46:31','Erros',1,NULL,NULL,4,782),(317,'2017-03-11 10:46:31','Erros',1,NULL,NULL,4,476),(318,'2017-03-11 10:46:31','Erros',1,NULL,NULL,4,381),(319,'2017-03-11 10:46:31','Erros',1,NULL,NULL,4,505),(320,'2017-03-11 10:46:31','Erros',1,NULL,NULL,4,698),(321,'2017-03-11 10:46:31','Erros',1,NULL,NULL,4,373),(322,'2017-03-11 10:46:31','Erros',1,NULL,NULL,4,374),(323,'2017-03-11 10:46:31','Erros',1,NULL,NULL,4,91),(324,'2017-03-11 10:46:31','Erros',1,NULL,NULL,4,586),(325,'2017-03-11 10:46:31','Erros',1,NULL,NULL,4,587),(326,'2017-03-11 10:46:31','Erros',1,NULL,NULL,4,769),(327,'2017-03-11 10:46:31','Erros',1,NULL,NULL,4,83),(328,'2017-03-11 10:46:31','Erros',1,NULL,NULL,4,205),(329,'2017-03-11 10:46:31','Erros',1,NULL,NULL,4,222),(330,'2017-03-11 10:46:31','Erros',1,NULL,NULL,4,223),(331,'2017-03-11 10:46:31','Erros',1,NULL,NULL,4,340),(332,'2017-03-11 10:46:31','Erros',1,NULL,NULL,4,771),(333,'2017-03-11 10:46:31','Erros',1,NULL,NULL,4,184),(334,'2017-03-11 10:46:31','Erros',1,NULL,NULL,4,411),(335,'2017-03-11 10:46:31','Erros',1,NULL,NULL,4,196),(336,'2017-03-11 10:46:31','Erros',1,NULL,NULL,4,816),(337,'2017-03-11 10:46:31','Erros',1,NULL,NULL,4,822),(338,'2017-03-11 10:46:31','Erros',1,NULL,NULL,4,584),(339,'2017-03-11 10:46:31','Erros',1,NULL,NULL,4,306),(340,'2017-03-11 10:46:31','Erros',1,NULL,NULL,4,752),(341,'2017-03-11 10:46:31','Erros',1,NULL,NULL,4,146),(342,'2017-03-11 10:46:31','Erros',1,NULL,NULL,4,183),(343,'2017-03-11 10:46:31','Erros',1,NULL,NULL,4,815),(344,'2017-03-11 10:46:31','Erros',1,NULL,NULL,4,440),(345,'2017-03-11 10:46:31','Erros',1,NULL,NULL,4,657),(346,'2017-03-11 10:46:31','Erros',1,NULL,NULL,4,286),(347,'2017-03-11 10:46:31','Erros',1,NULL,NULL,4,526),(348,'2017-03-11 10:46:31','Erros',1,NULL,NULL,4,81),(349,'2017-03-11 10:46:31','Erros',1,NULL,NULL,4,259),(350,'2017-03-11 10:46:31','Erros',1,NULL,NULL,4,678),(351,'2017-03-11 10:46:31','Erros',1,NULL,NULL,4,605),(352,'2017-03-11 10:46:31','Erros',1,NULL,NULL,4,161),(353,'2017-03-11 10:46:31','Erros',1,NULL,NULL,4,511),(354,'2017-03-11 10:46:31','Erros',1,NULL,NULL,4,519),(355,'2017-03-11 10:46:31','Erros',1,NULL,NULL,4,818),(356,'2017-03-11 10:46:31','Erros',1,NULL,NULL,4,820),(357,'2017-03-11 10:46:31','Erros',1,NULL,NULL,4,819),(358,'2017-03-11 10:46:31','Erros',1,NULL,NULL,4,829),(359,'2017-03-11 10:46:31','Erros',1,NULL,NULL,4,830),(360,'2017-03-11 10:46:31','Erros',1,NULL,NULL,4,825),(361,'2017-03-11 10:46:31','Erros',1,NULL,NULL,4,388),(362,'2017-03-11 10:46:31','Erros',1,NULL,NULL,4,493),(363,'2017-03-11 10:46:31','Erros',1,NULL,NULL,4,106),(364,'2017-03-11 10:46:31','Erros',1,NULL,NULL,4,147),(365,'2017-03-11 10:46:31','Erros',1,NULL,NULL,4,612),(366,'2017-03-11 10:46:31','Erros',1,NULL,NULL,4,165),(367,'2017-03-11 10:46:31','Erros',1,NULL,NULL,4,527),(368,'2017-03-11 10:46:31','Erros',1,NULL,NULL,4,324),(369,'2017-03-11 10:46:31','Erros',1,NULL,NULL,4,597),(370,'2017-03-11 10:46:31','Erros',1,NULL,NULL,4,74),(371,'2017-03-11 10:46:31','Erros',1,NULL,NULL,4,652),(372,'2017-03-11 10:46:31','Erros',1,NULL,NULL,4,696),(373,'2017-03-11 10:46:31','Erros',1,NULL,NULL,4,770),(374,'2017-03-11 10:46:31','Erros',1,NULL,NULL,4,157),(375,'2017-03-11 10:46:31','Erros',1,NULL,NULL,4,273),(376,'2017-03-11 10:46:31','Erros',1,NULL,NULL,4,404),(377,'2017-03-11 10:46:31','Erros',1,NULL,NULL,4,751),(378,'2017-03-11 10:46:31','Erros',1,NULL,NULL,4,768),(379,'2017-03-11 10:46:31','Erros',1,NULL,NULL,4,262),(380,'2017-03-11 10:46:31','Erros',1,NULL,NULL,4,717),(381,'2017-03-11 10:46:31','Erros',1,NULL,NULL,4,123),(382,'2017-03-11 10:46:31','Erros',1,NULL,NULL,4,172),(383,'2017-03-11 10:46:31','Erros',1,NULL,NULL,4,120),(384,'2017-03-11 10:46:31','Erros',1,NULL,NULL,4,739),(385,'2017-03-11 10:46:31','Erros',1,NULL,NULL,4,740),(386,'2017-03-11 10:46:31','Erros',1,NULL,NULL,4,741),(387,'2017-03-11 10:46:31','Erros',1,NULL,NULL,4,252),(388,'2017-03-11 10:46:31','Erros',1,NULL,NULL,4,253),(389,'2017-03-11 10:46:31','Erros',1,NULL,NULL,4,513),(390,'2017-03-11 10:46:31','Erros',1,NULL,NULL,4,407),(391,'2017-03-11 10:46:31','Erros',1,NULL,NULL,4,485),(392,'2017-03-11 10:46:31','Erros',1,NULL,NULL,4,189),(393,'2017-03-11 10:46:31','Erros',1,NULL,NULL,4,557),(394,'2017-03-11 10:46:31','Erros',1,NULL,NULL,4,307),(395,'2017-03-11 10:46:31','Erros',1,NULL,NULL,4,337),(396,'2017-03-11 10:46:31','Erros',1,NULL,NULL,4,312),(397,'2017-03-11 10:46:31','Erros',1,NULL,NULL,4,234),(398,'2017-03-11 10:46:31','Erros',1,NULL,NULL,4,235),(399,'2017-03-11 10:46:31','Erros',1,NULL,NULL,4,236),(400,'2017-03-11 10:46:31','Erros',1,NULL,NULL,4,89),(401,'2017-03-11 10:46:31','Erros',1,NULL,NULL,4,823),(402,'2017-03-11 10:46:31','Erros',1,NULL,NULL,4,701),(403,'2017-03-11 10:46:31','Erros',1,NULL,NULL,4,787),(404,'2017-03-11 10:46:31','Erros',1,NULL,NULL,4,772),(405,'2017-03-11 10:46:31','Erros',1,NULL,NULL,4,757),(406,'2017-03-11 10:46:31','Erros',1,NULL,NULL,4,651),(407,'2017-03-11 10:46:31','Erros',1,NULL,NULL,4,109),(408,'2017-03-11 10:46:31','Erros',1,NULL,NULL,4,494),(409,'2017-03-11 10:46:31','Erros',1,NULL,NULL,4,576),(410,'2017-03-11 10:46:31','Erros',1,NULL,NULL,4,599),(411,'2017-03-11 10:46:31','Erros',1,NULL,NULL,4,387),(412,'2017-03-11 10:46:31','Erros',1,NULL,NULL,4,742),(413,'2017-03-11 10:46:31','Erros',1,NULL,NULL,4,551),(414,'2017-03-11 10:46:31','Erros',1,NULL,NULL,4,126),(415,'2017-03-11 10:46:31','Erros',1,NULL,NULL,4,514),(416,'2017-03-11 10:46:31','Erros',1,NULL,NULL,4,744),(417,'2017-03-11 10:46:31','Erros',1,NULL,NULL,4,464),(418,'2017-03-11 10:46:31','Erros',1,NULL,NULL,4,269),(419,'2017-03-11 10:46:31','Erros',1,NULL,NULL,4,660),(420,'2017-03-11 10:46:31','Erros',1,NULL,NULL,4,177),(421,'2017-03-11 10:46:31','Erros',1,NULL,NULL,4,601),(422,'2017-03-11 10:46:31','Erros',1,NULL,NULL,4,134),(423,'2017-03-11 10:46:31','Erros',1,NULL,NULL,4,454),(424,'2017-03-11 10:46:31','Erros',1,NULL,NULL,4,363),(425,'2017-03-11 10:46:31','Erros',1,NULL,NULL,4,239),(426,'2017-03-11 10:46:31','Erros',1,NULL,NULL,4,627),(427,'2017-03-11 10:46:31','Erros',1,NULL,NULL,4,88),(428,'2017-03-11 10:46:31','Erros',1,NULL,NULL,4,704),(429,'2017-03-11 10:46:31','Erros',1,NULL,NULL,4,509),(430,'2017-03-11 10:46:31','Erros',1,NULL,NULL,4,607),(431,'2017-03-11 10:46:31','Erros',1,NULL,NULL,4,512),(432,'2017-03-11 10:46:31','Erros',1,NULL,NULL,4,729),(433,'2017-03-11 10:46:31','Erros',1,NULL,NULL,4,730),(434,'2017-03-11 10:46:31','Erros',1,NULL,NULL,4,699),(435,'2017-03-11 10:46:31','Erros',1,NULL,NULL,4,180),(436,'2017-03-11 10:46:31','Erros',1,NULL,NULL,4,153),(437,'2017-03-11 10:46:31','Erros',1,NULL,NULL,4,421),(438,'2017-03-11 10:46:31','Erros',1,NULL,NULL,4,765),(439,'2017-03-11 10:46:31','Erros',1,NULL,NULL,4,131),(440,'2017-03-11 10:46:31','Erros',1,NULL,NULL,4,67),(441,'2017-03-11 10:46:31','Erros',1,NULL,NULL,4,71),(442,'2017-03-11 10:46:31','Erros',1,NULL,NULL,4,218),(443,'2017-03-11 10:46:31','Erros',1,NULL,NULL,4,219),(444,'2017-03-11 10:46:31','Erros',1,NULL,NULL,4,817),(445,'2017-03-11 10:46:31','Erros',1,NULL,NULL,4,497),(446,'2017-03-11 10:46:31','Erros',1,NULL,NULL,4,498),(447,'2017-03-11 10:46:31','Erros',1,NULL,NULL,4,680),(448,'2017-03-11 10:46:31','Erros',1,NULL,NULL,4,734),(449,'2017-03-11 10:46:31','Erros',1,NULL,NULL,4,735),(450,'2017-03-11 10:46:31','Erros',1,NULL,NULL,4,747),(451,'2017-03-11 10:46:31','Erros',1,NULL,NULL,4,792),(452,'2017-03-11 10:46:31','Erros',1,NULL,NULL,4,795),(453,'2017-03-11 10:46:31','Erros',1,NULL,NULL,4,796),(454,'2017-03-11 10:46:31','Erros',1,NULL,NULL,4,791),(455,'2017-03-11 10:46:31','Erros',1,NULL,NULL,4,794),(456,'2017-03-11 10:46:31','Erros',1,NULL,NULL,4,797),(457,'2017-03-11 10:46:31','Erros',1,NULL,NULL,4,793),(458,'2017-03-11 10:46:31','Erros',1,NULL,NULL,4,713),(459,'2017-03-11 10:46:31','Erros',1,NULL,NULL,4,155),(460,'2017-03-11 10:46:31','Erros',1,NULL,NULL,4,706),(461,'2017-03-11 10:46:31','Erros',1,NULL,NULL,4,288),(462,'2017-03-11 10:46:31','Erros',1,NULL,NULL,4,308),(463,'2017-03-11 10:46:31','Erros',1,NULL,NULL,4,773),(464,'2017-03-11 10:46:31','Erros',1,NULL,NULL,4,714),(465,'2017-03-11 10:46:31','Erros',1,NULL,NULL,4,436),(466,'2017-03-11 10:46:31','Erros',1,NULL,NULL,4,594),(467,'2017-03-11 10:46:31','Erros',1,NULL,NULL,4,631),(468,'2017-03-11 10:46:31','Erros',1,NULL,NULL,4,748),(469,'2017-03-11 10:46:31','Erros',1,NULL,NULL,4,473),(470,'2017-03-11 10:46:31','Erros',1,NULL,NULL,4,371),(471,'2017-03-11 10:46:31','Erros',1,NULL,NULL,4,287),(472,'2017-03-11 10:46:31','Erros',1,NULL,NULL,4,784),(473,'2017-03-11 10:46:31','Erros',1,NULL,NULL,4,364),(474,'2017-03-11 10:46:31','Erros',1,NULL,NULL,4,365),(475,'2017-03-11 10:46:31','Erros',1,NULL,NULL,4,366),(476,'2017-03-11 10:46:31','Erros',1,NULL,NULL,4,68),(477,'2017-03-11 10:46:31','Erros',1,NULL,NULL,4,130),(478,'2017-03-11 10:46:31','Erros',1,NULL,NULL,4,140),(479,'2017-03-11 10:46:31','Erros',1,NULL,NULL,4,344),(480,'2017-03-11 10:46:31','Erros',1,NULL,NULL,4,534),(481,'2017-03-11 10:46:31','Erros',1,NULL,NULL,4,685),(482,'2017-03-11 10:46:31','Erros',1,NULL,NULL,4,335),(483,'2017-03-11 10:46:31','Erros',1,NULL,NULL,4,442),(484,'2017-03-11 10:46:31','Erros',1,NULL,NULL,4,443),(485,'2017-03-11 10:46:31','Erros',1,NULL,NULL,4,566),(486,'2017-03-11 10:46:31','Erros',1,NULL,NULL,4,399),(487,'2017-03-11 10:46:31','Erros',1,NULL,NULL,4,124),(488,'2017-03-11 10:46:31','Erros',1,NULL,NULL,4,666),(489,'2017-03-11 10:46:31','Erros',1,NULL,NULL,4,402),(490,'2017-03-11 10:46:31','Erros',1,NULL,NULL,4,737),(491,'2017-03-11 10:46:31','Erros',1,NULL,NULL,4,738),(492,'2017-03-11 10:46:31','Erros',1,NULL,NULL,4,639),(493,'2017-03-11 10:46:31','Erros',1,NULL,NULL,4,756),(494,'2017-03-11 10:46:31','Erros',1,NULL,NULL,4,695),(495,'2017-03-11 10:46:31','Erros',1,NULL,NULL,4,727),(496,'2017-03-11 10:46:31','Erros',1,NULL,NULL,4,728),(497,'2017-03-11 10:46:31','Erros',1,NULL,NULL,4,821),(498,'2017-03-11 10:46:31','Erros',1,NULL,NULL,4,689),(499,'2017-03-11 10:46:31','Erros',1,NULL,NULL,4,549),(500,'2017-03-11 10:46:31','Erros',1,NULL,NULL,4,125),(501,'2017-03-11 10:46:31','Erros',1,NULL,NULL,4,753),(502,'2017-03-11 10:46:31','Erros',1,NULL,NULL,4,774),(503,'2017-03-11 10:46:31','Erros',1,NULL,NULL,4,179),(504,'2017-03-11 10:46:31','Erros',1,NULL,NULL,4,435),(505,'2017-03-11 10:46:31','Erros',1,NULL,NULL,4,243),(506,'2017-03-11 10:46:31','Erros',1,NULL,NULL,4,826),(507,'2017-03-11 10:46:31','Erros',1,NULL,NULL,4,828),(508,'2017-03-11 10:46:31','Erros',1,NULL,NULL,4,90),(509,'2017-03-11 10:46:31','Erros',1,NULL,NULL,4,66),(510,'2017-03-11 10:46:31','Erros',1,NULL,NULL,4,521),(511,'2017-03-11 10:46:31','Erros',1,NULL,NULL,4,814),(512,'2017-03-11 10:46:31','Erros',1,NULL,NULL,4,501),(513,'2017-03-11 10:46:31','Erros',1,NULL,NULL,4,712),(514,'2017-03-11 10:46:31','Erros',1,NULL,NULL,4,250),(515,'2017-03-11 10:46:31','Erros',1,NULL,NULL,4,139),(516,'2017-03-11 10:46:31','Erros',1,NULL,NULL,4,191),(517,'2017-03-11 10:46:31','Erros',1,NULL,NULL,4,589),(518,'2017-03-11 10:46:31','Erros',1,NULL,NULL,4,544),(519,'2017-03-11 10:46:31','Erros',1,NULL,NULL,4,209),(520,'2017-03-11 10:46:31','Erros',1,NULL,NULL,4,441),(521,'2017-03-11 10:46:31','Erros',1,NULL,NULL,4,608),(522,'2017-03-11 10:46:31','Erros',1,NULL,NULL,4,397),(523,'2017-03-11 10:46:31','Erros',1,NULL,NULL,4,398),(524,'2017-03-11 10:46:31','Erros',1,NULL,NULL,4,804),(525,'2017-03-11 10:46:31','Erros',1,NULL,NULL,4,681),(526,'2017-03-11 10:46:31','Erros',1,NULL,NULL,4,777),(527,'2017-03-11 10:46:31','Erros',1,NULL,NULL,4,798),(528,'2017-03-11 10:46:31','Erros',1,NULL,NULL,4,478),(529,'2017-03-11 10:46:31','Erros',1,NULL,NULL,4,520),(530,'2017-03-11 10:46:31','Erros',1,NULL,NULL,4,178),(531,'2017-03-11 10:46:31','Erros',1,NULL,NULL,4,720),(532,'2017-03-11 10:46:31','Erros',1,NULL,NULL,4,721),(533,'2017-03-11 10:46:31','Erros',1,NULL,NULL,4,582),(534,'2017-03-11 10:46:31','Erros',1,NULL,NULL,4,610),(535,'2017-03-11 10:46:31','Erros',1,NULL,NULL,4,61),(536,'2017-03-11 10:46:31','Erros',1,NULL,NULL,4,128),(537,'2017-03-11 10:46:31','Erros',1,NULL,NULL,4,802),(538,'2017-03-11 10:46:31','Erros',1,NULL,NULL,4,803),(539,'2017-03-11 10:46:31','Erros',1,NULL,NULL,4,118),(540,'2017-03-11 10:46:31','Erros',1,NULL,NULL,4,800),(541,'2017-03-11 10:46:31','Erros',1,NULL,NULL,4,342),(542,'2017-03-11 10:46:31','Erros',1,NULL,NULL,4,156),(543,'2017-03-11 10:46:31','Erros',1,NULL,NULL,4,417),(544,'2017-03-11 10:46:31','Erros',1,NULL,NULL,4,482),(545,'2017-03-11 10:46:31','Erros',1,NULL,NULL,4,483),(546,'2017-03-11 10:46:31','Erros',1,NULL,NULL,4,676),(547,'2017-03-11 10:46:31','Erros',1,NULL,NULL,4,142),(548,'2017-03-11 10:46:31','Erros',1,NULL,NULL,4,591),(549,'2017-03-11 10:46:31','Erros',1,NULL,NULL,4,463),(550,'2017-03-11 10:46:31','Erros',1,NULL,NULL,4,516),(551,'2017-03-11 10:46:31','Erros',1,NULL,NULL,4,766),(552,'2017-03-11 10:46:31','Erros',1,NULL,NULL,4,580),(553,'2017-03-11 10:46:31','Erros',1,NULL,NULL,4,707),(554,'2017-03-11 10:46:31','Erros',1,NULL,NULL,4,600),(555,'2017-03-11 10:46:31','Erros',1,NULL,NULL,4,110),(556,'2017-03-11 10:46:31','Erros',1,NULL,NULL,4,422),(557,'2017-03-11 10:46:31','Erros',1,NULL,NULL,4,656),(558,'2017-03-11 10:46:31','Erros',1,NULL,NULL,4,759),(559,'2017-03-11 10:46:31','Erros',1,NULL,NULL,4,799),(560,'2017-03-11 10:46:31','Erros',1,NULL,NULL,4,345),(561,'2017-03-11 10:46:31','Erros',1,NULL,NULL,4,266),(562,'2017-03-11 10:46:31','Erros',1,NULL,NULL,4,413),(563,'2017-03-11 10:46:31','Erros',1,NULL,NULL,4,121),(564,'2017-03-11 10:46:31','Erros',1,NULL,NULL,4,697),(565,'2017-03-11 10:46:31','Erros',1,NULL,NULL,4,635),(566,'2017-03-11 10:46:31','Erros',1,NULL,NULL,4,637),(567,'2017-03-11 10:46:31','Erros',1,NULL,NULL,4,84),(568,'2017-03-11 10:46:31','Erros',1,NULL,NULL,4,602),(569,'2017-03-11 10:46:31','Erros',1,NULL,NULL,4,368),(570,'2017-03-11 10:46:31','Erros',1,NULL,NULL,4,596),(571,'2017-03-11 10:46:31','Erros',1,NULL,NULL,4,416),(572,'2017-03-18 09:54:12','Evangelizando perdeu o livro e repôs pelo livro: O Tatu Cavaleiro;',1,NULL,NULL,4,766),(573,'2017-03-18 11:00:35','Livro extraviado.',1,NULL,NULL,4,795),(574,'2017-04-01 09:51:29','Livro extraviado.',1,NULL,NULL,4,68),(575,'2017-04-29 09:59:51','Evangelizando perdeu o livro e repôs: Meu Amigo Secreto é... e Feliz por Obrigação.',1,NULL,NULL,4,452),(576,'2017-08-12 09:46:32','Reposição pelo livro Cavalinho de Flores ex: 3.',1,NULL,NULL,4,591),(577,'2017-08-12 09:53:19','Livro perdido pelo evangelizando Bernado Guimarães e reposto pelo livro A Gotinha do Orvalho ex:2 em 12/08/2017.',1,NULL,NULL,4,694),(578,'2017-10-07 10:38:38','Não aparece para cadastro, erro.',1,NULL,NULL,4,783),(579,'2017-10-14 10:17:16','Não aparece non sistema ',1,NULL,NULL,4,314),(580,'2017-11-18 09:42:10','Livro extraviado. Evangelizando Guilherme Parente repôs os livros.',1,NULL,NULL,4,845),(581,'2017-11-18 09:42:10','Livro extraviado. Evangelizando Guilherme Parente repôs os livros.',1,NULL,NULL,4,845),(582,'2018-03-03 11:10:42','Livro antigo para doação',1,NULL,NULL,4,361),(583,'2018-03-10 09:50:58','Perda',1,NULL,NULL,4,668),(584,'2018-03-17 10:32:11','Livro extraviado pelo envangelizando Jorge Hessen',1,NULL,NULL,4,308),(585,'2018-03-17 10:33:14','Livro extraviado pelo envangelizando Jorge Hessen',1,NULL,NULL,4,725),(586,'2018-03-17 10:33:14','Livro extraviado pelo envangelizando Jorge Hessen',1,NULL,NULL,4,725),(587,'2018-04-14 10:07:14','Livro extraviadoe reposto pelo exemplar 6',1,NULL,NULL,4,634),(588,'2018-04-14 10:07:45','Livro extraviado e reposto pelo exemplar 2',1,NULL,NULL,4,816),(589,'2018-04-21 10:34:44','Livro rasgado',1,NULL,NULL,4,175),(590,'2018-06-16 10:03:04','Livro extraviado.',1,NULL,NULL,4,693),(591,'2018-06-30 09:56:57','Livro perdido e a evangelizanda substitui o livro',1,NULL,NULL,4,124),(592,'2018-08-25 10:34:05','livro extraviado',1,NULL,NULL,4,114),(593,'2018-08-25 10:35:15','livro extraviado',1,NULL,NULL,4,109),(594,'2018-09-08 09:56:01','extraviado\n',1,NULL,NULL,4,878),(595,'2018-09-08 09:59:22','Conteúdo inadequado ',1,NULL,NULL,4,237),(596,'2018-09-08 10:03:50','ERRO DE CADASTRO\n',1,NULL,NULL,4,893),(597,'2018-09-29 10:06:30','Livro perdido pelo evangelizando e reposto',1,NULL,NULL,4,660),(598,'2018-09-29 10:55:21','Livro perdido pelo evangelizando.',1,NULL,NULL,4,131),(599,'2018-10-06 10:26:23','erro na base de dados',1,NULL,NULL,4,896),(600,'2019-03-16 10:09:02','Livro perdido pelo evangelizando',1,NULL,NULL,4,286),(601,'2019-04-06 09:43:12','Livro extravido e reposto por evangelizando',1,NULL,NULL,4,900),(602,'2019-04-06 09:44:44','livro extraviado e reposto',1,NULL,NULL,4,681),(603,'2019-04-06 09:45:49','Livro extraviado e reposto',1,NULL,NULL,4,838),(612,'2019-05-18 10:53:50','Livro perdido por evangelizando Luana e reposto',1,NULL,NULL,4,868),(622,'2019-09-21 10:23:12','Livro desgastado',1,NULL,NULL,4,400),(632,'2019-09-21 10:23:47','Livro desgastado',1,NULL,NULL,4,749),(642,'2019-09-21 10:25:29','Desgastado',1,NULL,NULL,4,842),(652,'2019-09-21 10:26:24','Desgastado',1,NULL,NULL,4,336),(662,'2019-09-21 10:27:03','Desgastado',1,NULL,NULL,4,704),(672,'2019-09-28 10:22:46','Livro desgastado',1,NULL,NULL,4,378),(682,'2019-09-28 10:24:28','Livro desgastado',1,NULL,NULL,4,373),(692,'2019-09-28 10:24:28','Livro desgastado',1,NULL,NULL,4,91),(702,'2019-09-28 10:24:28','Livro desgastado',1,NULL,NULL,4,218),(712,'2019-09-28 10:24:28','Livro desgastado',1,NULL,NULL,4,117),(722,'2019-09-28 10:26:26','Livro desgastado',1,NULL,NULL,4,769),(732,'2019-09-28 10:26:26','Livro desgastado',1,NULL,NULL,4,605),(742,'2019-09-28 10:26:26','Livro desgastado',1,NULL,NULL,4,601),(752,'2019-09-28 10:26:26','Livro desgastado',1,NULL,NULL,4,566),(762,'2019-09-28 10:26:26','Livro desgastado',1,NULL,NULL,4,914),(772,'2019-09-28 10:26:26','Livro desgastado',1,NULL,NULL,4,585),(782,'2019-09-28 10:26:26','Livro desgastado',1,NULL,NULL,4,565),(792,'2019-10-05 12:56:14','Livro desgastado',1,NULL,NULL,1,83),(802,'2019-10-05 12:57:39','Livro desgastado',1,NULL,NULL,1,287),(812,'2019-10-05 12:58:48','Livro desgastado',1,NULL,NULL,1,852),(822,'2019-10-05 12:59:37','Livro desgastado',1,NULL,NULL,1,67),(832,'2019-10-05 13:00:19','Livro desgastado',1,NULL,NULL,1,419),(842,'2019-10-05 13:01:06','Livro desgastado',1,NULL,NULL,1,304),(852,'2019-10-05 13:02:10','Livro desgastado',1,NULL,NULL,1,463),(862,'2019-10-05 13:02:43','Livro desgastado',1,NULL,NULL,1,149),(872,'2019-10-05 13:03:26','Livro desgastado',1,NULL,NULL,1,573),(882,'2019-10-05 13:04:13','Livro desgastado',1,NULL,NULL,1,594),(892,'2019-10-05 13:22:04','Livro desgastado',1,NULL,NULL,1,630),(902,'2019-10-05 13:22:47','Livro desgastado',1,NULL,NULL,1,627),(912,'2019-10-05 13:23:32','Livro desgastado',1,NULL,NULL,1,197),(922,'2019-10-05 13:24:20','Livro desgastado',1,NULL,NULL,1,135),(932,'2019-10-05 13:24:53','Livro desgastado',1,NULL,NULL,1,455),(942,'2019-10-05 13:25:29','Livro desgastado',1,NULL,NULL,1,469),(952,'2019-10-05 13:26:40','Livro desgastado',1,NULL,NULL,1,772),(962,'2019-10-05 13:27:12','Livro desgastado',1,NULL,NULL,1,307),(972,'2019-10-05 13:34:54','Livro desgastado',1,NULL,NULL,1,198),(982,'2019-10-05 13:35:10','Livro desgastado',1,NULL,NULL,1,138),(992,'2019-10-05 13:35:46','Livro desgastado',1,NULL,NULL,1,794),(1002,'2019-10-05 13:36:15','Livro desgastado',1,NULL,NULL,1,253),(1012,'2019-10-05 13:36:55','Livro desgastado',1,NULL,NULL,1,517),(1022,'2019-10-05 13:37:24','Livro desgastado',1,NULL,NULL,1,534),(1032,'2019-10-05 13:38:26','Livro desgastado',1,NULL,NULL,1,79),(1042,'2019-10-05 13:40:00','Livro desgastado',1,NULL,NULL,1,866),(1052,'2019-10-05 13:40:44','Livro desgastado',1,NULL,NULL,1,284),(1062,'2019-10-05 13:41:24','Livro desgastado',1,NULL,NULL,1,180),(1072,'2019-10-05 13:43:28','Livro desgastado',1,NULL,NULL,1,793),(1082,'2019-10-05 13:44:00','Livro desgastado',1,NULL,NULL,1,796),(1092,'2019-10-05 13:44:47','Livro desgastado',1,NULL,NULL,1,792),(1102,'2019-10-05 13:45:51','Livro desgastado',1,NULL,NULL,1,797),(1112,'2019-10-05 13:46:39','Livro desgastado',1,NULL,NULL,1,1202),(1122,'2019-10-05 13:48:43','Livro desgastado',1,NULL,NULL,1,786),(1132,'2019-10-05 13:52:05','Livro desgastado',1,NULL,NULL,1,602),(1142,'2019-10-05 13:52:41','Livro desgastado',1,NULL,NULL,1,290),(1152,'2019-10-05 13:54:09','Livro desgastado',1,NULL,NULL,1,607),(1162,'2019-10-05 13:55:05','Livro desgastado',1,NULL,NULL,1,292),(1172,'2019-10-05 13:57:58','Livro desgastado',1,NULL,NULL,1,374),(1182,'2019-10-05 13:59:07','Livro desgastado',1,NULL,NULL,1,586),(1192,'2019-10-05 13:59:40','Livro desgastado',1,NULL,NULL,1,587),(1202,'2019-10-05 14:00:50','Livro desgastado',1,NULL,NULL,1,221),(1212,'2019-10-05 14:01:29','Livro desgastado',1,NULL,NULL,1,84),(1222,'2019-10-05 14:02:38','Livro desgastado',1,NULL,NULL,1,215),(1232,'2019-10-05 14:03:07','Livro desgastado',1,NULL,NULL,1,526),(1242,'2019-10-05 14:03:44','Livro desgastado',1,NULL,NULL,1,205),(1252,'2019-10-05 14:04:18','Livro desgastado',1,NULL,NULL,1,629),(1262,'2019-10-05 14:10:58','Livro desgastado',1,NULL,NULL,1,443);
/*!40000 ALTER TABLE `baixa_livro` ENABLE KEYS */;
UNLOCK TABLES;

--
-- Table structure for table `ciclo`
--

DROP TABLE IF EXISTS `ciclo`;
/*!40101 SET @saved_cs_client     = @@character_set_client */;
/*!50503 SET character_set_client = utf8mb4 */;
CREATE TABLE `ciclo` (
  `id_ciclo` int(11) NOT NULL AUTO_INCREMENT,
  `no_ciclo` varchar(45) NOT NULL,
  `st_ativo` tinyint(1) NOT NULL,
  PRIMARY KEY (`id_ciclo`)
) ENGINE=InnoDB AUTO_INCREMENT=22 DEFAULT CHARSET=latin1;
/*!40101 SET character_set_client = @saved_cs_client */;

--
-- Dumping data for table `ciclo`
--

LOCK TABLES `ciclo` WRITE;
/*!40000 ALTER TABLE `ciclo` DISABLE KEYS */;
INSERT INTO `ciclo` VALUES (1,'Maternal',1),(2,'Jardim',1),(3,'1º Ciclo',1),(4,'2º Ciclo',1),(5,'3º Ciclo',1),(12,'Pré Juventude',1),(13,'1º Ciclo B',1);
/*!40000 ALTER TABLE `ciclo` ENABLE KEYS */;
UNLOCK TABLES;

--
-- Table structure for table `colaborador`
--

DROP TABLE IF EXISTS `colaborador`;
/*!40101 SET @saved_cs_client     = @@character_set_client */;
/*!50503 SET character_set_client = utf8mb4 */;
CREATE TABLE `colaborador` (
  `id_colaborador` int(11) NOT NULL AUTO_INCREMENT,
  `no_colaborador` text NOT NULL,
  `st_ativo` tinyint(1) NOT NULL,
  `no_endereco` varchar(45) DEFAULT NULL,
  `no_bairro` varchar(20) DEFAULT NULL,
  `no_cidade` varchar(45) DEFAULT NULL,
  `nu_cep` varchar(9) DEFAULT NULL,
  `dt_cadastro` datetime DEFAULT NULL,
  `no_sexo` varchar(10) DEFAULT NULL,
  `nu_fone_res` varchar(14) DEFAULT NULL,
  `nu_fone_cel` varchar(14) DEFAULT NULL,
  `no_email` varchar(45) DEFAULT NULL,
  `id_func` int(11) NOT NULL,
  PRIMARY KEY (`id_colaborador`),
  KEY `fk_colaborador_funcao_atividade1` (`id_func`),
  CONSTRAINT `fk_colaborador_funcao_atividade1` FOREIGN KEY (`id_func`) REFERENCES `funcao_atividade` (`id_func`) ON DELETE NO ACTION ON UPDATE NO ACTION
) ENGINE=InnoDB AUTO_INCREMENT=82 DEFAULT CHARSET=latin1;
/*!40101 SET character_set_client = @saved_cs_client */;

--
-- Dumping data for table `colaborador`
--

LOCK TABLES `colaborador` WRITE;
/*!40000 ALTER TABLE `colaborador` DISABLE KEYS */;
INSERT INTO `colaborador` VALUES (1,'Cezar Zaleski',1,'','','','','2013-01-01 00:00:00','Masculino','','(61) 9999-9999','',1),(5,'Marília',1,NULL,NULL,NULL,'','2013-03-26 14:33:53','Feminino','','','',6),(6,'Kelly ',1,NULL,NULL,NULL,'','2013-03-26 14:34:06','Feminino','','','',6),(7,'André Guilherme',1,NULL,NULL,NULL,'','2013-03-26 14:34:22','Masculino','','','',6),(8,'Nathália',1,NULL,NULL,NULL,'','2013-03-26 14:35:09','Feminino','','','',6),(9,'Wagner',1,NULL,NULL,NULL,'','2013-03-26 14:35:21','Masculino','','','',6),(10,'Izadora ',1,NULL,NULL,NULL,'','2013-03-26 14:35:33','Feminino','','','',6),(11,'João',1,NULL,NULL,NULL,'','2013-03-26 14:35:44','Masculino','','','',6),(12,'Beatriz ',1,NULL,NULL,NULL,'','2013-03-26 14:36:24','Feminino','','','',6),(13,'Sara',1,NULL,NULL,NULL,'','2013-03-26 14:36:35','Feminino','','','',6),(14,'Cristina',1,NULL,NULL,NULL,'','2013-03-26 14:36:56','Feminino','','','',6),(15,'Cristiane',1,NULL,NULL,NULL,'','2013-03-26 14:37:12','Feminino','','','',6),(16,'Kleber',1,NULL,NULL,NULL,'','2013-03-26 14:37:25','Masculino','','','',6),(17,'Grazielle',1,NULL,NULL,NULL,'','2013-03-26 14:37:50','Feminino','','','',6),(18,'Simone',1,NULL,NULL,NULL,'','2013-03-26 14:38:05','Feminino','','','',6),(19,'Karina',1,NULL,NULL,NULL,'','2013-03-26 14:38:36','Feminino','','','',6),(20,'Jessyca',1,NULL,NULL,NULL,'','2013-03-26 14:38:53','Feminino','','','',6),(21,'Grupo Espírita Cristão a Caminho da Luz',1,NULL,NULL,NULL,'','2013-05-10 11:58:37','Masculino','','','',1),(22,'Priscila',1,NULL,NULL,NULL,'','2013-09-21 10:55:22','Feminino','','','',1),(23,'Jussara',1,NULL,NULL,NULL,'','2014-04-19 10:00:50','Feminino','','','',6),(24,'Kilma',1,NULL,NULL,NULL,'','2014-05-24 11:03:11','Feminino','','','',1),(25,'Nayane',1,NULL,NULL,NULL,'','2015-03-10 20:39:14','Feminino','','','',6),(26,'André Guilherme ',0,NULL,NULL,NULL,'','2015-03-10 20:56:19','Masculino','','','',6),(27,'Daniel Freitas',1,NULL,NULL,NULL,'','2015-03-10 20:57:03','Masculino','','','',6),(28,'Guilherme ',1,NULL,NULL,NULL,'','2015-03-11 19:09:37','Masculino','','','',6),(29,'Lyvia Morais ',1,NULL,NULL,NULL,'','2015-03-11 19:33:00','Feminino','','','',6),(30,'Lidía Alexandrina Maia',1,NULL,NULL,NULL,'','2015-03-28 11:00:21','Feminino','','','',6),(31,'Guilherme Ferreira',1,NULL,NULL,NULL,'','2016-02-23 23:32:10','Masculino','','','',6),(32,'Caio Chaves',1,NULL,NULL,NULL,'','2016-02-23 23:33:25','Masculino','','','',6),(33,'Amanda Gabriela de Oliveira Sousa',1,NULL,NULL,NULL,'','2016-03-19 10:26:00','Feminino','','','',1),(34,'Adriana Pereira Lemos de São José',1,'','','','','2016-04-16 10:06:24','Feminino','','','',7),(35,'Daniela Angelo',1,'','','','','2016-04-16 10:07:44','Feminino','','','',7),(36,'Raquel',1,NULL,NULL,NULL,'','2016-05-07 10:48:29','Feminino','','','',6),(37,'Daniele Maia',1,NULL,NULL,NULL,'','2016-05-07 11:07:56','Feminino','','','',7),(38,'Jussara',1,NULL,NULL,NULL,'','2016-10-08 09:34:36','Feminino','','','',7),(39,'Deise Andrade ',1,NULL,NULL,NULL,'','2016-11-05 10:27:34','Feminino','','','',7),(40,'Ruth Rodrigues Mendes Ferreira',1,NULL,NULL,NULL,'','2016-11-05 10:42:46','Feminino','','','',7),(41,'Larissa Ventura',1,NULL,NULL,NULL,'','2017-04-29 10:55:21','Feminino','','','',6),(42,'Alley Morrissey Oliveira',1,NULL,NULL,NULL,'','2018-06-16 09:54:15','Masculino','','','',6),(43,'Luciene ',1,NULL,NULL,NULL,'','2019-03-06 21:47:26','Feminino','','','',6),(44,'Andréia',1,NULL,NULL,NULL,'','2019-03-06 21:49:28','Feminino','','','',6),(45,'Ana Maria Rabelo ',1,NULL,NULL,NULL,'','2019-03-06 21:50:11','Feminino','','','',6),(52,'Luciana Stein',1,NULL,NULL,NULL,'','2020-03-06 20:56:59','Feminino','','','',6),(62,'Ana Maria Rabelo',1,NULL,NULL,NULL,'','2020-03-06 20:58:50','Feminino','','','',6),(72,'Talita Queiroz',1,NULL,NULL,NULL,'','2020-03-06 20:59:16','Feminino','','','',6);
/*!40000 ALTER TABLE `colaborador` ENABLE KEYS */;
UNLOCK TABLES;

--
-- Table structure for table `colaborador_turma`
--

DROP TABLE IF EXISTS `colaborador_turma`;
/*!40101 SET @saved_cs_client     = @@character_set_client */;
/*!50503 SET character_set_client = utf8mb4 */;
CREATE TABLE `colaborador_turma` (
  `id_colaborador_turma` int(11) NOT NULL AUTO_INCREMENT,
  `data_cadastro` datetime NOT NULL,
  `st_ativo` tinyint(1) NOT NULL,
  `id_turma` int(11) NOT NULL,
  `id_colaborador` int(11) NOT NULL,
  `id_usuario` int(11) NOT NULL,
  PRIMARY KEY (`id_colaborador_turma`),
  KEY `fk_colaborador_turma_turma1_idx` (`id_turma`),
  KEY `fk_colaborador_turma_colaborador1_idx` (`id_colaborador`),
  KEY `fk_colaborador_turma_usuario1_idx` (`id_usuario`),
  CONSTRAINT `fk_colaborador_turma_colaborador1` FOREIGN KEY (`id_colaborador`) REFERENCES `colaborador` (`id_colaborador`) ON DELETE NO ACTION ON UPDATE NO ACTION,
  CONSTRAINT `fk_colaborador_turma_turma1` FOREIGN KEY (`id_turma`) REFERENCES `turma` (`id_turma`) ON DELETE NO ACTION ON UPDATE NO ACTION,
  CONSTRAINT `fk_colaborador_turma_usuario1` FOREIGN KEY (`id_usuario`) REFERENCES `usuario` (`id_usuario`) ON DELETE NO ACTION ON UPDATE NO ACTION
) ENGINE=InnoDB AUTO_INCREMENT=314 DEFAULT CHARSET=latin1;
/*!40101 SET character_set_client = @saved_cs_client */;

--
-- Dumping data for table `colaborador_turma`
--

LOCK TABLES `colaborador_turma` WRITE;
/*!40000 ALTER TABLE `colaborador_turma` DISABLE KEYS */;
INSERT INTO `colaborador_turma` VALUES (8,'2013-03-26 14:43:33',1,15,9,1),(9,'2013-03-26 14:43:33',1,15,8,1),(10,'2013-03-26 14:43:33',1,15,11,1),(11,'2013-03-26 14:43:33',1,15,10,1),(12,'2013-03-26 14:45:01',1,16,12,1),(13,'2013-03-26 14:45:01',1,16,13,1),(14,'2013-03-26 14:46:34',1,9,17,1),(15,'2013-03-26 14:46:34',1,9,18,1),(16,'2013-03-26 14:46:34',1,9,19,1),(17,'2013-03-26 14:46:34',1,9,20,1),(18,'2013-03-26 14:47:11',1,14,14,1),(19,'2013-03-26 14:47:11',1,14,15,1),(20,'2013-03-26 14:47:11',1,14,16,1),(21,'2013-03-26 14:47:36',1,13,5,1),(22,'2013-03-26 14:47:36',1,13,7,1),(23,'2013-03-26 14:47:36',1,13,6,1),(25,'2014-03-06 20:58:34',1,18,20,4),(26,'2014-03-06 20:58:34',1,18,15,4),(27,'2014-03-06 20:58:34',1,18,14,4),(28,'2014-03-06 20:59:47',1,19,6,4),(29,'2014-03-06 20:59:47',1,19,5,4),(30,'2014-03-06 20:59:47',1,19,16,4),(32,'2014-03-06 21:02:26',1,21,13,4),(33,'2014-03-06 21:02:26',1,21,22,4),(36,'2014-04-19 10:01:19',1,17,10,4),(37,'2014-04-19 10:01:19',1,17,19,4),(38,'2014-04-19 10:01:19',1,17,23,4),(41,'2015-03-10 20:39:35',1,22,19,1),(42,'2015-03-10 20:39:35',1,22,20,1),(43,'2015-03-10 20:39:35',1,22,25,1),(45,'2015-03-10 20:57:54',1,23,18,1),(46,'2015-03-10 20:57:54',1,23,7,1),(47,'2015-03-10 20:57:54',1,23,27,1),(48,'2015-03-11 18:28:31',1,24,5,4),(49,'2015-03-11 18:28:31',1,24,10,4),(50,'2015-03-11 18:28:32',1,24,15,4),(51,'2015-03-11 19:10:26',1,25,6,4),(52,'2015-03-11 19:10:26',1,25,9,4),(53,'2015-03-11 19:10:26',1,25,28,4),(54,'2015-03-11 19:33:38',1,26,16,4),(55,'2015-03-11 19:33:38',1,26,29,4),(56,'2015-03-11 19:33:38',1,26,23,4),(57,'2016-02-23 23:27:17',1,27,5,4),(58,'2016-02-23 23:27:17',1,27,20,4),(59,'2016-02-23 23:27:17',1,27,28,4),(63,'2016-02-23 23:29:22',1,29,7,4),(64,'2016-02-23 23:29:22',1,29,16,4),(70,'2016-02-23 23:33:44',1,28,9,4),(71,'2016-02-23 23:33:44',1,28,17,4),(72,'2016-02-23 23:33:44',1,28,19,4),(73,'2016-02-23 23:33:44',1,28,32,4),(74,'2016-03-04 23:17:46',1,30,8,4),(75,'2016-03-04 23:17:46',1,30,27,4),(76,'2016-03-04 23:18:03',1,31,6,4),(77,'2016-03-04 23:18:03',1,31,31,4),(78,'2016-03-04 23:18:03',1,31,30,4),(79,'2016-06-04 10:14:49',1,20,17,4),(80,'2017-03-04 00:33:34',1,32,30,4),(81,'2017-03-04 00:33:34',1,32,28,4),(82,'2017-03-04 00:46:14',1,33,5,4),(83,'2017-03-04 00:46:14',1,33,23,4),(84,'2017-03-04 00:46:14',1,33,36,4),(85,'2017-03-04 00:47:47',1,34,8,4),(86,'2017-03-04 00:52:01',1,35,7,4),(87,'2017-03-04 00:52:01',1,35,16,4),(88,'2017-03-04 01:00:48',1,36,19,4),(89,'2017-03-04 01:00:48',1,36,27,4),(90,'2018-03-01 21:53:35',1,37,10,4),(91,'2018-03-01 21:53:35',1,37,30,4),(92,'2018-03-01 21:55:01',1,38,8,4),(93,'2018-03-01 21:55:42',1,39,15,4),(94,'2018-03-01 21:55:42',1,39,16,4),(95,'2018-03-01 21:56:59',1,40,7,4),(96,'2018-03-01 21:57:34',1,41,6,4),(97,'2018-03-01 21:57:34',1,41,19,4),(98,'2019-03-06 21:51:33',1,42,10,4),(99,'2019-03-06 21:51:33',1,42,43,4),(100,'2019-03-06 22:05:01',1,43,8,4),(101,'2019-03-06 22:05:01',1,43,44,4),(102,'2019-03-06 22:20:11',1,44,7,4),(103,'2019-03-06 22:20:11',1,44,19,4),(104,'2019-03-06 22:27:38',1,45,36,4),(105,'2019-03-06 22:27:38',1,45,30,4),(106,'2019-03-06 22:36:54',1,46,6,4),(107,'2019-03-06 22:36:54',1,46,16,4),(108,'2019-03-06 22:36:55',1,46,45,4),(112,'2020-03-06 20:55:55',1,52,10,4),(122,'2020-03-06 20:55:55',1,52,43,4),(132,'2020-03-06 20:57:32',1,62,19,4),(142,'2020-03-06 20:57:32',1,62,52,4),(182,'2020-03-06 21:01:20',1,82,36,4),(192,'2020-03-06 21:01:20',1,82,5,4),(202,'2020-03-06 21:05:15',1,72,62,4),(212,'2020-03-06 21:05:15',1,72,16,4),(222,'2020-03-06 21:05:57',1,92,7,4),(232,'2020-03-06 21:05:58',1,92,72,4),(242,'2020-03-06 21:07:16',1,102,8,4),(254,'2022-03-11 22:00:40',1,114,5,4),(264,'2022-03-11 22:01:31',1,124,10,4),(274,'2022-03-11 22:02:46',1,134,7,4),(284,'2022-03-11 22:03:54',1,144,16,4),(294,'2022-03-11 22:59:47',1,154,36,4),(304,'2022-03-11 23:20:44',1,164,52,4);
/*!40000 ALTER TABLE `colaborador_turma` ENABLE KEYS */;
UNLOCK TABLES;

--
-- Table structure for table `controller`
--

DROP TABLE IF EXISTS `controller`;
/*!40101 SET @saved_cs_client     = @@character_set_client */;
/*!50503 SET character_set_client = utf8mb4 */;
CREATE TABLE `controller` (
  `id_controller` int(11) NOT NULL AUTO_INCREMENT,
  `no_controller` text NOT NULL,
  `no_submodulo` varchar(45) NOT NULL,
  `dt_cadastro` datetime NOT NULL,
  `st_ativo` tinyint(1) NOT NULL,
  `id_modulo` int(11) NOT NULL,
  PRIMARY KEY (`id_controller`),
  KEY `fk_controller_modulo1_idx` (`id_modulo`),
  CONSTRAINT `fk_controller_modulo1` FOREIGN KEY (`id_modulo`) REFERENCES `modulo` (`id_modulo`) ON DELETE NO ACTION ON UPDATE NO ACTION
) ENGINE=InnoDB AUTO_INCREMENT=12 DEFAULT CHARSET=latin1;
/*!40101 SET character_set_client = @saved_cs_client */;

--
-- Dumping data for table `controller`
--

LOCK TABLES `controller` WRITE;
/*!40000 ALTER TABLE `controller` DISABLE KEYS */;
INSERT INTO `controller` VALUES (1,'editora','Editora','2013-01-15 00:00:00',1,4),(2,'autor','Autor','2013-01-15 00:00:00',1,4),(3,'funcao-atividade','Função/Atividade','2013-01-15 00:00:00',1,2),(4,'colaborador','Colaborador','2013-01-15 00:00:00',1,3),(5,'perfil','Perfil','2013-01-19 00:00:00',1,2),(6,'usuario','Usuário','2013-01-25 00:00:00',1,2),(7,'livro','Livro','2013-01-28 00:00:00',1,4),(8,'evangelizando','Evangelizando','2013-02-04 00:00:00',1,3),(9,'turma','Turma','2013-02-04 00:00:00',1,2),(10,'matricula','Matricula','2013-02-06 00:00:00',1,3),(11,'emprestimo','Emprestimo','2013-02-08 00:00:00',1,4);
/*!40000 ALTER TABLE `controller` ENABLE KEYS */;
UNLOCK TABLES;

--
-- Table structure for table `editora`
--

DROP TABLE IF EXISTS `editora`;
/*!40101 SET @saved_cs_client     = @@character_set_client */;
/*!50503 SET character_set_client = utf8mb4 */;
CREATE TABLE `editora` (
  `id_editora` int(11) NOT NULL AUTO_INCREMENT,
  `no_editora` varchar(45) NOT NULL,
  `dt_cadastro` datetime NOT NULL,
  `st_ativo` tinyint(1) NOT NULL,
  PRIMARY KEY (`id_editora`)
) ENGINE=InnoDB AUTO_INCREMENT=242 DEFAULT CHARSET=latin1;
/*!40101 SET character_set_client = @saved_cs_client */;

--
-- Dumping data for table `editora`
--

LOCK TABLES `editora` WRITE;
/*!40000 ALTER TABLE `editora` DISABLE KEYS */;
INSERT INTO `editora` VALUES (18,'Allestrade','2013-07-31 00:33:08',1),(19,'Abacatte','2013-07-31 10:28:47',1),(20,'ABDR','2013-07-31 10:30:47',1),(21,'Abril','2013-07-31 10:31:26',1),(22,'Aliança','2013-07-31 10:31:33',1),(23,'Alira','2013-07-31 10:31:42',1),(24,'André Luiz','2013-07-31 10:31:50',1),(25,'Anna Göbel','2013-07-31 10:32:00',1),(26,'Artmed','2013-07-31 10:32:12',1),(27,'Ática','2013-07-31 10:32:19',1),(28,'Atlan','2013-07-31 10:32:49',1),(29,'Autêntica','2013-07-31 10:32:54',1),(30,'Ave Maria','2013-07-31 10:32:59',1),(31,'Aymará','2013-07-31 10:33:09',1),(32,'Base','2013-07-31 10:33:14',1),(33,'Bertrand Brasil','2013-07-31 10:33:20',1),(34,'Best Book','2013-07-31 10:33:25',1),(35,'Biruta','2013-07-31 10:33:31',1),(36,'Blu Editora','2013-07-31 10:33:38',1),(37,'Bolo com Pudim','2013-07-31 10:33:43',1),(38,'Braga','2013-07-31 10:33:47',1),(39,'Brasil S/A','2013-07-31 10:33:51',1),(40,'BrasiLeitura','2013-07-31 10:34:01',1),(41,'Brinque-Book','2013-07-31 10:34:05',1),(42,'Calis','2013-07-31 10:34:10',1),(43,'CELD','2013-07-31 10:34:20',1),(44,'CIP - Brasil - Catalogações na Fonte','2013-07-31 10:34:28',1),(45,'Ciranda Cultural','2013-07-31 10:34:33',1),(46,'Coleção Itaú de Livros Infantis','2013-07-31 10:34:38',1),(47,'Coleção na Floresta Mágica','2013-07-31 10:34:43',1),(48,'Comboio de Corda','2013-07-31 10:34:47',1),(49,'Companhia das Letrinhas','2013-07-31 10:34:52',1),(50,'Companhia Editora Nacional','2013-07-31 10:34:58',1),(51,'Compor','2013-07-31 10:35:06',1),(52,'Construir','2013-07-31 10:35:25',1),(53,'Correio Fraterno','2013-07-31 10:35:31',1),(54,'Cortez','2013-07-31 10:35:36',1),(55,'Cosacnaify','2013-07-31 10:35:40',1),(56,'DCL','2013-07-31 10:35:44',1),(57,'Demócrito Rocha','2013-07-31 10:35:51',1),(58,'Departamento Editorial Luz no Lar','2013-07-31 10:35:56',1),(59,'Didier','2013-07-31 10:36:00',1),(60,'Difusão Cultural do Livro','2013-07-31 10:36:06',1),(61,'Dimensão','2013-07-31 10:36:15',1),(62,'Do Brasil','2013-07-31 10:36:19',1),(63,'Edelbra','2013-07-31 10:36:24',1),(64,'Edições Paulinas','2013-07-31 10:36:29',1),(65,'Ediouro','2013-07-31 10:36:33',1),(66,'Ediouro Publicações','2013-07-31 10:36:37',1),(67,'Brasil','2013-07-31 10:36:46',1),(68,'Espírita Critã Fonte Viva','2013-07-31 10:36:56',1),(69,'Fapi LTDA','2013-07-31 10:37:04',1),(70,'Fundação Educar','2013-07-31 10:37:11',1),(71,'Globo','2013-07-31 10:37:18',1),(72,'Lê','2013-07-31 10:37:27',1),(73,'RHJ','2013-07-31 10:37:33',1),(74,'Educacional','2013-07-31 10:37:38',1),(75,'Educar','2013-07-31 10:37:43',1),(76,'Elementar','2013-07-31 10:37:48',1),(77,'Embrapa','2013-07-31 10:37:52',1),(78,'EME','2013-07-31 10:37:57',1),(79,'Escala Educacional','2013-07-31 10:38:08',1),(80,'Escola Educacional','2013-07-31 10:38:12',1),(81,'Espírita Cristã Fonte Viva','2013-07-31 10:38:20',1),(82,'Espirita Fonte Viva','2013-07-31 10:38:26',1),(83,'FEB','2013-07-31 10:38:33',1),(84,'FEESP','2013-07-31 10:38:38',1),(85,'FERGS','2013-07-31 10:38:42',1),(86,'Fisher Price','2013-07-31 10:38:47',1),(87,'FNDE','2013-07-31 10:38:52',1),(88,'Frase & Efeito','2013-07-31 10:38:57',1),(89,'Fráter','2013-07-31 10:39:03',1),(90,'FTD','2013-07-31 10:39:08',1),(91,'Gaia','2013-07-31 10:39:13',1),(92,'Gaudí','2013-07-31 10:39:18',1),(93,'GEEM','2013-07-31 10:39:22',1),(94,'Girafinha','2013-07-31 10:39:26',1),(95,'Girassol','2013-07-31 10:39:31',1),(96,'Global','2013-07-31 10:39:35',1),(97,'GMT Editores LTDA','2013-07-31 10:39:46',1),(98,'Gráfica e Editora do Lar/ ABC do Interior','2013-07-31 10:39:51',1),(99,'Gráfica O Popular','2013-07-31 10:39:56',1),(100,'IDE','2013-07-31 10:40:04',1),(101,'Ilustrações','2013-07-31 10:40:08',1),(102,'Inedes','2013-07-31 10:40:13',1),(103,'Instituto de Educação Espírita','2013-07-31 10:40:17',1),(104,'José Olympio','2013-07-31 10:40:21',1),(105,'Kuarup','2013-07-31 10:40:25',1),(106,'L.G.E','2013-07-31 10:40:31',1),(107,'LAKE','2013-07-31 10:40:35',1),(108,'Larousse Júnior','2013-07-31 10:40:40',1),(109,'Lazuli','2013-07-31 10:40:44',1),(110,'Leal','2013-07-31 10:40:51',1),(111,'Léon Denis','2013-07-31 10:40:59',1),(112,'Loyola','2013-08-01 00:22:45',1),(113,'Luz e Vida','2013-08-01 00:22:53',1),(114,'Luz no Lar','2013-08-01 00:23:06',1),(115,'Manati','2013-08-01 00:23:16',1),(116,'Maza','2013-08-01 00:23:25',1),(117,'Melhoramentos','2013-08-01 00:23:30',1),(118,'Mercuryo Jovem','2013-08-01 00:23:36',1),(119,'Minas','2013-08-01 00:23:46',1),(120,'MMA','2013-08-01 00:23:53',1),(121,'Moderna','2013-08-01 00:23:59',1),(122,'Módulo','2013-08-01 00:24:05',1),(123,'Mundo Maior','2013-08-01 00:24:10',1),(124,'Mundo Mirim','2013-08-01 00:24:17',1),(125,'Nacional','2013-08-01 00:24:22',1),(126,'Nova Alexandria','2013-08-01 00:24:28',1),(127,'Nova Fronteira','2013-08-01 00:24:33',1),(128,'Pallas','2013-08-01 00:24:39',1),(129,'Panda Books','2013-08-01 00:24:45',1),(130,'Paulinas','2013-08-01 00:24:51',1),(131,'Paulus','2013-08-01 00:25:04',1),(132,'Petit','2013-08-01 00:25:11',1),(133,'Positivo','2013-08-01 00:25:16',1),(134,'Print House','2013-08-01 00:25:21',1),(135,'Prumo','2013-08-01 00:25:26',1),(136,'Quinteto','2013-08-01 00:25:32',1),(137,'RADHU','2013-08-01 00:25:39',1),(138,'Record','2013-08-01 00:25:45',1),(139,'RHJ','2013-08-01 00:25:52',1),(140,'Richmond','2013-08-01 00:25:58',1),(141,'Sabida','2013-08-01 00:26:04',1),(142,'Salamandra','2013-08-01 00:26:09',1),(143,'Saraiva','2013-08-01 00:26:15',1),(144,'Scipione','2013-08-01 00:26:21',1),(145,'Seed Editorial','2013-08-01 00:26:27',1),(146,'Seicho - No - Ie','2013-08-01 00:26:33',1),(147,'Sextante','2013-08-01 00:26:39',1),(148,'Singular','2013-08-01 00:26:44',1),(149,'SM','2013-08-01 00:26:50',1),(150,'Sociedade Bíblica do Brasil','2013-08-01 00:26:56',1),(151,'Sociedade Literária','2013-08-01 00:27:02',1),(152,'Soler','2013-08-01 00:27:07',1),(153,'Solidum','2013-08-01 00:27:13',1),(154,'Starke Design Editora','2013-08-01 00:27:17',1),(155,'Studio Nobel','2013-08-01 00:27:25',1),(156,'Terapia Infantil','2013-08-01 00:27:30',1),(157,'Thomas Nelson Brasil','2013-08-01 00:27:36',1),(158,'TodoLivro','2013-08-01 00:27:44',1),(159,'UFRGS','2013-08-01 00:27:51',1),(160,'UNO','2013-08-01 00:27:56',1),(161,'Vale das Letras','2013-08-01 00:28:02',1),(162,'Vila Rica','2013-08-01 00:28:08',1),(163,'VON','2013-08-01 00:28:12',1),(164,'Walt Disney','2013-08-01 00:28:19',1),(165,'Zahar','2013-08-01 00:28:30',1),(166,'Zeus','2013-08-01 00:28:35',1),(167,'Zit','2013-08-01 00:28:41',1),(168,'FEP','2013-08-03 10:05:28',1),(169,'teste','2013-08-23 20:49:55',1),(170,'Cristina Del,Isola','2013-08-24 10:16:25',1),(171,'Boa Nova','2013-08-24 10:25:42',1),(172,'Llestrade','2013-08-30 23:48:29',1),(173,'wmfmartinsfontes','2013-09-05 13:12:34',1),(174,'Francisco Spinelli','2013-09-07 10:43:22',1),(175,'Leitura','2013-10-19 10:41:38',1),(176,'W Kids','2013-11-17 09:42:58',1),(177,'Afiliada','2013-11-30 10:29:14',1),(178,'Sonia Santoro','2013-11-30 10:33:30',1),(179,'Geccal','2014-03-08 10:02:03',1),(180,'AUTA DE SOUZA','2014-07-21 21:38:50',1),(181,'Afiliada','2014-07-21 21:42:17',1),(182,'Ciranda Cultural','2014-09-27 10:07:12',1),(183,'Árvore da Vida','2014-09-27 10:13:56',1),(184,'Bicho Esperto','2014-09-27 10:17:17',1),(185,'Edic','2015-05-23 10:29:22',1),(186,'ática','2015-10-24 10:19:02',1),(187,'Alessandra Pontes Roscoe','2015-10-24 10:23:09',1),(188,'Atual','2015-10-24 10:32:32',1),(189,'Conselho Espírita Internacional','2015-11-21 11:01:14',1),(190,'Intelítera','2016-03-05 10:22:01',1),(191,'Livraria Espírita Alvorada','2016-03-19 10:15:50',1),(192,'Aquarela','2016-04-30 09:48:13',1),(193,'Franco','2016-06-25 10:04:12',1),(194,'Paz e Terra','2016-06-25 10:06:26',1),(195,'Dom Dom Dooks','2016-11-05 09:56:29',1),(196,'FEEGO','2016-11-05 10:39:05',1),(197,'Instituto de Difusão Espírita','2017-03-18 10:04:22',1),(198,'SBN','2017-03-18 10:33:37',1),(199,'Projeto','2017-06-17 10:34:34',1),(200,'Magistral','2017-06-24 10:40:10',1),(201,'CEAC','2017-08-19 09:59:06',1),(202,'Letra jovem','2017-08-19 10:01:08',1),(203,'lachatre ','2018-06-02 10:01:04',1),(204,'Allan Kardec','2018-06-30 09:59:05',1),(205,'MAURICIO DE SOUZA','2018-09-08 10:03:02',1),(206,'Fonte Viva','2019-03-30 11:01:18',1),(207,'Letramais','2019-04-27 10:31:06',1),(208,'EBM','2019-04-27 10:32:41',1),(209,'AME','2019-04-27 10:34:59',1),(212,'Butterfly','2019-05-11 09:57:17',1),(222,'Pequenazahar','2019-05-11 10:37:55',1),(232,'Todd Parr','2020-03-07 10:35:38',1);
/*!40000 ALTER TABLE `editora` ENABLE KEYS */;
UNLOCK TABLES;

--
-- Table structure for table `emprestimo`
--

DROP TABLE IF EXISTS `emprestimo`;
/*!40101 SET @saved_cs_client     = @@character_set_client */;
/*!50503 SET character_set_client = utf8mb4 */;
CREATE TABLE `emprestimo` (
  `id_emprestimo` int(11) NOT NULL AUTO_INCREMENT,
  `dt_emprestimo` datetime NOT NULL,
  `dt_prev_devolucao` datetime NOT NULL,
  `nu_ano` int(11) NOT NULL,
  `st_ativo` tinyint(1) NOT NULL,
  `dt_devolucao` datetime DEFAULT NULL,
  `id_colaborador` int(11) DEFAULT NULL,
  `id_evangelizando_turma` int(11) DEFAULT NULL,
  `id_usuario` int(11) NOT NULL,
  `id_livro` int(11) NOT NULL,
  `observacao` varchar(200) DEFAULT NULL,
  PRIMARY KEY (`id_emprestimo`),
  KEY `fk_emprestimo_colaborador1_idx` (`id_colaborador`),
  KEY `fk_emprestimo_evangelizando_turma1_idx` (`id_evangelizando_turma`),
  KEY `fk_emprestimo_usuario1_idx` (`id_usuario`),
  KEY `fk_emprestimo_livro1_idx` (`id_livro`),
  CONSTRAINT `fk_emprestimo_usuario1` FOREIGN KEY (`id_usuario`) REFERENCES `usuario` (`id_usuario`) ON DELETE NO ACTION ON UPDATE NO ACTION
) ENGINE=InnoDB AUTO_INCREMENT=8954 DEFAULT CHARSET=latin1;
/*!40101 SET character_set_client = @saved_cs_client */;

--
-- Dumping data for table `emprestimo`
--

LOCK TABLES `emprestimo` WRITE;
/*!40000 ALTER TABLE `emprestimo` DISABLE KEYS */;
INSERT INTO `emprestimo` VALUES (2,'2013-03-09 10:39:20','2013-03-16 10:39:20',2013,1,'2013-04-06 10:58:18',NULL,42,1,126,NULL),(3,'2013-03-09 10:39:20','2013-03-16 10:41:54',2013,1,'2013-03-23 10:57:04',NULL,48,1,239,NULL),(4,'2013-03-09 10:39:20','2013-03-16 10:43:19',2013,1,'2013-03-16 10:55:57',NULL,49,1,241,NULL),(5,'2013-03-16 10:44:04','2013-03-23 10:44:04',2013,1,'2013-03-23 10:57:04',NULL,42,1,59,NULL),(6,'2013-03-16 10:44:04','2013-03-23 10:48:11',2013,1,'2013-03-30 10:58:01',NULL,43,1,242,NULL),(7,'2013-03-16 10:44:04','2013-03-23 10:51:01',2013,1,'2013-03-23 10:57:04',NULL,45,1,222,NULL),(8,'2013-03-16 10:44:04','2013-03-23 10:52:37',2013,1,'2013-05-04 10:58:57',NULL,47,1,243,NULL),(9,'2013-03-16 10:44:04','2013-03-23 10:54:04',2013,1,'2013-03-23 10:57:04',NULL,48,1,244,NULL),(10,'2013-03-16 10:44:04','2013-03-23 11:06:04',2013,1,'2013-03-23 12:52:18',NULL,49,1,59,NULL),(11,'2013-03-16 10:44:04','2013-03-23 12:44:46',2013,1,'2013-03-30 12:52:47',NULL,50,1,246,NULL),(12,'2013-03-16 10:44:04','2013-03-23 11:09:29',2013,1,'2013-03-23 12:52:18',NULL,54,1,247,NULL),(13,'2013-03-16 12:12:29','2013-03-23 12:12:29',2013,1,'2013-03-23 12:52:18',NULL,55,1,248,NULL),(14,'2013-03-16 10:44:04','2013-03-23 11:14:03',2013,1,'2013-03-23 12:52:18',NULL,56,1,249,NULL),(15,'2013-03-23 11:15:43','2013-03-30 11:15:43',2013,1,'2013-04-06 12:53:26',NULL,45,1,250,NULL),(16,'2013-03-23 11:15:43','2013-03-30 11:17:21',2013,1,'2013-05-04 12:53:46',NULL,47,1,251,NULL),(17,'2013-03-23 11:15:43','2013-03-30 11:28:53',2013,1,'2013-05-18 12:53:59',NULL,48,1,255,NULL),(18,'2013-03-23 11:15:43','2013-03-30 11:38:22',2013,1,'2013-03-30 12:52:47',NULL,49,1,256,NULL),(19,'2013-03-23 11:15:43','2013-03-30 11:42:48',2013,1,'2013-03-30 12:52:47',NULL,54,1,257,NULL),(20,'2013-03-23 11:15:43','2013-03-30 11:44:42',2013,1,'2013-05-04 12:53:46',NULL,56,1,258,NULL),(21,'2013-03-30 12:46:08','2013-04-06 12:46:08',2013,1,'2013-04-06 12:53:26',NULL,42,1,259,NULL),(22,'2013-03-30 12:46:08','2013-04-06 11:48:00',2013,1,'2013-04-06 12:53:26',NULL,43,1,260,NULL),(23,'2013-03-30 12:58:22','2013-04-06 12:58:22',2013,1,'2013-04-06 13:21:41',NULL,49,1,105,NULL),(24,'2013-03-30 13:00:47','2013-04-06 13:00:47',2013,1,'2013-04-06 13:21:41',NULL,50,1,261,NULL),(25,'2013-03-30 13:01:14','2013-04-06 13:01:14',2013,1,'2013-04-06 13:21:41',NULL,54,1,249,NULL),(26,'2013-04-06 13:02:39','2013-04-13 13:02:39',2013,1,'2013-04-13 13:22:19',NULL,42,1,262,NULL),(27,'2013-04-06 13:03:00','2013-04-13 13:03:00',2013,1,'2013-04-13 13:22:19',NULL,43,1,63,NULL),(28,'2013-04-06 13:05:03','2013-04-13 13:05:03',2013,1,'2013-04-13 13:22:19',NULL,45,1,263,NULL),(29,'2013-04-06 13:05:33','2013-04-13 13:05:33',2013,1,'2013-04-13 13:22:19',NULL,49,1,222,NULL),(30,'2013-04-06 13:16:33','2013-04-13 13:16:33',2013,1,'2013-04-13 13:22:19',NULL,50,1,266,NULL),(31,'2013-04-06 13:17:00','2013-04-13 13:17:00',2013,1,'2013-04-13 13:22:19',NULL,56,1,242,NULL),(32,'2013-04-13 13:19:52','2013-04-20 13:19:52',2013,1,'2013-05-18 13:22:05',NULL,42,1,267,NULL),(33,'2013-04-13 13:23:25','2013-04-20 13:23:25',2013,1,'2013-04-27 13:32:22',NULL,50,1,200,NULL),(34,'2013-04-20 13:23:50','2013-04-27 13:23:50',2013,1,'2013-04-27 13:32:22',NULL,53,1,120,NULL),(35,'2013-04-20 13:25:06','2013-04-27 13:25:06',2013,1,'2013-04-27 13:32:22',NULL,43,1,268,NULL),(36,'2013-04-20 13:25:25','2013-04-27 13:25:25',2013,1,'2013-05-18 13:32:56',NULL,48,1,63,NULL),(37,'2013-04-20 13:26:36','2013-04-27 13:26:36',2013,1,'2013-04-27 13:32:22',NULL,49,1,269,NULL),(38,'2013-04-20 13:27:39','2013-04-27 13:27:39',2013,1,'2013-04-27 13:32:22',NULL,50,1,270,NULL),(39,'2013-04-20 13:28:12','2013-04-27 13:28:12',2013,1,'2013-05-18 13:32:56',NULL,55,1,79,NULL),(40,'2013-04-20 13:28:39','2013-04-27 13:28:39',2013,1,'2013-04-27 13:32:37',NULL,57,1,247,NULL),(41,'2013-04-27 13:29:05','2013-05-04 13:29:05',2013,1,'2013-05-25 13:33:13',NULL,53,1,239,NULL),(42,'2013-04-27 13:34:29','2013-05-04 13:34:29',2013,1,'2013-05-04 14:15:05',NULL,43,1,247,NULL),(43,'2013-04-27 13:35:48','2013-09-05 13:35:48',2013,1,'2013-05-18 14:16:20',NULL,49,1,271,NULL),(44,'2013-04-27 13:36:28','2013-05-04 13:36:28',2013,1,'2013-05-25 14:17:57',NULL,50,1,89,NULL),(45,'2013-04-27 13:36:50','2013-05-04 13:36:50',2013,1,'2013-05-18 14:16:20',NULL,54,1,78,NULL),(46,'2013-04-27 13:55:11','2013-05-04 13:55:11',2013,1,'2013-05-04 14:15:05',NULL,56,1,272,NULL),(47,'2013-04-27 13:59:40','2013-05-04 13:59:40',2013,1,'2013-05-25 14:17:57',NULL,57,1,273,NULL),(48,'2013-05-04 14:00:07','2013-05-11 14:00:07',2013,1,'2013-05-11 14:15:39',NULL,45,1,125,NULL),(50,'2013-05-04 14:02:57','2013-05-11 14:02:57',2013,1,'2013-05-25 14:17:57',NULL,43,1,274,NULL),(51,'2013-05-04 14:05:42','2013-05-11 14:05:42',2013,1,'2013-05-11 14:15:39',NULL,47,1,275,NULL),(52,'2013-05-04 14:07:06','2013-05-11 14:07:06',2013,1,'2013-05-18 14:16:20',NULL,54,1,276,NULL),(53,'2013-05-04 14:08:47','2013-05-11 14:08:47',2013,1,'2013-05-18 14:16:20',NULL,56,1,279,NULL),(54,'2013-05-04 14:09:11','2013-05-11 14:09:11',2013,1,'2013-08-10 14:18:12',NULL,57,1,244,NULL),(55,'2013-05-11 14:09:37','2013-05-18 14:09:37',2013,1,'2013-05-25 14:17:57',NULL,42,1,126,NULL),(56,'2013-05-18 14:10:59','2013-05-25 14:10:59',2013,1,'2013-05-25 14:17:57',NULL,53,1,280,NULL),(57,'2013-05-18 14:12:53','2013-05-25 14:12:53',2013,1,'2013-05-25 14:17:57',NULL,45,1,281,NULL),(58,'2013-05-18 14:13:19','2013-05-25 14:13:19',2013,1,'2013-09-28 09:48:40',NULL,48,1,166,NULL),(59,'2013-05-18 14:13:47','2013-05-25 14:13:47',2013,1,'2013-05-25 14:17:57',NULL,49,1,251,NULL),(60,'2013-05-18 14:20:12','2013-05-25 14:20:12',2013,1,'2013-05-25 14:40:58',NULL,54,1,59,NULL),(61,'2013-05-18 14:20:48','2013-05-25 14:20:48',2013,1,'2013-08-24 14:43:52',NULL,55,1,246,NULL),(62,'2013-05-18 14:21:13','2013-05-25 14:21:13',2013,1,'2013-06-22 14:43:35',NULL,56,1,247,NULL),(63,'2013-05-25 14:22:37','2013-06-01 14:22:37',2013,1,'2013-06-08 14:42:44',NULL,53,1,282,NULL),(64,'2013-05-25 14:23:52','2013-06-01 14:23:52',2013,1,'2013-06-08 14:42:44',NULL,42,1,283,NULL),(65,'2013-05-25 14:25:01','2013-06-01 14:25:01',2013,1,'2013-06-01 14:41:53',NULL,43,1,284,NULL),(66,'2013-05-25 14:26:07','2013-06-01 14:26:07',2013,1,'2013-06-01 14:39:30',NULL,45,1,285,NULL),(67,'2013-05-25 14:26:31','2013-06-01 14:26:31',2013,1,'2013-06-08 14:42:44',NULL,47,1,269,NULL),(68,'2013-05-25 14:26:58','2013-06-01 14:26:58',2013,1,'2013-06-01 14:39:30',NULL,49,1,273,NULL),(69,'2013-05-25 14:28:26','2013-06-01 14:28:26',2013,1,'2013-06-15 14:43:17',NULL,50,1,286,NULL),(70,'2013-05-25 14:28:46','2013-06-01 14:28:46',2013,1,'2013-06-01 14:39:30',NULL,54,1,120,NULL),(71,'2013-05-25 14:29:13','2013-06-01 14:29:13',2013,1,'2013-08-24 14:43:52',NULL,55,1,256,NULL),(72,'2013-05-25 14:29:47','2013-06-01 14:29:47',2013,1,'2013-06-15 14:43:17',NULL,57,1,239,NULL),(73,'2013-06-01 14:32:15','2013-06-08 14:32:15',2013,1,'2013-06-08 14:42:44',NULL,42,1,287,NULL),(74,'2013-06-01 14:32:37','2013-09-05 14:32:37',2013,1,'2013-06-15 14:43:17',NULL,43,1,271,NULL),(75,'2013-06-01 14:33:18','2013-06-08 14:33:18',2013,1,'2013-06-08 14:42:44',NULL,45,1,171,NULL),(76,'2013-06-01 14:36:25','2013-06-08 14:36:25',2013,1,'2013-06-08 14:42:44',NULL,49,1,288,NULL),(77,'2013-06-01 14:37:47','2013-06-08 14:37:47',2013,1,'2013-06-15 14:43:17',NULL,50,1,293,NULL),(78,'2013-06-01 14:44:41','2013-06-08 14:44:41',2013,1,'2013-06-08 15:02:17',NULL,54,1,167,NULL),(79,'2013-06-01 14:45:05','2013-06-08 14:45:05',2013,1,'2013-06-22 15:03:26',NULL,56,1,63,NULL),(80,'2013-06-10 14:47:18','2013-06-17 14:47:18',2013,1,'2013-08-31 00:23:31',NULL,56,1,299,NULL),(81,'2013-06-15 14:47:43','2013-06-22 14:47:43',2013,1,'2013-06-22 15:03:26',NULL,53,1,120,NULL),(82,'2013-06-15 14:48:13','2013-06-22 14:48:13',2013,1,'2013-08-17 15:05:23',NULL,42,1,126,NULL),(83,'2013-06-15 14:48:43','2013-06-22 14:48:43',2013,1,'2014-08-02 09:39:52',NULL,43,1,235,NULL),(84,'2013-06-15 14:50:07','2013-06-22 14:50:07',2013,1,'2013-06-29 15:04:27',NULL,45,1,300,NULL),(85,'2013-06-15 14:51:24','2013-06-22 14:51:24',2013,1,'2013-08-10 15:05:06',NULL,47,1,301,NULL),(86,'2013-06-15 14:52:59','2013-06-22 14:52:59',2013,1,'2013-08-03 15:04:47',NULL,48,1,304,NULL),(87,'2013-06-15 14:53:26','2013-06-22 14:53:26',2013,1,'2013-06-22 15:03:26',NULL,49,1,105,NULL),(88,'2013-06-15 14:55:17','2013-06-22 14:55:17',2013,1,'2013-06-29 15:04:27',NULL,50,1,305,NULL),(89,'2013-06-15 14:56:54','2013-06-22 14:56:54',2013,1,'2013-06-22 15:03:26',NULL,54,1,306,NULL),(90,'2013-06-15 14:57:18','2013-06-22 14:57:18',2013,1,'2013-06-22 15:03:26',NULL,57,1,200,NULL),(91,'2013-06-15 14:57:39','2013-06-22 14:57:39',2013,1,'2013-06-22 15:03:26',NULL,58,1,236,NULL),(92,'2013-06-22 14:58:13','2013-06-29 14:58:13',2013,1,'2013-08-17 15:05:23',NULL,53,1,116,NULL),(93,'2013-06-22 14:59:24','2013-06-29 14:59:24',2013,1,'2013-06-29 15:04:27',NULL,43,1,307,NULL),(94,'2013-06-22 15:00:53','2013-06-29 15:00:53',2013,1,'2013-06-29 15:04:27',NULL,49,1,308,NULL),(95,'2013-06-22 15:06:13','2013-06-29 15:06:13',2013,1,'2013-06-29 15:58:04',NULL,54,1,279,NULL),(96,'2013-06-22 15:06:39','2013-06-29 15:06:39',2013,1,'2013-06-29 15:58:04',NULL,56,1,78,NULL),(97,'2013-06-22 15:07:05','2013-06-29 15:07:05',2013,1,'2013-08-17 15:59:36',NULL,57,1,95,NULL),(98,'2013-08-03 15:07:37','2013-08-10 15:07:37',2013,1,'2013-08-10 15:58:37',NULL,50,1,143,NULL),(99,'2013-08-10 15:08:05','2013-08-17 15:08:05',2013,1,'2013-09-07 15:28:57',NULL,42,1,270,NULL),(100,'2013-08-10 15:09:29','2013-08-17 15:09:29',2013,1,'2013-09-21 10:25:19',NULL,43,1,309,NULL),(101,'2013-08-10 15:11:29','2013-08-17 15:11:29',2013,1,'2013-08-17 15:59:36',NULL,45,1,311,NULL),(102,'2013-08-10 15:11:49','2013-08-17 15:11:49',2013,1,'2013-08-07 23:36:51',NULL,47,1,301,NULL),(103,'2013-08-10 15:12:54','2013-08-17 15:12:54',2013,1,'2013-09-28 09:51:34',NULL,48,1,312,NULL),(104,'2013-08-10 15:13:28','2013-08-17 15:13:28',2013,1,'2013-08-17 15:59:36',NULL,49,1,241,NULL),(105,'2013-08-10 15:49:59','2013-08-17 15:49:59',2013,1,'2013-08-24 16:00:05',NULL,50,1,313,NULL),(106,'2013-08-10 15:51:41','2013-08-17 15:51:41',2013,1,'2013-08-17 15:59:36',NULL,57,1,314,NULL),(107,'2013-08-17 15:53:46','2013-08-24 15:53:46',2013,1,'2013-08-31 15:25:28',NULL,53,1,317,NULL),(108,'2013-08-17 15:55:05','2013-08-24 15:55:05',2013,1,'2013-09-07 15:28:57',NULL,42,1,318,NULL),(109,'2013-08-17 15:56:51','2013-08-24 15:56:51',2013,1,'2013-08-24 16:00:05',NULL,45,1,319,NULL),(110,'2013-08-17 16:01:09','2013-08-24 16:01:09',2013,1,'2013-08-24 16:05:16',NULL,49,1,241,NULL),(111,'2013-08-17 16:01:29','2013-08-24 16:01:29',2013,1,'2013-08-31 23:52:19',NULL,54,1,305,NULL),(112,'2013-08-17 16:03:08','2013-08-24 16:03:08',2013,1,'2013-08-24 16:05:16',NULL,57,1,321,NULL),(113,'2013-08-24 16:03:38','2013-08-31 16:03:38',2013,1,'2013-08-24 16:05:16',NULL,44,1,319,NULL),(114,'2013-03-16 16:46:07','2013-03-23 16:46:07',2013,1,'2013-03-23 17:47:21',NULL,63,1,162,NULL),(115,'2013-03-09 16:49:18','2013-03-16 16:49:18',2013,1,'2013-03-16 17:46:16',NULL,59,1,348,NULL),(116,'2013-03-16 16:49:52','2013-03-23 16:49:52',2013,1,'2013-05-18 00:16:31',NULL,62,1,285,NULL),(117,'2013-03-16 16:50:25','2013-03-23 16:50:25',2013,1,'2013-04-06 17:49:28',NULL,69,1,78,NULL),(118,'2013-03-16 16:50:53','2013-03-23 16:50:53',2013,1,'2013-04-20 00:15:51',NULL,70,1,337,NULL),(119,'2013-03-16 16:51:18','2013-03-23 16:51:18',2013,1,'2013-03-23 17:47:21',NULL,71,1,275,NULL),(120,'2013-03-16 16:53:26','2013-03-23 16:53:26',2013,1,'2013-03-23 17:47:21',NULL,72,1,269,NULL),(121,'2013-03-16 16:54:47','2013-03-23 16:54:47',2013,1,'2013-03-23 17:47:21',NULL,73,1,349,NULL),(122,'2013-03-16 16:55:16','2013-03-23 16:55:16',2013,1,'2013-03-23 17:47:21',NULL,79,1,72,NULL),(123,'2013-03-16 16:56:49','2013-03-23 16:56:49',2013,1,'2013-03-23 17:47:21',NULL,80,1,350,NULL),(124,'2013-03-16 16:58:32','2013-03-23 16:58:32',2013,1,'2015-04-11 10:42:17',NULL,81,1,352,NULL),(125,'2013-03-23 16:58:57','2013-03-30 16:58:57',2013,1,'2013-03-23 17:50:28',NULL,60,1,59,NULL),(126,'2013-03-23 17:00:28','2013-03-30 17:00:28',2013,1,'2013-03-30 17:48:33',NULL,68,1,353,NULL),(127,'2013-03-23 17:03:56','2013-03-30 17:03:56',2013,1,'2013-03-30 17:48:33',NULL,72,1,356,NULL),(128,'2013-03-23 17:37:36','2013-03-30 17:37:36',2013,1,'2013-03-30 17:48:33',NULL,73,1,266,NULL),(129,'2013-03-23 17:39:43','2013-03-30 17:39:43',2013,1,'2013-03-30 17:48:33',NULL,79,1,357,NULL),(130,'2013-03-23 17:40:08','2013-03-30 17:40:08',2013,1,'2013-04-06 17:49:28',NULL,60,1,220,NULL),(131,'2013-03-30 17:41:27','2013-04-06 17:41:27',2013,1,'2013-04-13 00:15:26',NULL,61,1,358,NULL),(132,'2013-03-30 17:42:48','2013-04-06 17:42:48',2013,1,'2013-05-11 00:16:15',NULL,70,1,359,NULL),(133,'2013-03-30 17:44:38','2013-04-06 17:44:38',2013,1,'2013-04-06 17:49:28',NULL,71,1,360,NULL),(134,'2013-03-30 00:23:13','2013-04-06 00:23:13',2013,1,'2013-04-13 00:31:59',NULL,73,1,362,NULL),(135,'2013-03-30 00:23:38','2013-04-06 00:23:38',2013,1,'2013-04-13 00:33:11',NULL,79,1,65,NULL),(136,'2013-04-06 00:24:11','2013-04-13 00:24:11',2013,1,'2013-04-13 00:31:59',NULL,59,1,353,NULL),(137,'2013-04-06 00:24:52','2013-04-13 00:24:52',2013,1,'2013-04-13 00:33:57',NULL,60,1,293,NULL),(138,'2013-04-06 00:25:24','2013-04-13 00:25:24',2013,1,'2013-04-20 00:32:53',NULL,66,1,272,NULL),(139,'2013-04-06 00:25:49','2013-04-13 00:25:49',2013,1,'2013-05-04 00:33:43',NULL,71,1,59,NULL),(140,'2013-04-20 00:27:14','2013-04-27 00:27:14',2013,1,'2013-04-20 00:32:53',NULL,59,1,363,NULL),(141,'2013-04-20 00:27:41','2013-04-27 00:27:41',2013,1,'2013-05-04 00:33:43',NULL,60,1,358,NULL),(142,'2013-04-20 00:34:48','2013-04-27 00:34:48',2013,1,'2013-04-27 00:51:04',NULL,66,1,353,NULL),(143,'2013-04-20 00:35:20','2013-04-27 00:35:20',2013,1,'2013-05-04 00:50:15',NULL,68,1,286,NULL),(144,'2013-04-20 00:36:00','2013-04-27 00:36:00',2013,1,'2013-04-27 00:51:04',NULL,73,1,250,NULL),(145,'2013-04-20 00:36:28','2013-04-27 00:36:28',2013,1,'2013-09-21 10:09:22',NULL,80,1,138,NULL),(146,'2013-04-27 00:36:57','2013-05-04 00:36:57',2013,1,'2013-05-11 00:53:14',NULL,61,1,325,NULL),(147,'2013-04-27 00:37:27','2013-05-04 00:37:27',2013,1,'2013-05-11 00:53:14',NULL,66,1,220,NULL),(148,'2013-04-27 00:37:54','2013-05-04 00:37:54',2013,1,'2013-05-04 00:50:15',NULL,68,1,262,NULL),(149,'2013-04-27 00:38:19','2013-05-04 00:38:19',2013,1,'2013-05-11 00:53:14',NULL,69,1,336,NULL),(150,'2013-04-27 00:39:18','2013-05-04 00:39:18',2013,1,'2013-04-27 00:51:04',NULL,69,1,239,NULL),(151,'2013-04-27 00:39:48','2013-05-04 00:39:48',2013,1,'2013-04-27 00:51:04',NULL,70,1,249,NULL),(152,'2013-04-27 00:40:12','2013-05-04 00:40:12',2013,1,'2013-05-11 00:53:14',NULL,70,1,333,NULL),(153,'2013-04-27 00:42:01','2013-05-04 00:42:01',2013,1,'2013-05-04 00:50:15',NULL,72,1,366,NULL),(154,'2013-04-27 00:43:14','2013-05-04 00:43:14',2013,1,'2013-05-11 00:53:35',NULL,80,1,140,NULL),(155,'2013-04-27 00:44:23','2013-05-04 00:44:23',2013,1,'2013-06-08 00:54:01',NULL,71,1,367,NULL),(156,'2013-04-27 00:46:40','2013-05-04 00:46:40',2013,1,'2013-05-11 00:54:21',NULL,72,1,368,NULL),(157,'2013-05-04 00:47:16','2013-05-11 00:47:16',2013,1,'2013-05-11 00:54:43',NULL,60,1,311,NULL),(158,'2013-05-11 00:57:04','2013-05-18 00:57:04',2013,1,'2013-10-19 10:08:06',NULL,60,1,245,NULL),(159,'2013-05-11 00:59:24','2013-05-18 00:59:24',2013,1,'2013-05-18 01:13:45',NULL,72,1,369,NULL),(160,'2013-05-18 01:00:13','2013-05-25 01:00:13',2013,1,'2013-06-01 01:15:06',NULL,62,1,173,NULL),(161,'2013-05-18 01:00:44','2013-05-25 01:00:44',2013,1,'2013-05-25 01:14:12',NULL,68,1,306,NULL),(162,'2013-09-05 01:02:24','2013-09-12 01:02:24',2013,1,'2013-06-01 01:15:06',NULL,70,1,370,NULL),(163,'2013-05-18 01:02:53','2013-05-25 01:02:53',2013,1,'2013-05-25 01:14:12',NULL,72,1,76,NULL),(164,'2013-05-18 01:04:31','2013-05-25 01:04:31',2013,1,'2013-05-25 01:14:12',NULL,73,1,371,NULL),(165,'2013-05-25 01:05:20','2013-06-01 01:05:20',2013,1,'2013-06-29 01:16:04',NULL,59,1,69,NULL),(166,'2013-05-25 01:07:40','2013-06-01 01:07:40',2013,1,'2013-06-15 01:15:41',NULL,60,1,376,NULL),(167,'2013-05-25 01:08:26','2013-06-01 01:08:26',2013,1,'2013-06-01 01:15:06',NULL,61,1,255,NULL),(168,'2013-05-25 01:10:05','2013-06-01 01:10:05',2013,1,'2013-08-24 01:16:19',NULL,62,1,377,NULL),(169,'2013-05-25 01:10:41','2013-06-01 01:10:41',2013,1,'2013-06-01 01:15:06',NULL,66,1,276,NULL),(170,'2013-05-25 01:11:11','2013-06-01 01:11:11',2013,1,'2013-06-01 01:15:06',NULL,68,1,263,NULL),(171,'2013-05-25 01:21:28','2013-06-01 01:21:28',2013,1,'2013-08-03 01:39:59',NULL,72,1,92,NULL),(172,'2013-05-25 01:22:27','2012-06-01 01:22:27',2013,1,'2013-06-10 01:37:29',NULL,73,1,378,NULL),(173,'2013-05-25 01:23:55','2013-06-01 01:23:55',2013,1,'2013-06-01 01:38:18',NULL,80,1,379,NULL),(174,'2013-06-01 01:24:35','2013-06-08 01:24:35',2013,1,'2013-08-24 01:41:03',NULL,62,1,251,NULL),(175,'2013-06-01 01:25:57','2013-06-08 01:25:57',2013,1,'2013-06-08 01:38:50',NULL,66,1,380,NULL),(176,'2013-06-01 01:26:25','2013-06-08 01:26:25',2013,1,'2013-08-17 01:40:42',NULL,70,1,338,NULL),(177,'2013-06-01 01:26:47','2013-06-08 01:26:47',2013,1,'2013-06-08 01:38:50',NULL,71,1,258,NULL),(178,'2013-06-01 01:27:17','2013-06-08 01:27:17',2013,1,'2013-08-03 01:39:59',NULL,72,1,89,NULL),(179,'2013-06-15 01:28:29','2013-06-22 01:28:29',2013,1,'2013-06-29 01:39:39',NULL,60,1,368,NULL),(180,'2013-06-15 01:28:51','2013-06-22 01:28:51',2013,1,'2013-06-22 01:39:18',NULL,61,1,75,NULL),(181,'2013-06-15 01:29:19','2013-06-22 01:29:19',2013,1,'2013-11-02 09:45:25',NULL,69,1,259,NULL),(182,'2013-06-15 01:29:50','2013-06-22 01:29:50',2013,1,'2013-06-22 01:39:18',NULL,73,1,174,NULL),(183,'2013-08-03 01:30:25','2013-08-10 01:30:25',2013,1,'2013-08-10 01:40:24',NULL,59,1,250,NULL),(184,'2013-08-03 01:48:59','2013-08-10 01:48:59',2013,1,'2013-09-28 09:50:49',NULL,60,1,105,NULL),(185,'2013-08-03 01:49:32','2013-08-10 01:49:32',2013,0,NULL,NULL,66,1,266,NULL),(186,'2013-08-03 12:35:17','2013-08-10 12:35:17',2013,1,'2013-08-31 13:03:15',NULL,68,1,308,NULL),(187,'2013-08-03 12:35:47','2013-08-10 12:35:47',2013,1,'2013-09-07 23:46:39',NULL,71,1,357,NULL),(188,'2013-08-03 12:36:14','2013-08-10 12:36:14',2013,1,'2013-08-17 13:02:06',NULL,72,1,325,NULL),(189,'2013-08-03 12:36:38','2013-08-10 12:36:38',2013,1,'2013-08-10 13:01:36',NULL,73,1,344,NULL),(190,'2013-08-03 12:37:03','2013-08-10 12:37:03',2013,1,'2013-08-10 13:01:36',NULL,80,1,313,NULL),(191,'2013-08-10 12:37:29','2013-08-17 12:37:29',2013,1,'2013-08-24 13:02:49',NULL,59,1,223,NULL),(192,'2013-08-10 12:37:49','2013-08-17 12:37:49',2013,1,'2013-08-17 13:02:06',NULL,70,1,337,NULL),(193,'2013-08-10 12:39:35','2013-08-17 12:39:35',2013,1,'2013-08-24 13:02:49',NULL,73,1,381,NULL),(194,'2013-08-10 12:40:00','2013-08-17 12:40:00',2013,1,'2022-03-25 23:44:00',NULL,77,1,277,'baixa_pandemia_25_03_2022'),(195,'2013-08-10 12:50:23','2013-08-17 12:50:23',2013,1,'2013-09-28 09:54:16',NULL,177,1,382,NULL),(197,'2013-08-17 12:54:51','2013-08-24 12:54:51',2013,1,'2013-08-24 13:02:49',NULL,61,1,345,NULL),(198,'2013-08-17 12:56:08','2013-08-24 12:56:08',2013,1,'2013-09-07 00:51:45',NULL,68,1,384,NULL),(199,'2013-08-17 12:57:24','2013-08-24 12:57:24',2013,1,'2013-11-09 10:27:41',NULL,70,1,385,NULL),(200,'2013-08-17 12:57:49','2013-08-24 12:57:49',2013,1,'2013-09-07 01:01:15',NULL,71,1,268,NULL),(201,'2013-08-17 12:58:16','2013-08-24 12:58:16',2013,1,'2013-08-24 13:02:49',NULL,72,1,174,NULL),(202,'2013-08-17 13:04:09','2013-08-24 13:04:09',2013,1,'2014-03-08 10:31:22',NULL,80,1,370,NULL),(203,'2013-08-17 13:05:51','2013-08-24 13:05:51',2013,1,'2014-03-29 10:26:42',NULL,178,1,114,NULL),(204,'2013-08-24 13:06:21','2013-08-31 13:06:21',2013,1,'2013-09-21 10:32:20',NULL,59,1,77,NULL),(205,'2013-08-24 13:06:58','2013-08-31 13:06:58',2013,1,'2013-08-31 13:17:49',NULL,61,1,234,NULL),(206,'2013-08-24 13:07:23','2013-08-31 13:07:23',2013,1,'2013-10-05 09:43:29',NULL,62,1,67,NULL),(207,'2013-08-24 13:07:51','2013-08-31 13:07:51',2013,1,'2013-08-31 13:17:49',NULL,65,1,90,NULL),(208,'2013-08-24 13:09:08','2013-08-31 13:09:08',2013,1,'2013-08-31 13:17:49',NULL,66,1,386,NULL),(209,'2013-08-24 13:09:38','2013-08-31 13:09:38',2013,1,'2013-10-05 09:39:36',NULL,69,1,69,NULL),(210,'2013-08-24 13:10:05','2013-08-31 13:10:05',2013,1,'2013-08-31 13:17:49',NULL,70,1,68,NULL),(211,'2013-08-24 13:11:24','2013-08-31 13:11:24',2013,1,'2013-09-21 09:50:00',NULL,72,1,387,NULL),(212,'2013-08-24 13:13:13','2013-08-31 13:13:13',2013,1,'2013-09-07 01:06:25',NULL,73,1,388,NULL),(213,'2013-08-24 14:11:02','2013-08-31 14:11:02',2013,1,'2014-05-07 20:29:46',NULL,178,1,89,NULL),(214,'2013-08-31 14:11:23','2013-09-07 14:11:23',2013,1,'2013-09-07 00:41:48',NULL,59,1,72,NULL),(215,'2013-08-31 14:12:25','2013-09-07 14:12:25',2013,1,'2013-10-05 09:43:29',NULL,62,1,250,NULL),(216,'2013-08-31 14:12:50','2013-09-07 14:12:50',2013,1,'2013-09-07 00:48:24',NULL,65,1,294,NULL),(217,'2013-08-31 14:13:13','2013-09-07 14:13:13',2013,1,'2013-09-21 11:07:20',NULL,66,1,163,NULL),(218,'2013-08-31 14:13:36','2013-09-07 14:13:36',2013,1,'2013-09-07 00:51:45',NULL,68,1,313,NULL),(219,'2013-08-31 14:13:56','2013-09-07 14:13:56',2013,1,'2013-09-07 00:54:12',NULL,70,1,117,NULL),(221,'2013-08-17 14:44:52','2013-09-07 14:44:52',2013,1,'2013-08-24 00:48:03',NULL,65,1,391,NULL),(222,'2013-03-30 00:00:00','2013-04-06 00:00:00',2013,1,'2013-04-13 00:00:00',NULL,72,1,299,NULL),(223,'2013-04-20 00:00:00','2013-04-27 00:00:00',2013,1,'2013-04-27 00:00:00',NULL,72,1,299,NULL),(224,'2013-08-17 00:00:00','2013-08-24 00:00:00',2013,1,'2013-08-24 00:00:00',NULL,60,1,227,NULL),(225,'2013-04-20 00:00:00','2013-04-27 00:00:00',2013,1,'2013-04-27 00:00:00',NULL,61,1,235,NULL),(226,'2013-06-01 00:00:00','2013-06-08 00:00:00',2013,1,'2013-06-15 00:00:00',NULL,61,1,305,NULL),(227,'2013-08-31 00:00:00','2013-09-07 00:00:00',2013,1,'2013-09-21 09:51:56',NULL,61,1,266,NULL),(228,'2013-08-03 00:00:00','2013-08-10 00:00:00',2013,1,'2013-08-24 00:00:00',NULL,66,1,266,NULL),(229,'2013-08-17 00:00:00','2013-08-24 00:00:00',2013,1,'2013-08-24 00:00:00',NULL,69,1,392,NULL),(230,'2013-04-27 00:00:00','2013-05-04 00:00:00',2013,1,'2013-05-11 00:00:00',NULL,73,1,305,NULL),(232,'2013-06-01 00:00:00','2013-06-08 00:00:00',2013,1,'2013-06-15 00:00:00',NULL,73,1,378,NULL),(233,'2013-04-06 00:00:00','2013-04-13 00:00:00',2013,1,'2013-04-13 00:00:00',NULL,80,1,267,NULL),(234,'2013-06-15 00:00:00','2013-06-22 00:00:00',2013,1,'2013-06-22 00:00:00',NULL,80,1,371,NULL),(235,'2013-04-06 00:00:00','2013-04-13 00:00:00',2013,1,'2013-04-13 00:00:00',NULL,389,1,389,NULL),(236,'2013-03-09 16:00:59','2013-03-16 16:00:59',2013,1,'2013-03-16 16:23:04',NULL,86,1,394,NULL),(237,'2013-03-09 16:01:52','2013-03-16 16:01:52',2013,1,'2013-03-16 16:23:04',NULL,97,1,128,NULL),(238,'2013-03-09 16:02:24','2013-03-16 16:02:24',2013,1,'2013-03-30 16:25:25',NULL,101,1,283,NULL),(239,'2013-03-09 16:02:46','2013-03-16 16:02:46',2013,1,'2013-03-23 16:24:33',NULL,104,1,177,NULL),(240,'2013-03-16 16:08:04','2013-03-23 16:08:04',2013,1,'2013-08-24 16:27:54',NULL,86,1,395,NULL),(241,'2013-03-16 16:09:11','2013-03-23 16:09:11',2013,1,'2013-03-23 16:24:33',NULL,90,1,325,NULL),(242,'2013-03-16 16:09:46','2013-03-23 16:09:46',2013,1,'2013-03-23 16:24:33',NULL,95,1,329,NULL),(243,'2013-03-16 16:10:09','2013-03-23 16:10:09',2013,1,'2013-04-13 16:26:52',NULL,97,1,108,NULL),(244,'2013-03-16 16:10:47','2013-03-23 16:10:47',2013,1,'2013-05-04 16:27:39',NULL,98,1,221,NULL),(245,'2013-03-16 16:11:51','2013-03-23 16:11:51',2013,1,'2013-04-06 16:25:57',NULL,103,1,333,NULL),(246,'2013-03-16 16:12:23','2013-03-23 16:12:23',2013,1,'2013-04-20 16:27:12',NULL,107,1,227,NULL),(247,'2013-03-16 16:12:55','2013-03-23 16:12:55',2013,1,'2013-04-13 16:26:52',NULL,109,1,107,NULL),(248,'2013-03-16 16:14:34','2013-03-23 16:14:34',2013,1,'2013-03-23 16:24:33',NULL,113,1,270,NULL),(249,'2013-03-23 16:16:54','2013-03-30 16:16:54',2013,1,'2013-03-30 16:25:25',NULL,83,1,200,NULL),(250,'2013-03-23 16:19:25','2013-03-30 16:19:25',2013,1,'2013-04-13 16:26:52',NULL,90,1,398,NULL),(251,'2013-03-09 16:29:17','2013-03-16 16:29:17',2013,1,'2013-03-23 16:29:35',NULL,111,1,92,NULL),(252,'2013-03-23 16:42:15','2013-03-30 16:42:15',2013,1,'2013-04-06 16:57:14',NULL,94,1,107,NULL),(253,'2013-03-23 16:43:15','2013-03-30 16:43:15',2013,1,'2013-03-30 16:56:29',NULL,97,1,174,NULL),(255,'2013-03-23 16:45:23','2013-03-30 16:45:23',2013,1,'2013-05-04 16:58:36',NULL,113,1,367,NULL),(256,'2013-03-30 16:45:47','2013-04-06 16:45:47',2013,1,'2013-04-06 16:57:14',NULL,83,1,346,NULL),(257,'2013-03-30 16:46:10','2013-04-06 16:46:10',2013,1,'2013-04-06 16:57:14',NULL,97,1,131,NULL),(258,'2013-03-30 16:46:32','2013-04-06 16:46:32',2013,1,'2013-04-06 16:57:14',NULL,101,1,270,NULL),(259,'2013-03-30 16:47:47','2013-04-06 16:47:47',2013,1,'2013-04-13 16:57:57',NULL,104,1,399,NULL),(260,'2013-03-30 16:51:53','2013-04-06 16:51:53',2013,1,'2013-04-06 16:57:14',NULL,112,1,142,NULL),(261,'2013-04-06 16:52:35','2013-04-13 16:52:35',2013,1,'2013-04-13 16:57:57',NULL,83,1,66,NULL),(262,'2013-04-06 16:53:53','2013-04-13 16:53:53',2013,1,'2013-04-27 16:58:25',NULL,85,1,400,NULL),(263,'2013-04-06 16:54:22','2013-04-13 16:54:22',2013,1,'2013-04-20 16:58:12',NULL,94,1,148,NULL),(264,'2013-04-06 16:54:52','2013-04-13 16:54:52',2013,1,'2013-04-13 16:57:57',NULL,95,1,143,NULL),(265,'2013-04-04 17:05:24','2013-04-11 17:05:24',2013,1,'2013-05-11 17:13:15',NULL,97,1,76,NULL),(266,'2013-04-06 17:05:58','2013-04-13 17:05:58',2013,1,'2013-05-11 17:13:15',NULL,114,1,75,NULL),(267,'2013-04-06 17:06:56','2013-04-13 17:06:56',2013,1,'2013-04-27 17:13:01',NULL,101,1,261,NULL),(268,'2013-04-06 17:07:22','2013-04-13 17:07:22',2013,1,'2013-05-04 01:33:57',NULL,103,1,92,NULL),(269,'2013-04-06 17:07:46','2013-04-13 17:07:46',2013,1,'2013-04-20 17:12:06',NULL,112,1,175,NULL),(270,'2013-04-13 17:08:35','2013-04-20 17:08:35',2013,1,'2013-04-27 17:13:01',NULL,90,1,59,NULL),(271,'2013-04-13 17:10:13','2013-04-20 17:10:13',2013,1,'2013-04-20 17:12:06',NULL,95,1,401,NULL),(272,'2013-04-13 17:14:07','2013-04-20 17:14:07',2013,1,'2013-04-27 00:22:04',NULL,97,1,142,NULL),(273,'2013-04-13 17:14:44','2013-04-20 17:14:44',2013,1,'2013-04-20 00:21:26',NULL,103,1,148,NULL),(274,'2013-04-13 17:16:05','2013-04-20 17:16:05',2013,1,'2013-05-11 00:22:46',NULL,112,1,402,NULL),(275,'2013-04-13 17:16:30','2013-04-20 17:16:30',2013,1,'2022-03-25 23:44:00',NULL,114,1,360,'baixa_pandemia_25_03_2022'),(276,'2013-04-13 17:17:01','2013-04-20 17:17:01',2013,1,'2015-04-11 10:38:52',NULL,88,1,303,NULL),(277,'2013-04-20 00:14:51','2013-04-27 00:14:51',2013,1,'2013-04-27 00:22:04',NULL,85,1,198,NULL),(278,'2013-04-20 00:15:37','2013-04-27 00:15:37',2013,1,'2013-04-27 00:22:04',NULL,95,1,350,NULL),(279,'2013-04-20 00:18:15','2013-04-27 00:18:15',2013,1,'2014-03-15 10:26:31',NULL,109,1,404,NULL),(280,'2013-04-20 00:18:40','2013-04-27 00:18:40',2013,1,'2013-05-11 00:23:06',NULL,111,1,173,NULL),(281,'2013-04-20 00:19:03','2013-04-27 00:19:03',2013,1,'2013-04-27 00:22:04',NULL,112,1,186,NULL),(282,'2013-04-27 00:19:44','2013-05-04 00:19:44',2013,1,'2013-05-04 00:22:29',NULL,90,1,120,NULL),(283,'2013-04-20 00:24:31','2013-04-27 00:24:31',2013,1,'2013-06-15 00:25:08',NULL,83,1,66,NULL),(284,'2013-04-27 00:26:24','2013-05-04 00:26:24',2013,1,'2013-05-11 00:37:26',NULL,94,1,148,NULL),(285,'2013-04-27 00:26:48','2013-05-04 00:26:48',2013,1,'2013-05-04 00:36:54',NULL,95,1,280,NULL),(286,'2013-04-27 00:27:35','2013-05-04 00:27:35',2013,1,'2013-09-07 01:23:33',NULL,107,1,353,NULL),(287,'2013-04-27 00:27:56','2013-05-04 00:27:56',2013,1,'2013-05-11 00:37:26',NULL,112,1,168,NULL),(288,'2013-04-06 00:34:14','2013-04-13 00:34:14',2013,1,'2013-05-11 00:34:45',NULL,97,1,75,NULL),(289,'2013-05-04 00:29:44','2013-05-11 00:29:44',2013,1,'2013-05-18 00:38:00',NULL,90,1,282,NULL),(290,'2013-05-04 00:30:33','2013-05-11 00:30:33',2013,1,'2013-06-01 00:38:17',NULL,95,1,141,NULL),(291,'2013-05-04 00:31:00','2013-05-11 00:31:00',2013,1,'2013-05-18 00:38:00',NULL,103,1,142,NULL),(292,'2013-05-04 00:31:36','2013-05-11 00:31:36',2013,1,'2013-05-11 00:37:26',NULL,113,1,248,NULL),(293,'2013-05-11 00:33:10','2013-05-18 00:33:10',2013,1,'2013-06-29 00:39:41',NULL,83,1,405,NULL),(294,'2013-05-11 00:34:57','2013-05-18 00:34:57',2013,1,'2013-05-18 00:38:00',NULL,94,1,406,NULL),(295,'2013-05-11 00:59:45','2013-05-18 00:59:45',2013,1,'2013-05-18 17:32:07',NULL,95,1,364,NULL),(296,'2013-05-11 01:00:43','2013-05-18 01:00:43',2013,1,'2013-05-18 17:32:07',NULL,111,1,131,NULL),(297,'2013-05-11 01:01:13','2013-05-18 01:01:13',2013,1,'2017-04-08 10:11:37',NULL,113,1,261,NULL),(298,'2013-05-18 01:01:44','2013-05-25 01:01:44',2013,1,'2013-06-08 17:33:46',NULL,85,1,125,NULL),(299,'2013-05-18 01:02:39','2013-05-25 01:02:39',2013,1,'2013-06-01 17:32:51',NULL,95,1,200,NULL),(300,'2013-05-18 01:05:11','2013-05-25 01:05:11',2013,1,'2013-06-15 17:34:18',NULL,101,1,407,NULL),(301,'2013-05-18 01:06:24','2013-05-25 01:06:24',2013,1,'2013-06-15 17:34:18',NULL,103,1,408,NULL),(302,'2013-05-18 01:07:45','2013-05-25 01:07:45',2013,1,'2013-06-08 17:33:46',NULL,104,1,409,NULL),(303,'2013-05-18 01:08:07','2013-05-25 01:08:07',2013,1,'2013-05-18 17:32:07',NULL,111,1,59,NULL),(304,'2013-05-18 01:08:30','2013-05-25 01:08:30',2013,1,'2013-06-15 17:34:18',NULL,112,1,168,NULL),(305,'2013-05-25 01:09:57','2013-06-01 01:09:57',2013,1,'2013-06-22 17:35:25',NULL,90,1,411,NULL),(306,'2013-05-25 16:29:48','2013-06-01 16:29:48',2013,1,'2013-08-17 17:35:48',NULL,94,1,135,NULL),(307,'2013-05-18 17:28:20','2013-05-25 17:28:20',2013,1,'2013-06-01 17:32:51',NULL,97,1,333,NULL),(308,'2013-05-25 17:36:44','2013-06-01 17:36:44',2013,1,'2013-06-01 17:41:56',NULL,97,1,329,NULL),(309,'2013-05-25 17:38:06','2013-06-01 17:38:06',2013,1,'2014-10-25 09:40:04',NULL,99,1,418,NULL),(310,'2013-05-25 17:39:19','2013-06-01 17:39:19',2013,1,'2013-06-22 17:42:43',NULL,112,1,175,NULL),(311,'2013-06-01 17:39:52','2013-09-14 17:39:52',2013,1,'2013-06-08 17:42:19',NULL,95,1,148,NULL),(312,'2013-06-01 17:44:25','2013-06-08 17:44:25',2013,1,'2013-06-08 17:55:21',NULL,101,1,128,NULL),(313,'2013-06-01 17:44:59','2013-06-08 17:44:59',2013,1,'2013-06-08 17:55:21',NULL,103,1,85,NULL),(314,'2013-06-08 17:48:19','2013-06-15 17:48:19',2013,1,'2013-06-22 17:56:21',NULL,90,1,419,NULL),(315,'2013-06-08 17:49:43','2013-06-15 17:49:43',2013,1,'2013-06-29 17:56:38',NULL,95,1,379,NULL),(316,'2013-06-08 17:50:21','2013-06-15 17:50:21',2013,1,'2013-06-15 17:55:54',NULL,97,1,337,NULL),(317,'2013-06-08 17:52:07','2013-06-15 17:52:07',2013,1,'2013-06-15 17:55:54',NULL,101,1,420,NULL),(318,'2013-06-08 17:58:58','2013-06-15 17:58:58',2013,1,'2013-06-15 18:05:11',NULL,103,1,421,NULL),(319,'2013-06-15 17:59:32','2013-06-22 17:59:32',2013,1,'2013-06-22 13:17:41',NULL,95,1,86,NULL),(320,'2013-06-15 18:01:21','2013-06-22 18:01:21',2013,1,'2013-06-29 12:56:45',NULL,97,1,422,NULL),(321,'2013-06-15 18:02:16','2013-06-22 18:02:16',2013,1,'2014-04-12 12:50:16',NULL,98,1,263,NULL),(322,'2013-06-15 18:03:01','2013-06-22 18:03:01',2013,1,'2013-06-29 13:18:30',NULL,101,1,190,NULL),(323,'2013-09-07 18:05:47','2013-09-14 18:05:47',2013,1,'2013-06-22 13:00:04',NULL,103,1,366,NULL),(324,'2013-06-15 18:14:39','2013-06-22 18:14:39',2013,1,'2013-06-22 13:17:41',NULL,112,1,62,NULL),(325,'2013-06-22 12:55:52','2013-06-29 12:55:52',2013,1,'2013-06-29 13:02:10',NULL,95,1,306,NULL),(326,'2013-06-22 12:57:14','2013-06-29 12:57:14',2013,1,'2013-06-29 13:03:11',NULL,97,1,247,NULL),(327,'2013-06-22 13:00:13','2013-06-29 13:00:13',2013,1,'2013-06-29 13:18:04',NULL,103,1,424,NULL),(328,'2013-08-03 13:00:48','2013-08-10 13:00:48',2013,1,'2013-08-24 13:19:53',NULL,83,1,355,NULL),(329,'2013-08-03 13:01:17','2013-08-10 13:01:17',2013,1,'2013-08-10 13:18:50',NULL,94,1,167,NULL),(330,'2013-08-03 13:02:25','2013-08-10 13:02:25',2013,1,'2013-08-10 13:14:00',NULL,95,1,108,NULL),(331,'2013-08-03 13:03:18','2013-08-10 13:03:18',2013,1,'2013-08-10 13:14:50',NULL,97,1,191,NULL),(332,'2013-08-03 13:03:46','2013-08-10 13:03:46',2013,1,'2013-08-24 13:19:53',NULL,104,1,356,NULL),(333,'2013-08-03 13:07:58','2013-08-10 13:07:58',2013,1,'2013-09-07 01:02:46',NULL,179,1,333,NULL),(334,'2013-08-03 13:09:08','2013-08-10 13:09:08',2013,1,'2014-10-18 10:13:35',NULL,180,1,350,NULL),(335,'2013-08-06 13:12:57','2013-08-13 13:12:57',2013,1,'2013-11-16 09:48:14',NULL,106,1,248,NULL),(336,'2013-08-10 13:14:07','2013-08-17 13:14:07',2013,1,'2013-08-17 13:19:23',NULL,95,1,271,NULL),(337,'2013-08-10 13:14:56','2013-08-17 13:14:56',2013,1,'2013-08-17 13:19:23',NULL,97,1,329,NULL),(338,'2013-08-10 13:20:55','2013-08-17 13:20:55',2013,1,'2013-08-31 13:28:59',NULL,103,1,275,NULL),(339,'2013-08-17 13:21:19','2013-08-17 13:21:19',2013,1,'2013-10-19 10:04:52',NULL,83,1,314,NULL),(340,'2013-08-17 13:21:53','2013-08-24 13:21:53',2013,1,'2013-10-19 10:02:54',NULL,85,1,419,NULL),(341,'2013-08-17 13:22:35','2013-08-24 13:22:35',2013,1,'2013-08-24 13:56:32',NULL,90,1,179,NULL),(342,'2013-08-17 13:23:04','2013-08-24 13:23:04',2013,1,'2013-09-07 01:27:44',NULL,95,1,311,NULL),(343,'2013-08-17 13:24:05','2013-08-24 13:24:05',2013,1,'2013-08-31 13:57:40',NULL,101,1,341,NULL),(344,'2013-08-17 13:24:30','2013-08-24 13:24:30',2013,1,'2013-08-24 13:56:32',NULL,104,1,239,NULL),(345,'2013-08-17 13:26:57','2013-08-24 13:26:57',2013,1,'2013-08-24 13:56:32',NULL,181,1,177,NULL),(346,'2013-08-24 13:27:22','2013-08-31 13:27:22',2013,1,'2013-09-21 09:48:39',NULL,83,1,87,NULL),(347,'2013-08-24 13:27:45','2013-08-31 13:27:45',2013,1,'2013-09-07 01:20:26',NULL,90,1,420,NULL),(348,'2013-08-24 13:28:09','2013-08-31 13:28:09',2013,1,'2013-08-31 13:57:40',NULL,97,1,131,NULL),(349,'2013-08-24 13:29:07','2013-08-31 13:29:07',2013,1,'2013-11-30 09:46:28',NULL,103,1,381,NULL),(350,'2013-08-31 13:29:42','2013-09-07 13:29:42',2013,1,'2013-10-19 10:02:54',NULL,85,1,329,NULL),(351,'2013-08-31 13:30:51','2013-09-07 13:30:51',2013,1,'2013-11-23 09:50:39',NULL,98,1,238,NULL),(352,'2013-08-31 13:31:14','2013-09-07 13:31:14',2013,1,'2013-09-07 01:32:06',NULL,101,1,282,NULL),(353,'2013-08-31 13:31:46','2013-09-07 13:31:46',2013,1,'2013-09-21 10:33:43',NULL,104,1,323,NULL),(354,'2013-08-31 13:51:21','2013-09-07 13:51:21',2013,1,'2013-10-26 09:38:09',NULL,182,1,308,NULL),(355,'2013-03-30 13:53:04','2013-04-06 13:53:04',2013,1,'2013-04-06 13:54:34',NULL,94,1,91,NULL),(356,'2013-08-10 00:00:00','2013-08-17 00:00:00',2013,1,'2013-08-17 00:00:00',NULL,83,1,319,NULL),(357,'2013-04-06 00:00:00','2013-04-13 00:00:00',2013,1,'2013-05-04 00:00:00',NULL,113,4,357,NULL),(358,'2013-04-20 00:00:00','2013-04-27 00:00:00',2013,1,'2013-04-27 00:00:00',NULL,94,4,357,NULL),(359,'2013-03-23 00:00:00','2013-03-30 00:00:00',2013,1,'2013-04-13 00:00:00',NULL,111,4,357,NULL),(360,'2013-03-23 00:00:00','2013-03-30 00:00:00',2013,1,'2013-04-06 00:00:00',NULL,103,4,312,NULL),(361,'2013-03-30 00:00:00','2013-04-06 00:00:00',2013,1,'2013-04-20 00:00:00',NULL,109,4,313,NULL),(362,'2013-04-20 00:00:00','2013-04-27 00:00:00',2013,1,'2013-05-04 00:00:00',NULL,103,4,313,NULL),(363,'2013-06-22 00:00:00','2013-06-29 00:00:00',2013,1,'2013-06-29 00:00:00',NULL,112,4,313,NULL),(364,'2013-06-01 00:00:00','2013-06-08 00:00:00',2013,1,'2013-06-08 00:00:00',NULL,90,4,313,NULL),(365,'0000-00-00 00:00:00','0000-00-00 00:00:00',0,0,NULL,NULL,97,4,250,NULL),(366,'2013-06-01 00:00:00','2013-06-08 00:00:00',2013,1,'2013-06-01 00:00:00',NULL,97,4,250,NULL),(367,'2013-06-08 00:00:00','2013-06-15 00:00:00',2013,1,'2013-06-15 00:00:00',NULL,94,4,250,NULL),(368,'2013-08-17 00:00:00','2013-08-24 00:00:00',2013,1,'2013-08-24 00:00:00',NULL,97,4,250,NULL),(369,'2013-04-13 00:00:00','2013-04-20 00:00:00',2013,1,'2013-04-20 00:00:00',NULL,83,4,266,NULL),(370,'2013-06-08 00:00:00','2013-06-15 00:00:00',2013,1,'2013-06-22 00:00:00',NULL,92,4,266,NULL),(371,'2013-04-27 00:00:00','2013-05-04 00:00:00',2013,1,'2013-06-01 00:00:00',NULL,101,4,266,NULL),(372,'2013-08-31 00:00:00','2013-09-07 00:00:00',2013,1,'2013-09-21 10:18:02',NULL,94,4,108,NULL),(373,'2013-08-03 00:00:00','2013-08-10 00:00:00',2013,1,'2013-08-10 00:00:00',NULL,181,4,299,NULL),(374,'2013-05-04 00:00:00','2013-05-11 00:00:00',2013,1,'2013-05-11 00:00:00',NULL,83,4,384,NULL),(375,'2013-03-23 00:00:00','2013-03-30 00:00:00',2013,1,'2013-04-06 00:00:00',NULL,95,4,268,NULL),(376,'2013-04-27 00:00:00','2013-05-04 00:00:00',2013,1,'2013-06-08 00:00:00',NULL,92,4,268,NULL),(377,'2013-05-11 00:00:00','2013-05-18 00:00:00',2013,1,'2013-05-18 00:00:00',NULL,97,4,69,NULL),(378,'2013-08-31 15:26:09','2013-09-07 15:26:09',2013,1,'2013-09-07 15:26:58',NULL,53,1,285,NULL),(379,'2013-09-07 15:26:30','2013-09-14 15:26:30',2013,1,'2013-09-28 09:52:49',NULL,53,1,59,NULL),(380,'2013-09-07 15:29:46','2013-09-14 15:29:46',2013,1,'2013-11-23 09:50:39',NULL,42,1,177,NULL),(381,'2013-08-24 23:31:43','2013-08-31 23:31:43',2013,1,'2013-08-31 23:32:29',NULL,45,1,61,NULL),(382,'2013-08-31 23:32:09','2013-09-07 23:32:09',2013,1,'2013-09-21 10:23:46',NULL,45,1,134,NULL),(383,'2013-09-07 23:37:18','2013-09-14 23:37:18',2013,1,'2013-09-21 10:17:22',NULL,47,1,275,NULL),(384,'2013-09-07 23:40:15','2013-09-14 23:40:15',2013,1,'2013-09-21 10:25:43',NULL,49,1,76,NULL),(385,'2013-08-24 23:41:57','2013-08-31 23:41:57',2013,1,'2014-03-08 11:13:41',NULL,50,1,74,NULL),(386,'2013-09-07 23:47:16','2013-09-14 23:47:16',2013,1,'2013-09-21 09:55:25',NULL,50,1,357,NULL),(387,'2013-08-31 23:48:50','2013-09-07 23:48:50',2013,1,'2013-09-07 23:49:17',NULL,50,1,173,NULL),(388,'2013-08-24 23:54:34','2013-08-31 23:54:34',2013,1,'2013-08-31 23:56:04',NULL,54,1,425,NULL),(389,'2013-08-31 23:55:05','2013-09-07 23:55:05',2013,1,'2013-09-21 10:23:07',NULL,54,1,293,NULL),(390,'2013-08-24 00:08:04','2013-08-31 00:08:04',2013,1,'2013-09-28 10:00:09',NULL,55,1,63,NULL),(391,'2013-08-31 00:08:49','2013-09-07 00:08:49',2013,1,'2013-09-28 10:00:09',NULL,55,1,246,NULL),(392,'2013-08-24 00:28:12','2013-08-31 00:28:12',2013,1,'2013-08-31 00:29:03',NULL,56,1,426,NULL),(393,'2013-08-31 00:28:42','2013-09-07 00:28:42',2013,1,'2013-09-07 00:29:17',NULL,56,1,244,NULL),(394,'2013-09-07 00:29:44','2013-09-14 00:29:44',2013,1,'2013-09-21 10:23:07',NULL,56,1,289,NULL),(395,'2013-08-24 00:36:18','2013-08-31 00:36:18',2013,1,'2013-09-07 00:37:19',NULL,57,1,75,NULL),(396,'2013-09-07 00:36:45','2013-09-14 00:36:45',2013,1,'2013-09-21 10:24:15',NULL,57,1,285,NULL),(397,'2013-09-07 00:39:10','2013-09-14 00:39:10',2013,1,'2013-09-21 10:24:51',NULL,183,1,305,NULL),(398,'2013-09-07 00:42:15','2013-09-14 00:42:15',2013,1,'2013-09-21 10:15:00',NULL,59,1,70,NULL),(399,'2013-09-07 00:52:20','2013-09-14 00:52:20',2013,1,'2016-05-01 10:11:32',NULL,68,1,186,NULL),(400,'2013-09-07 00:54:37','2013-09-14 00:54:37',2013,1,'2013-11-09 10:30:55',NULL,70,1,174,NULL),(401,'2013-09-07 01:03:09','2013-09-14 01:03:09',2013,1,'2013-09-21 10:22:22',NULL,71,1,333,NULL),(402,'2013-09-07 01:04:54','2013-09-14 01:04:54',2013,1,'2013-09-21 09:52:27',NULL,72,1,326,NULL),(403,'2013-09-07 01:07:12','2013-09-14 01:07:12',2013,1,'2013-09-21 10:21:42',NULL,73,1,339,NULL),(404,'2013-08-24 00:00:00','2013-08-31 00:00:00',2013,1,'2013-08-31 00:00:00',NULL,80,4,389,NULL),(405,'2013-09-07 01:21:33','2013-09-14 01:21:33',2013,1,'2013-09-21 10:31:39',14,NULL,1,429,NULL),(406,'2013-04-27 00:00:00','2013-05-04 00:00:00',2013,1,'2013-06-08 00:00:00',NULL,85,4,268,NULL),(407,'2013-06-08 00:00:00','2013-06-15 00:00:00',2013,1,'2013-06-22 00:00:00',NULL,85,4,266,NULL),(408,'2013-09-07 01:23:57','2013-09-14 01:23:57',2013,1,'2013-09-21 09:46:48',NULL,90,1,353,NULL),(409,'2013-09-07 01:26:28','2013-09-14 01:26:28',2013,1,'2013-10-05 09:42:11',NULL,94,1,301,NULL),(410,'2013-09-07 01:28:12','2013-09-14 01:28:12',2013,1,'2013-09-28 09:39:43',NULL,95,1,223,NULL),(411,'2013-09-07 01:29:54','2013-09-14 01:29:54',2013,1,'2013-10-19 10:04:52',NULL,97,1,90,NULL),(412,'2013-09-07 01:32:31','2013-09-14 01:32:31',2013,1,'2013-10-05 09:42:11',NULL,101,1,318,NULL),(413,'2013-09-07 01:34:22','2013-09-14 01:34:22',2013,1,'2013-10-05 09:42:11',NULL,103,1,313,NULL),(414,'2013-03-23 00:00:00','2013-03-30 00:00:00',2013,1,'2013-03-30 00:00:00',NULL,104,4,236,NULL),(415,'2013-09-07 01:44:39','2013-09-14 01:44:39',2013,1,'2014-05-24 09:54:50',NULL,107,1,92,NULL),(416,'2013-08-31 01:48:02','2013-09-07 01:48:02',2013,1,'2013-09-28 09:39:43',NULL,114,1,273,NULL),(417,'2013-03-09 11:23:19','2013-03-16 11:23:19',2013,1,'2013-03-16 11:26:47',NULL,118,1,431,NULL),(418,'2013-03-09 11:23:47','2013-03-16 11:23:47',2013,1,'2013-03-16 11:28:07',NULL,129,1,336,NULL),(419,'2013-03-16 11:24:35','2013-03-23 11:24:35',2013,1,'2013-03-23 21:40:39',NULL,118,1,366,NULL),(420,'2013-03-16 11:27:21','2013-03-23 11:27:21',2013,1,'2013-04-06 11:28:26',NULL,129,1,431,NULL),(421,'2013-03-30 11:28:57','2013-04-06 11:28:57',2013,1,'2013-04-06 11:41:24',NULL,129,1,376,NULL),(422,'2013-03-30 11:29:52','2013-04-06 11:29:52',2013,1,'2013-04-06 21:47:44',NULL,130,1,64,NULL),(423,'2013-03-30 11:31:27','2013-04-06 11:31:27',2013,1,'2013-04-13 21:41:09',NULL,118,1,432,NULL),(424,'2013-04-06 11:37:01','2013-04-13 11:37:01',2013,1,'2013-04-13 22:25:55',NULL,129,1,434,NULL),(425,'2013-04-06 11:39:15','2013-04-13 11:39:15',2013,1,'2013-04-13 22:25:55',NULL,136,1,435,NULL),(426,'2013-04-06 11:39:52','2013-04-13 11:39:52',2013,1,'2013-04-13 11:40:22',NULL,139,1,81,NULL),(427,'2013-04-20 11:40:49','2013-04-27 11:40:49',2013,0,NULL,NULL,127,1,81,NULL),(428,'2013-04-13 11:41:41','2013-04-20 11:41:41',2013,1,'2013-04-27 22:27:40',NULL,129,1,364,NULL),(429,'2013-04-06 11:42:18','2013-04-13 11:42:18',2013,1,'2013-04-27 22:27:40',NULL,130,1,206,NULL),(430,'2013-04-13 21:42:58','2013-04-20 21:42:58',2013,1,'2013-05-18 22:29:40',NULL,118,1,436,NULL),(431,'2013-04-20 21:43:38','2013-04-27 21:43:38',2013,1,'2013-04-27 22:00:13',NULL,127,1,107,NULL),(432,'2013-04-27 21:44:21','2013-05-04 21:44:21',2013,1,'2013-05-04 22:28:06',NULL,136,1,124,NULL),(433,'2013-04-27 21:45:10','2013-05-04 21:45:10',2013,1,'2013-05-11 22:28:48',NULL,118,1,84,NULL),(434,'2013-04-27 21:48:35','2013-05-04 21:48:35',2013,1,'2013-05-18 22:29:40',NULL,130,1,437,NULL),(435,'2013-04-27 22:00:48','2013-05-04 22:00:48',2013,1,'2013-05-25 22:30:03',NULL,127,1,439,NULL),(436,'2013-04-27 22:23:37','2013-05-04 22:23:37',2013,1,'2013-06-01 22:30:29',NULL,117,1,440,NULL),(437,'2013-04-27 22:31:41','2013-05-04 22:31:41',2013,1,'2013-06-01 16:38:48',NULL,129,1,210,NULL),(438,'2013-05-04 22:32:14','2013-05-11 22:32:14',2013,1,'2013-11-16 09:54:19',NULL,136,1,262,NULL),(439,'2013-05-11 22:33:20','2013-05-18 22:33:20',2013,1,'2013-05-18 16:37:58',NULL,118,1,218,NULL),(440,'2013-05-11 16:22:09','2013-05-18 16:22:09',2013,1,'2013-07-06 16:39:23',NULL,124,1,270,NULL),(441,'2013-05-11 16:22:44','2013-05-18 16:22:44',2013,1,'2013-07-06 16:39:23',NULL,116,1,342,NULL),(442,'2013-05-11 16:25:00','2013-05-18 16:25:00',2013,1,'2013-08-24 16:39:43',NULL,184,1,282,NULL),(443,'2013-05-11 16:25:29','2013-05-18 16:25:29',2013,1,'2013-09-21 09:51:21',NULL,122,1,358,NULL),(444,'2013-05-11 16:31:05','2013-05-18 16:31:05',2013,1,'2022-03-25 23:44:00',NULL,87,1,243,'baixa_pandemia_25_03_2022'),(445,'2013-05-18 16:33:09','2013-05-25 16:33:09',2013,1,'2013-05-25 16:38:31',NULL,118,1,441,NULL),(446,'2013-05-18 16:36:10','2013-05-25 16:36:10',2013,1,'2013-06-08 16:39:02',NULL,129,1,442,NULL),(447,'2013-06-01 16:40:32','2013-06-08 16:40:32',2013,1,'2013-06-15 16:44:59',NULL,129,1,218,NULL),(448,'2013-06-08 16:41:00','2013-06-15 16:41:00',2013,1,'2013-06-15 16:44:59',NULL,129,1,335,NULL),(449,'2013-06-15 16:42:08','2013-06-22 16:42:08',2013,1,'2013-06-22 17:03:34',NULL,143,1,443,NULL),(450,'2013-06-15 16:42:33','2013-09-22 16:42:33',2013,1,'2013-06-29 17:04:14',NULL,117,1,400,NULL),(451,'2013-06-15 16:43:08','2013-06-22 16:43:08',2013,1,'2013-06-29 17:04:14',NULL,118,1,435,NULL),(452,'2013-06-15 16:45:24','2013-06-22 16:45:24',2013,1,'2013-06-29 17:04:14',NULL,129,1,448,NULL),(453,'2013-06-15 16:45:52','2013-06-22 16:45:52',2013,1,'2013-08-03 17:04:41',NULL,138,1,91,NULL),(454,'2013-08-03 16:47:07','2013-08-10 16:47:07',2013,1,'2013-08-10 16:54:30',NULL,129,1,436,NULL),(455,'2013-08-10 16:47:38','2013-08-17 16:47:38',2013,1,'2013-08-17 16:56:23',NULL,118,1,210,NULL),(456,'2013-08-10 16:49:15','2013-08-17 16:49:15',2013,1,'2013-08-17 17:04:56',NULL,127,1,449,NULL),(457,'2013-08-10 16:51:07','2013-08-17 16:51:07',2013,1,'2013-08-24 17:05:56',NULL,134,1,450,NULL),(458,'2013-08-10 16:52:48','2013-08-17 16:52:48',2013,1,'2013-08-31 17:06:18',NULL,117,1,451,NULL),(459,'2013-08-10 16:54:47','2013-08-17 16:54:47',2013,1,'2013-08-31 17:06:42',NULL,129,1,452,NULL),(460,'2013-08-10 16:55:22','2013-08-17 16:55:22',2013,1,'2022-03-25 23:44:00',NULL,135,1,423,'baixa_pandemia_25_03_2022'),(461,'2013-08-10 16:55:45','2013-08-17 16:55:45',2013,1,'2014-05-17 10:53:23',NULL,137,1,144,NULL),(462,'2013-08-17 16:56:33','2013-08-24 16:56:33',2013,1,'2013-08-24 17:05:56',NULL,118,1,197,NULL),(463,'2013-08-17 16:57:06','2013-08-24 16:57:06',2013,1,'2013-08-24 17:05:56',NULL,127,1,244,NULL),(464,'2013-08-17 16:57:33','2013-08-24 16:57:33',2013,1,'2013-08-24 17:05:56',NULL,134,1,420,NULL),(465,'2013-08-17 16:58:40','2013-08-24 16:58:40',2013,1,'2013-08-24 17:05:56',NULL,139,1,141,NULL),(466,'2013-08-17 17:01:41','2013-08-24 17:01:41',2013,1,'2013-08-24 17:05:56',NULL,185,1,366,NULL),(467,'2013-08-17 21:30:43','2013-08-24 21:30:43',2013,1,'2013-08-31 21:59:42',NULL,129,1,449,NULL),(468,'2013-08-17 21:39:27','2013-08-24 21:39:27',2013,1,'2013-09-07 22:00:46',NULL,133,1,453,NULL),(469,'2013-08-17 21:39:58','2103-08-24 21:39:58',2013,1,'2013-09-21 11:06:12',NULL,119,1,368,NULL),(470,'2013-08-17 21:42:20','2013-08-24 21:42:20',2013,1,'2014-03-29 10:06:08',NULL,143,1,455,NULL),(471,'2013-08-24 21:44:19','2013-08-31 21:44:19',2013,1,'2013-09-07 22:00:46',NULL,117,1,430,NULL),(472,'2013-08-24 21:44:54','2013-08-31 21:44:54',2013,1,'2013-09-07 22:00:46',NULL,127,1,447,NULL),(473,'2013-08-24 21:45:09','2013-08-31 21:45:09',2013,0,NULL,NULL,127,1,447,NULL),(474,'2013-08-24 21:45:46','2013-08-31 21:45:46',2013,1,'2013-09-21 11:05:06',NULL,118,1,88,NULL),(475,'2013-08-24 21:47:03','2013-08-31 21:47:03',2013,1,'2013-09-21 10:15:00',NULL,134,1,86,NULL),(476,'2013-08-24 21:49:29','2013-08-31 21:49:29',2013,1,'2014-03-29 10:34:20',NULL,184,1,371,NULL),(477,'2013-08-24 21:50:05','2013-08-31 21:50:05',2013,1,'2013-09-21 09:45:11',NULL,185,1,366,NULL),(478,'2013-08-31 21:53:44','2013-09-07 21:53:44',2013,1,'2013-09-07 22:00:46',NULL,117,1,82,NULL),(479,'2013-08-31 21:54:23','2013-09-07 21:54:23',2013,1,'2013-09-07 22:00:46',NULL,184,1,58,NULL),(480,'2013-08-31 21:54:54','2013-09-07 21:54:54',2013,1,'2013-10-26 09:36:03',NULL,119,1,436,NULL),(481,'2013-08-31 21:55:28','2013-09-07 21:55:28',2013,1,'2013-09-28 09:39:43',NULL,129,1,106,NULL),(482,'2013-09-07 22:05:16','2013-09-14 22:05:16',2013,1,'2013-10-05 09:42:11',NULL,117,1,463,NULL),(483,'2013-09-07 22:05:49','2013-09-14 22:05:49',2013,1,'2013-09-21 10:59:52',NULL,139,1,148,NULL),(484,'2013-09-07 22:06:14','2013-09-14 22:06:14',2013,1,'2022-03-25 23:44:00',NULL,141,1,432,'baixa_pandemia_25_03_2022'),(485,'2013-09-07 22:09:15','2013-09-14 22:09:15',2013,1,'2013-11-16 09:45:29',NULL,186,1,133,NULL),(486,'2013-09-07 22:10:25','2013-09-14 22:10:25',2013,1,'2013-09-21 11:03:33',NULL,127,1,197,NULL),(487,'2013-09-07 22:10:59','2013-09-14 22:10:59',2013,1,'2013-09-21 09:45:47',NULL,133,1,394,NULL),(488,'2013-09-07 22:11:29','2013-09-14 22:11:29',2013,1,'2013-10-05 09:42:11',NULL,184,1,147,NULL),(489,'2013-09-07 22:12:01','2013-09-14 22:12:01',2013,1,'2022-03-25 23:44:00',NULL,185,1,139,'baixa_pandemia_25_03_2022'),(490,'2013-03-09 00:00:00','2013-03-16 00:00:00',2013,1,'2013-03-30 00:00:00',NULL,130,4,326,NULL),(491,'2013-08-31 00:00:00','2013-09-07 00:00:00',2013,1,'2013-09-21 09:45:11',NULL,186,4,366,NULL),(492,'2013-03-09 00:00:00','2013-03-16 00:00:00',2013,1,'2013-04-06 00:00:00',NULL,127,4,418,NULL),(493,'2013-08-17 00:00:00','2013-08-24 00:00:00',2013,1,'2013-08-24 00:00:00',NULL,184,4,293,NULL),(494,'2013-03-16 00:00:00','2013-03-23 00:00:00',2013,1,'2013-04-06 00:00:00',NULL,117,4,76,NULL),(495,'2013-04-06 00:00:00','2013-04-13 00:00:00',2013,1,'2013-04-13 00:00:00',NULL,134,4,366,NULL),(496,'2013-08-10 00:00:00','2013-08-17 00:00:00',2013,1,'2013-08-31 00:00:00',NULL,136,4,366,NULL),(497,'2013-06-22 00:00:00','2013-06-29 00:00:00',2013,1,'2013-08-03 00:00:00',NULL,139,4,90,NULL),(498,'2013-08-24 00:00:00','2013-08-31 00:00:00',2013,1,'2013-08-31 00:00:00',NULL,139,4,108,NULL),(499,'2013-08-24 00:00:00','2013-08-31 00:00:00',2013,1,'2013-08-31 00:00:00',NULL,138,4,70,NULL),(500,'2013-08-17 00:00:00','2013-08-24 00:00:00',2013,1,'2013-08-24 00:00:00',NULL,138,4,134,NULL),(501,'2013-03-09 23:32:04','2013-03-16 23:32:04',2013,1,'2013-03-16 23:45:54',NULL,149,1,465,NULL),(502,'2013-03-09 23:32:39','2013-03-16 23:32:39',2013,1,'2013-03-16 23:45:54',NULL,171,1,210,NULL),(503,'2013-03-16 23:34:08','2013-03-23 23:34:08',2013,1,'2013-04-06 23:47:40',NULL,144,1,466,NULL),(504,'2013-03-16 23:35:30','2013-03-23 23:35:30',2013,1,'2013-04-13 23:48:04',NULL,162,1,377,NULL),(505,'2013-03-16 23:35:58','2013-03-23 23:35:58',2013,1,'2013-04-20 23:48:42',NULL,165,1,288,NULL),(506,'2013-03-16 23:36:34','2013-03-23 23:36:34',2013,1,'2013-03-23 23:42:57',NULL,171,1,154,NULL),(507,'2013-03-16 23:37:00','2013-03-23 23:37:00',2013,1,'2013-03-30 23:47:13',NULL,175,1,84,NULL),(508,'2013-03-30 23:39:54','2013-04-06 23:39:54',2013,1,'2013-04-06 23:49:21',NULL,149,1,467,NULL),(509,'2013-03-30 23:41:11','2013-04-06 23:41:11',2013,1,'2013-04-06 23:47:40',NULL,150,1,244,NULL),(510,'2013-03-30 23:43:05','2013-04-06 23:43:05',2013,1,'2013-03-30 23:47:13',NULL,171,1,471,NULL),(511,'2013-03-30 23:43:36','2013-04-06 23:43:36',2013,1,'2013-04-13 23:48:04',NULL,175,1,58,NULL),(512,'2013-04-06 23:44:21','2013-04-13 23:44:21',2013,1,'2013-04-20 23:48:42',NULL,144,1,236,NULL),(513,'2013-04-06 23:50:05','2013-04-13 23:50:05',2013,1,'2013-06-29 19:24:07',NULL,148,1,466,NULL),(514,'2013-04-06 23:57:54','2013-04-13 23:57:54',2013,1,'2015-08-30 09:03:57',NULL,150,1,406,NULL),(515,'2013-04-06 23:58:28','2013-04-13 23:58:28',2013,1,'2013-06-22 19:23:48',NULL,151,1,154,NULL),(516,'2013-04-06 23:59:00','2013-04-13 23:59:00',2013,1,'2013-04-13 19:21:13',NULL,171,1,60,NULL),(517,'2013-04-13 23:59:44','2013-04-20 23:59:44',2013,1,'2013-05-11 19:22:05',NULL,162,1,365,NULL),(518,'2013-04-27 00:05:40','2013-05-04 00:05:40',2013,1,'2013-05-04 19:21:39',NULL,149,1,167,NULL),(519,'2013-04-27 00:06:14','2013-05-04 00:06:14',2013,1,'2013-08-24 19:24:33',NULL,165,1,152,NULL),(520,'2013-04-27 00:06:44','2013-05-04 00:06:44',2013,1,'2013-05-11 19:22:05',NULL,170,1,356,NULL),(521,'2013-04-27 00:07:14','2013-05-04 00:07:14',2013,1,'2013-05-11 00:11:57',NULL,171,1,407,NULL),(522,'2013-04-27 00:07:56','2013-05-04 00:07:56',2013,1,'2013-05-18 19:22:21',NULL,175,1,322,NULL),(523,'2013-05-04 00:08:24','2013-05-11 00:08:24',2013,1,'2013-05-11 00:08:59',NULL,149,1,288,NULL),(524,'2013-05-11 00:09:21','2013-05-18 00:09:21',2013,1,'2013-06-08 19:23:18',NULL,149,1,335,NULL),(525,'2013-05-11 00:12:08','2013-05-18 00:12:08',2013,1,'2013-05-18 19:15:13',NULL,171,1,472,NULL),(526,'2013-05-18 00:13:59','2013-05-25 00:13:59',2013,1,'2013-06-01 19:22:59',NULL,170,1,473,NULL),(527,'2013-05-18 19:15:40','2013-05-25 19:15:40',2013,1,'2013-05-25 19:22:37',NULL,171,1,110,NULL),(528,'2013-05-25 19:18:21','2013-06-01 19:18:21',2013,1,'2013-11-30 09:59:25',NULL,162,1,281,NULL),(529,'2013-06-01 19:25:47','2013-06-08 19:25:47',2013,1,'2013-11-30 09:59:25',NULL,162,1,472,NULL),(530,'2013-06-01 19:26:26','2013-06-08 19:26:26',2013,1,'2013-06-08 17:03:57',NULL,171,1,190,NULL),(531,'2013-06-22 19:28:28','2013-06-29 19:28:28',2013,1,'2013-08-24 01:06:33',NULL,170,1,200,NULL),(532,'2013-06-22 19:28:57','2013-06-29 19:28:57',2013,1,'2013-06-29 19:31:36',NULL,171,1,335,NULL),(533,'2013-08-03 19:29:30','2013-08-10 19:29:30',2013,1,'2013-08-10 19:30:41',NULL,144,1,431,NULL),(534,'2013-08-10 19:31:48','2013-08-17 19:31:48',2013,1,'2013-08-17 17:08:08',NULL,171,1,431,NULL),(535,'2013-08-17 17:00:07','2013-08-24 17:00:07',2013,1,'2014-11-15 09:41:20',NULL,148,1,474,NULL),(536,'2013-08-17 17:01:13','2013-08-24 17:01:13',2013,1,'2013-08-24 01:06:33',NULL,149,1,271,NULL),(537,'2013-08-17 17:02:38','2013-08-24 17:02:38',2013,1,'2013-08-31 01:06:56',NULL,160,1,475,NULL),(538,'2013-08-17 17:03:22','2013-08-24 17:03:22',2013,1,'2014-04-05 13:44:51',NULL,165,1,397,NULL),(539,'2013-08-17 17:04:23','2013-08-24 17:04:23',2013,1,'2013-08-24 00:53:38',NULL,171,1,410,NULL),(540,'2013-08-24 17:06:58','2013-08-31 17:06:58',2013,1,'2013-09-07 01:07:54',NULL,144,1,476,NULL),(541,'2013-08-24 17:09:05','2013-08-31 17:09:05',2013,1,'2013-08-30 00:52:55',NULL,171,1,198,NULL),(542,'2013-08-24 17:09:28','2013-08-31 17:09:28',2013,1,'2013-09-21 09:47:39',NULL,175,1,239,NULL),(543,'2013-08-31 17:09:58','2013-09-07 17:09:58',2013,1,'2013-09-07 00:54:35',NULL,149,1,347,NULL),(544,'2013-08-31 00:54:06','2013-09-07 00:54:06',2013,1,'2013-09-07 01:07:54',NULL,171,1,410,NULL),(545,'2013-09-07 00:54:57','2013-09-14 00:54:57',2013,1,'2014-04-12 13:01:06',NULL,149,1,251,NULL),(546,'2013-09-07 00:55:29','2013-09-14 00:55:29',2013,1,'2013-09-07 01:04:10',NULL,154,1,451,NULL),(547,'2013-09-07 00:59:46','2013-09-14 00:59:46',2013,1,'2013-09-21 09:44:16',NULL,171,1,151,NULL),(548,'2013-08-31 01:02:36','2013-09-07 01:02:36',2013,1,'2013-09-07 01:07:54',NULL,154,1,478,NULL),(549,'2013-08-24 01:04:34','2013-08-31 01:04:34',2013,1,'2013-09-07 01:07:54',NULL,154,1,479,NULL),(550,'2013-03-16 00:00:00','2013-03-23 00:00:00',2013,1,'2013-03-23 00:00:00',NULL,149,4,301,NULL),(551,'2013-03-23 00:00:00','2013-03-30 00:00:00',2013,1,'2013-03-30 00:00:00',NULL,171,4,86,NULL),(552,'2013-03-23 00:00:00','2013-03-30 00:00:00',2013,1,'2013-03-30 00:00:00',NULL,149,4,275,NULL),(553,'2013-04-06 00:00:00','2013-04-13 00:00:00',2013,1,'2013-04-20 00:00:00',NULL,171,4,301,NULL),(554,'2013-04-06 00:00:00','2013-04-13 00:00:00',2013,1,'2013-04-13 00:00:00',NULL,149,4,250,NULL),(555,'2013-04-13 00:00:00','2013-04-20 00:00:00',2013,1,'2013-04-20 00:00:00',NULL,149,4,350,NULL),(556,'2013-04-20 00:00:00','2013-04-27 00:00:00',2013,1,'2013-04-27 00:00:00',NULL,149,4,277,NULL),(557,'2013-04-20 00:00:00','2013-04-27 00:00:00',2013,1,'2013-04-27 00:00:00',NULL,171,4,273,NULL),(558,'2013-05-11 00:00:00','2013-05-18 00:00:00',2013,1,'2013-06-21 00:00:00',NULL,162,4,86,NULL),(559,'2013-05-18 00:00:00','2013-05-25 00:00:00',2013,1,'2013-06-22 00:00:00',NULL,175,4,419,NULL),(560,'2013-05-25 00:00:00','2013-06-01 00:00:00',2013,1,'2013-06-01 00:00:00',NULL,171,4,432,NULL),(561,'2013-06-08 00:00:00','2013-06-15 00:00:00',2013,1,'2013-06-15 00:00:00',NULL,171,4,308,NULL),(562,'2013-06-15 00:00:00','2013-06-22 00:00:00',2013,1,'2013-06-22 00:00:00',NULL,149,4,313,NULL),(563,'2013-06-15 00:00:00','2013-06-22 00:00:00',2013,1,'2013-06-22 00:00:00',NULL,171,4,90,NULL),(564,'2013-06-22 00:00:00','2013-06-29 00:00:00',2013,1,'2013-06-29 00:00:00',NULL,149,4,323,NULL),(565,'2013-08-03 00:00:00','2013-08-10 00:00:00',2013,1,'2013-08-10 00:00:00',NULL,149,4,318,NULL),(566,'2013-08-10 00:00:00','2013-08-17 00:00:00',2013,1,'2013-08-24 00:00:00',NULL,149,4,436,NULL),(567,'2013-08-17 00:00:00','2013-08-24 00:00:00',2013,1,'2013-08-24 00:00:00',NULL,175,4,285,NULL),(568,'2013-08-24 00:00:00','2013-08-31 00:00:00',2013,1,'2013-09-07 00:00:00',NULL,149,4,92,NULL),(569,'2013-08-31 00:00:00','2013-09-07 00:00:00',2013,1,'2013-09-07 01:58:38',NULL,170,4,197,NULL),(570,'2013-03-16 02:14:22','2013-03-23 02:14:22',2013,1,'2013-03-30 02:14:44',NULL,176,1,364,NULL),(571,'2013-09-21 09:53:32','2013-09-28 09:53:32',2013,1,'2013-09-28 09:48:40',NULL,56,1,386,NULL),(572,'2013-09-21 09:54:50','2013-09-28 09:54:50',2013,1,'2013-10-05 09:44:42',NULL,45,1,131,NULL),(573,'2013-09-21 09:55:46','2013-09-28 09:55:46',2013,1,'2013-09-28 09:48:40',NULL,50,1,413,NULL),(574,'2013-09-21 09:57:35','2013-09-28 09:57:35',2013,1,'2013-10-05 09:44:42',NULL,183,1,416,NULL),(575,'2013-09-21 09:59:40','2013-09-28 09:59:40',2013,1,'2013-11-09 10:27:41',NULL,61,1,345,NULL),(576,'2013-09-21 10:00:26','2013-09-28 10:00:26',2013,1,'2013-10-19 10:02:54',NULL,72,1,85,NULL),(577,'2013-09-21 10:01:04','2013-09-28 10:01:04',2013,1,'2013-10-19 10:02:54',NULL,66,1,269,NULL),(578,'2013-09-21 10:05:11','2013-09-28 10:05:11',2013,1,'2014-03-29 10:20:44',NULL,73,1,450,NULL),(579,'2013-09-21 10:07:36','2013-09-28 10:07:36',2013,1,'2013-09-28 09:48:40',NULL,187,1,179,NULL),(580,'2013-09-21 10:10:00','2013-09-28 10:10:00',2013,1,'2013-09-28 10:16:50',NULL,49,1,138,NULL),(581,'2013-09-21 10:12:46','2013-09-28 10:12:46',2013,1,'2013-09-28 09:39:43',NULL,65,1,143,NULL),(582,'2013-09-21 11:09:43','2013-09-28 11:09:43',2013,1,'2013-09-28 10:12:01',NULL,181,1,270,NULL),(583,'2013-09-21 10:28:21','2013-09-28 10:28:21',2013,1,'2013-09-28 09:39:43',NULL,83,1,176,NULL),(584,'2013-09-21 10:29:02','2013-09-28 10:29:02',2013,1,'2013-09-21 11:10:31',NULL,90,1,66,NULL),(585,'2013-09-21 10:30:05','2013-09-28 10:30:05',2013,1,'2013-10-19 10:13:16',NULL,102,1,126,NULL),(586,'2013-09-21 10:30:05','2013-09-28 10:30:05',2013,0,NULL,NULL,102,1,126,NULL),(587,'2013-09-21 10:30:42','2013-09-28 10:30:42',2013,1,'2013-09-21 11:11:24',NULL,109,1,78,NULL),(588,'2013-09-21 10:35:22','2013-09-28 10:35:22',2013,1,'2013-10-05 09:43:29',NULL,57,1,453,NULL),(589,'2013-09-21 10:39:33','2013-09-28 10:39:33',2013,1,'2013-09-28 09:50:49',NULL,43,1,299,NULL),(590,'2013-09-21 10:51:35','2013-09-28 10:51:35',2013,1,'2013-11-02 10:49:23',NULL,171,1,209,NULL),(591,'2013-09-21 10:52:19','2013-09-28 10:52:19',2013,1,'2013-10-05 10:03:20',NULL,175,1,86,NULL),(592,'2013-09-21 10:53:23','2013-09-28 10:53:23',2013,1,'2014-03-22 11:21:10',NULL,170,1,365,NULL),(593,'2013-09-21 10:57:19','2013-09-28 10:57:19',2013,1,'2013-09-21 11:02:04',NULL,186,1,68,NULL),(594,'2013-09-21 11:00:51','2013-09-28 11:00:51',2013,1,'2013-10-05 09:48:29',NULL,117,1,480,NULL),(595,'2013-09-21 11:08:31','2013-09-28 11:08:31',2013,1,'2013-10-05 10:06:32',22,NULL,1,481,NULL),(596,'2013-09-21 01:09:36','2013-09-28 01:09:36',2013,1,'2013-10-05 09:43:29',NULL,54,1,485,NULL),(597,'2013-09-21 01:12:11','2013-09-28 01:12:11',2013,1,'2013-10-05 09:43:29',NULL,183,1,486,NULL),(598,'2013-09-28 09:41:48','2013-10-05 09:41:48',2013,1,'2013-10-19 10:02:54',NULL,72,1,122,NULL),(599,'2013-09-28 09:42:41','2013-10-05 09:42:41',2013,1,'2013-10-05 09:51:32',NULL,68,1,140,NULL),(600,'2013-09-28 09:43:27','2013-10-05 09:43:27',2013,1,'2014-04-05 13:46:46',NULL,187,1,77,NULL),(601,'2013-09-28 09:44:07','2013-10-05 09:44:07',2013,1,'2013-10-05 09:45:23',NULL,59,1,412,NULL),(602,'2013-09-28 09:44:39','2013-10-05 09:44:39',2013,1,'2014-07-19 20:47:54',NULL,65,1,88,NULL),(603,'2013-09-28 09:56:13','2013-10-05 09:56:13',2013,1,'2013-10-26 09:36:03',NULL,56,1,165,NULL),(604,'2013-09-28 09:57:13','2013-10-05 09:57:13',2013,1,'2013-11-02 09:59:27',NULL,54,1,135,NULL),(605,'2013-09-28 09:57:43','2013-10-05 09:57:43',2013,1,'2013-10-05 09:44:42',NULL,50,1,325,NULL),(606,'2013-09-28 09:58:14','2013-10-05 09:58:14',2013,1,'2013-10-26 09:38:09',NULL,42,1,72,NULL),(607,'2013-09-28 10:00:41','2013-10-05 10:00:41',2013,1,'2013-10-26 10:06:39',NULL,55,1,413,NULL),(608,'2013-09-28 10:01:23','2013-10-05 10:01:23',2013,1,'2013-10-05 09:43:29',NULL,43,1,299,NULL),(609,'2013-09-28 10:02:25','2013-10-05 10:02:25',2013,1,'2013-10-19 10:06:32',NULL,47,1,239,NULL),(610,'2013-09-28 10:03:23','2013-10-05 10:03:23',2013,1,'2013-10-19 10:07:04',NULL,49,1,271,NULL),(611,'2013-09-28 10:04:02','2013-10-05 10:04:02',2013,1,'2013-10-05 09:44:42',NULL,53,1,116,NULL),(612,'2013-09-28 10:12:57','2013-10-05 10:12:57',2013,1,'2013-11-09 10:27:41',NULL,48,1,270,NULL),(613,'2013-09-28 10:32:20','2013-10-05 10:32:20',2013,1,'2013-10-26 09:38:09',NULL,104,1,333,NULL),(614,'2013-09-28 10:33:07','2013-10-05 10:33:07',2013,1,'2013-10-05 09:42:11',NULL,101,1,414,NULL),(615,'2013-09-28 10:34:13','2013-10-05 10:34:13',2013,1,'2013-10-19 10:06:32',NULL,97,1,304,NULL),(616,'2013-09-28 10:34:19','2013-10-05 10:34:19',2013,0,NULL,NULL,97,1,304,NULL),(617,'2013-09-28 10:35:21','2013-10-05 10:35:21',2013,1,'2015-10-03 10:41:09',NULL,102,1,176,NULL),(618,'2013-09-28 10:37:26','2013-10-05 10:37:26',2013,1,'2013-10-05 09:42:11',NULL,90,1,179,NULL),(619,'2013-09-28 10:38:18','2013-10-05 10:38:18',2013,1,'2013-10-19 10:25:23',NULL,181,1,312,NULL),(620,'2013-09-28 10:38:46','2013-10-05 10:38:46',2013,1,'2013-10-19 10:02:54',NULL,83,1,346,NULL),(621,'2013-09-28 10:39:21','2013-10-05 10:39:21',2013,1,'2014-08-23 09:47:57',NULL,111,1,282,NULL),(622,'2013-09-28 10:39:48','2013-10-05 10:39:48',2013,1,'2013-10-19 10:02:54',NULL,95,1,338,NULL),(623,'2013-09-28 10:48:50','2013-10-05 10:48:50',2013,1,'2013-11-16 09:45:29',NULL,186,1,293,NULL),(624,'2013-09-28 10:49:44','2013-10-05 10:49:44',2013,1,'2014-09-27 09:40:00',NULL,119,1,84,NULL),(625,'2013-09-28 10:50:24','2013-10-05 10:50:24',2013,1,'2013-10-19 10:04:52',NULL,118,1,366,NULL),(626,'2013-09-28 10:53:31','2013-10-05 10:53:31',2013,1,'2013-11-30 10:00:31',NULL,127,1,150,NULL),(627,'2013-09-28 10:54:09','2013-10-05 10:54:09',2013,1,'2013-10-05 09:45:23',NULL,134,1,73,NULL),(628,'2013-09-28 10:54:56','2013-10-05 10:54:56',2013,1,'2013-10-05 09:37:07',NULL,136,1,246,NULL),(629,'2013-09-28 10:57:40','2013-10-05 10:57:40',2013,1,'2013-10-19 10:04:52',NULL,171,1,482,NULL),(630,'2013-09-28 10:59:32','2013-10-05 10:59:32',2013,1,'2013-10-05 09:44:42',NULL,144,1,441,NULL),(631,'2013-09-28 10:59:58','2013-10-05 10:59:58',2013,1,'2013-10-05 10:57:49',NULL,160,1,76,NULL),(632,'2013-10-05 09:50:13','2013-10-12 09:50:13',2013,1,'2014-03-22 09:54:02',NULL,69,1,75,NULL),(633,'2013-10-05 09:51:01','2013-10-12 09:51:01',2013,1,'2013-10-26 09:51:17',NULL,62,1,189,NULL),(634,'2013-10-05 09:51:56','2013-10-12 09:51:56',2013,1,'2022-03-25 23:44:00',NULL,68,1,171,'baixa_pandemia_25_03_2022'),(635,'2013-10-05 09:52:55','2013-10-12 09:52:55',2013,1,'2013-10-19 10:02:54',NULL,187,1,336,NULL),(636,'2013-10-05 09:54:53','2013-10-12 09:54:53',2013,1,'2013-10-26 09:36:03',NULL,189,1,325,NULL),(637,'2013-10-05 09:55:48','2013-10-12 09:55:48',2013,1,'2013-10-19 10:02:54',NULL,57,1,134,NULL),(638,'2013-10-05 09:56:27','2013-10-12 09:56:27',2013,1,'2013-10-19 10:02:54',NULL,43,1,299,NULL),(639,'2013-10-05 09:57:08','2013-10-12 09:57:08',2013,1,'2014-03-08 10:27:49',NULL,48,1,412,NULL),(640,'2013-10-05 09:57:50','2013-10-12 09:57:50',2013,1,'2013-10-19 10:06:32',NULL,53,1,285,NULL),(641,'2013-10-05 09:58:18','2013-10-12 09:58:18',2013,1,'2013-10-26 10:02:33',NULL,54,1,416,NULL),(642,'2013-10-05 09:58:47','2013-10-12 09:58:47',2013,1,'2013-10-19 10:23:16',NULL,50,1,485,NULL),(643,'2013-10-05 10:00:23','2013-10-12 10:00:23',2013,1,'2013-10-26 10:06:39',NULL,55,1,266,NULL),(644,'2013-10-05 10:02:15','2013-10-12 10:02:15',2013,1,'2013-10-19 10:04:52',NULL,45,1,68,NULL),(645,'2013-10-05 10:44:29','2013-10-12 10:44:29',2013,1,'2013-10-19 10:04:52',NULL,127,1,59,NULL),(646,'2013-10-05 10:45:28','2013-10-12 10:45:28',2013,1,'2013-10-19 10:04:52',NULL,139,1,417,NULL),(647,'2013-10-05 10:46:18','2013-10-12 10:46:18',2013,1,'2013-10-26 09:36:03',NULL,117,1,452,NULL),(648,'2013-10-05 10:47:15','2013-10-12 10:47:15',2013,1,'2013-11-16 09:42:13',NULL,136,1,480,NULL),(649,'2013-10-05 10:47:52','2013-10-12 10:47:52',2013,1,'2013-10-19 10:04:52',NULL,90,1,313,NULL),(650,'2013-10-05 10:49:00','2013-10-12 10:49:00',2013,1,'2016-04-16 11:02:25',NULL,86,1,323,NULL),(651,'2013-10-05 10:45:06','2013-10-12 10:45:06',2013,1,'2014-03-29 09:42:32',NULL,101,1,497,NULL),(652,'2013-10-05 10:50:49','2013-10-12 10:50:49',2013,1,'2013-10-19 10:02:54',NULL,94,1,148,NULL),(653,'2013-10-05 10:53:12','2013-10-12 10:53:12',2013,1,'2014-04-19 10:23:00',NULL,103,1,500,NULL),(654,'2013-10-05 10:55:40','2013-10-12 10:55:40',2013,1,'2013-10-19 10:06:32',NULL,175,1,498,NULL),(655,'2013-10-05 10:56:44','2013-10-12 10:56:44',2013,1,'2013-10-26 10:27:31',NULL,144,1,463,NULL),(656,'2013-10-19 10:10:49','2013-10-26 10:10:49',2013,1,'2015-10-03 11:02:53',NULL,65,1,163,NULL),(657,'2013-10-19 10:11:18','2013-10-26 10:11:18',2013,1,'2013-11-02 09:42:22',NULL,73,1,141,NULL),(658,'2013-10-19 10:11:45','2013-10-26 10:11:45',2013,1,'2013-10-26 09:38:09',NULL,60,1,246,NULL),(659,'2013-10-19 10:12:12','2013-10-26 10:12:12',2013,1,'2013-11-02 09:42:22',NULL,72,1,108,NULL),(660,'2013-10-19 10:13:36','2013-10-26 10:13:36',2013,1,'2014-04-12 09:48:32',NULL,102,1,489,NULL),(661,'2013-10-19 10:14:04','2013-10-26 10:14:04',2013,1,'2013-11-30 09:46:28',NULL,85,1,488,NULL),(662,'2013-10-19 10:14:27','2013-10-26 10:14:27',2013,1,'2013-10-26 09:38:09',NULL,90,1,337,NULL),(663,'2013-10-19 10:18:20','2013-10-26 10:18:20',2013,1,'2013-11-02 09:42:22',NULL,94,1,313,NULL),(664,'2013-10-19 10:18:38','2013-10-26 10:18:38',2013,1,'2013-11-09 10:27:41',NULL,101,1,250,NULL),(665,'2013-10-19 10:19:45','2013-10-26 10:19:45',2013,1,'2013-11-16 09:52:52',NULL,86,1,498,NULL),(666,'2013-10-19 10:20:08','2013-10-26 10:20:08',2013,1,'2013-10-26 09:38:09',NULL,83,1,491,NULL),(667,'2013-10-19 10:23:28','2013-10-26 10:23:28',2013,1,'2013-10-26 10:04:04',NULL,50,1,481,NULL),(668,'2013-10-19 10:27:11','2013-10-26 10:27:11',2013,1,'2013-10-26 09:38:09',NULL,187,1,312,NULL),(669,'2013-10-19 10:28:04','2013-10-26 10:28:04',2013,1,'2013-11-09 10:27:41',NULL,59,1,415,NULL),(670,'2013-10-19 10:29:38','2013-10-26 10:29:38',2013,1,'2014-03-08 10:35:17',NULL,80,1,160,NULL),(671,'2013-10-19 10:30:13','2013-10-26 10:30:13',2013,1,'2013-11-23 09:50:39',NULL,66,1,493,NULL),(672,'2013-10-19 10:30:36','2013-10-26 10:30:36',2013,1,'2013-10-26 09:38:09',NULL,61,1,138,NULL),(673,'2013-10-19 10:38:14','2013-10-26 10:38:14',2013,1,'2013-10-26 09:36:03',NULL,184,1,197,NULL),(674,'2013-10-19 10:38:39','2013-10-26 10:38:39',2013,1,'2013-11-09 10:27:41',NULL,134,1,492,NULL),(675,'2013-10-19 10:46:53','2013-10-26 10:46:53',2013,1,'2013-10-26 10:59:04',NULL,190,1,289,NULL),(676,'2013-10-19 10:48:02','2013-10-26 10:48:02',2013,1,'2013-11-16 09:52:52',NULL,43,1,268,NULL),(677,'2013-10-19 10:48:42','2013-10-26 10:48:42',2013,1,'2013-10-26 09:36:03',NULL,57,1,90,NULL),(678,'2013-10-19 10:49:15','2013-10-26 10:49:15',2013,1,'2013-10-26 09:36:03',NULL,45,1,382,NULL),(679,'2013-10-19 10:50:53','2013-10-26 10:50:53',2013,1,'2013-11-16 09:48:14',NULL,53,1,70,NULL),(680,'2013-10-19 10:55:45','2013-10-26 10:55:45',2013,1,'2013-11-30 09:52:02',NULL,95,1,501,NULL),(681,'2013-10-26 09:46:07','2013-11-02 09:46:07',2013,1,'2013-11-09 10:27:41',NULL,60,1,246,NULL),(682,'2013-10-26 09:48:08','2013-11-02 09:48:08',2013,1,'2014-04-05 09:47:45',NULL,189,1,336,NULL),(683,'2013-10-26 09:48:45','2013-11-02 09:48:45',2013,1,'2013-11-09 10:27:41',NULL,187,1,308,NULL),(684,'2013-10-26 09:49:15','2013-11-02 09:49:15',2013,1,'2013-11-09 10:30:55',NULL,61,1,76,NULL),(685,'2013-10-26 09:49:42','2013-11-02 09:49:42',2013,1,'2013-11-09 10:30:55',NULL,59,1,197,NULL),(686,'2013-10-26 09:50:08','2013-11-02 09:50:08',2013,1,'2013-11-23 09:50:39',NULL,66,1,389,NULL),(687,'2013-10-26 09:50:38','2013-11-02 09:50:38',2013,1,'2013-11-09 10:30:55',NULL,62,1,309,NULL),(688,'2013-10-26 10:00:29','2013-11-02 10:00:29',2013,1,'2013-11-02 09:42:22',NULL,56,1,504,NULL),(689,'2013-10-26 10:02:56','2013-11-02 10:02:56',2013,1,'2013-11-09 10:30:55',NULL,54,1,305,NULL),(690,'2013-10-26 10:03:32','2013-11-02 10:03:32',2013,1,'2013-11-02 09:42:22',NULL,45,1,339,NULL),(691,'2013-10-26 10:04:22','2013-11-02 10:04:22',2013,1,'2013-11-02 09:42:22',NULL,50,1,71,NULL),(692,'2013-10-26 10:05:00','2013-11-02 10:05:00',2013,1,'2013-11-16 09:48:14',NULL,42,1,414,NULL),(693,'2013-10-26 10:05:48','2013-11-02 10:05:48',2013,1,'2013-11-23 09:50:39',NULL,57,1,143,NULL),(694,'2013-10-26 10:07:22','2013-11-02 10:07:22',2013,1,'2014-08-02 10:00:10',NULL,55,1,329,NULL),(695,'2013-10-26 10:11:26','2013-11-02 10:11:26',2013,1,'2013-11-16 09:52:52',NULL,97,1,479,NULL),(696,'2013-10-26 10:12:03','2013-11-02 10:12:03',2013,1,'2013-11-09 11:07:43',NULL,104,1,299,NULL),(697,'2013-10-26 10:12:45','2013-11-02 10:12:45',2013,1,'2013-11-09 10:27:41',NULL,90,1,59,NULL),(698,'2013-10-26 10:13:16','2013-11-02 10:13:16',2013,1,'2013-11-09 10:27:41',NULL,83,1,388,NULL),(699,'2013-10-26 10:13:46','2013-11-02 10:13:46',2013,1,'2013-11-09 10:27:41',NULL,85,1,118,NULL),(700,'2013-10-26 10:15:28','2013-11-02 10:15:28',2013,1,'2013-11-09 10:27:41',NULL,89,1,72,NULL),(701,'2013-10-26 10:16:30','2013-11-02 10:16:30',2013,1,'2013-11-02 09:42:22',NULL,118,1,494,NULL),(702,'2013-10-26 10:17:03','2013-11-02 10:17:03',2013,1,'2014-03-29 10:23:03',NULL,138,1,244,NULL),(703,'2013-10-26 10:17:50','2013-11-02 10:17:50',2013,1,'2015-10-10 11:01:37',NULL,119,1,487,NULL),(704,'2013-10-26 10:18:24','2013-11-02 10:18:24',2013,1,'2013-11-09 10:27:41',NULL,117,1,505,NULL),(705,'2013-10-26 10:18:53','2013-11-02 10:18:53',2013,1,'2013-11-09 10:27:41',NULL,127,1,227,NULL),(706,'2013-11-02 09:47:28','2013-11-09 09:47:28',2013,1,'2019-03-16 10:59:04',NULL,73,4,416,NULL),(707,'2013-11-02 09:54:37','2013-11-09 09:54:37',2013,1,'2013-11-09 10:27:41',NULL,72,4,137,NULL),(708,'2013-11-02 10:00:14','2013-11-09 10:00:14',2013,1,'2014-04-12 12:47:35',NULL,69,4,135,NULL),(709,'2013-11-02 10:28:52','2013-11-09 10:28:52',2013,1,'2013-11-09 10:27:41',NULL,56,4,485,NULL),(710,'2013-11-02 10:29:59','2013-11-09 10:29:59',2013,1,'2013-11-09 10:27:41',NULL,54,4,481,NULL),(711,'2013-11-02 10:34:39','2013-11-09 10:34:39',2013,1,'2013-11-09 10:27:41',NULL,45,4,511,NULL),(712,'2013-11-02 10:35:08','2013-11-09 10:35:08',2013,1,'2014-03-08 11:13:41',NULL,50,4,516,NULL),(713,'2013-11-02 10:35:47','2013-11-09 10:35:47',2013,1,'2013-11-16 09:45:29',NULL,120,4,466,NULL),(714,'2013-11-02 10:36:19','2013-11-09 10:36:19',2013,1,'2014-03-08 11:01:00',NULL,118,4,496,NULL),(715,'2013-11-02 10:36:48','2013-11-09 10:36:48',2013,1,'2014-03-14 22:44:05',NULL,133,4,67,NULL),(716,'2013-11-02 10:38:26','2013-11-09 10:38:26',2013,1,'2013-11-09 10:30:55',NULL,139,4,482,NULL),(717,'2013-11-02 10:41:58','2013-11-09 10:41:58',2013,1,'2013-11-16 09:45:29',NULL,49,4,519,NULL),(718,'2013-11-02 10:42:41','2013-11-09 10:42:41',2013,1,'2013-11-16 09:48:14',NULL,94,4,514,NULL),(719,'2013-11-02 10:44:50','2013-11-09 10:44:50',2013,1,'2013-11-23 09:50:39',NULL,182,4,494,NULL),(720,'2013-11-02 10:47:47','2013-11-09 10:47:47',2013,1,'2013-11-09 10:27:41',NULL,97,4,313,NULL),(721,'2013-11-02 10:49:44','2013-11-09 10:49:44',2013,1,'2013-11-09 11:09:27',NULL,171,4,502,NULL),(722,'2013-11-02 10:50:37','2013-11-09 10:50:37',2013,1,'2013-11-09 11:10:03',NULL,175,4,68,NULL),(723,'2013-11-02 10:53:14','2013-11-09 10:53:14',2013,1,'2014-04-05 09:47:24',NULL,191,4,285,NULL),(724,'2013-11-02 10:54:46','2013-11-09 10:54:46',2013,1,'2013-11-30 09:49:17',NULL,144,4,484,NULL),(725,'2013-11-02 10:58:26','2013-11-09 10:58:26',2013,1,'2014-04-05 09:54:07',NULL,192,4,486,NULL),(726,'2013-11-02 10:59:35','2013-11-09 10:59:35',2013,1,'2013-11-16 09:45:29',22,NULL,4,453,NULL),(727,'2013-11-09 10:36:52','2013-11-16 10:36:52',2013,1,'2013-11-23 09:50:39',NULL,47,4,301,NULL),(728,'2013-11-09 10:37:28','2013-11-16 10:37:28',2013,1,'2013-11-16 09:48:14',NULL,56,4,481,NULL),(729,'2013-11-09 10:38:04','2013-11-16 10:38:04',2013,1,'2013-11-23 09:50:39',NULL,54,4,165,NULL),(730,'2013-11-09 10:40:08','2013-11-16 10:40:08',2013,1,'2013-11-23 09:50:39',NULL,57,4,308,NULL),(731,'2013-11-09 10:40:43','2013-11-16 10:40:43',2013,1,'2013-11-16 09:48:14',NULL,45,4,95,NULL),(732,'2013-11-09 10:55:32','2013-11-16 10:55:32',2013,1,'2014-03-08 10:46:29',NULL,101,4,313,NULL),(733,'2013-11-09 10:56:34','2013-11-16 10:56:34',2013,1,'2022-03-25 23:44:00',NULL,182,4,366,'baixa_pandemia_25_03_2022'),(734,'2013-11-09 11:00:36','2013-11-16 11:00:36',2013,1,'2013-11-16 09:42:13',NULL,171,4,291,NULL),(735,'2013-11-09 11:03:59','2013-11-16 11:03:59',2013,1,'2013-11-30 09:52:02',NULL,95,4,506,NULL),(736,'2013-11-09 11:04:40','2013-11-16 11:04:40',2013,1,'2013-11-16 09:42:13',NULL,118,4,227,NULL),(737,'2013-11-09 11:06:14','2013-11-16 11:06:14',2013,1,'2013-11-30 09:46:28',NULL,104,4,504,NULL),(738,'2013-11-16 10:29:52','2013-11-23 10:29:52',2013,1,'2013-11-17 10:25:03',NULL,118,1,205,NULL),(739,'2013-11-16 10:30:33','2013-11-23 10:30:33',2013,1,'2013-11-23 09:50:39',NULL,138,1,481,NULL),(740,'2013-11-16 10:32:25','2013-11-23 10:32:25',2013,1,'2013-11-23 09:50:39',NULL,136,1,179,NULL),(741,'2014-03-08 10:42:48','2014-03-15 10:42:48',2014,1,'2014-03-22 11:18:33',NULL,210,4,498,NULL),(742,'2014-03-08 10:47:59','2014-03-15 10:47:59',2014,1,'2014-05-03 10:05:19',NULL,301,4,417,NULL),(743,'2014-03-08 10:49:41','2014-03-15 10:49:41',2014,1,'2014-03-29 09:42:32',NULL,300,4,611,NULL),(744,'2014-03-08 10:56:47','2014-03-15 10:56:47',2014,1,'2014-03-15 10:29:03',NULL,294,4,138,NULL),(745,'2014-03-08 11:01:14','2014-03-15 11:01:14',2014,1,'2014-03-29 09:42:32',NULL,312,4,364,NULL),(746,'2014-03-08 11:05:14','2014-03-15 11:05:14',2014,1,'2014-03-22 09:46:06',NULL,321,4,606,NULL),(747,'2014-03-08 11:06:01','2014-03-15 11:06:01',2014,1,'2014-03-22 09:46:06',NULL,313,4,398,NULL),(748,'2014-03-08 11:07:14','2014-03-15 11:07:14',2014,1,'2014-03-15 09:55:33',NULL,228,4,154,NULL),(749,'2014-03-08 11:11:33','2014-03-15 11:11:33',2014,1,'2014-03-15 09:57:07',NULL,205,4,59,NULL),(750,'2014-03-08 11:18:25','2014-03-15 11:18:25',2014,1,'2014-03-15 10:00:10',NULL,293,4,386,NULL),(751,'2014-03-09 08:46:42','2014-03-16 08:46:42',2014,1,'2014-03-22 09:46:06',NULL,333,4,86,NULL),(752,'2014-03-09 08:47:43','2014-03-16 08:47:43',2014,1,'2014-03-29 09:42:32',NULL,314,4,193,NULL),(753,'2014-03-09 08:52:02','2014-03-16 08:52:02',2014,1,'2014-04-05 09:54:07',NULL,237,4,612,NULL),(754,'2014-03-09 08:54:42','2014-03-16 08:54:42',2014,1,'2015-11-21 09:47:52',NULL,334,4,132,NULL),(755,'2014-03-15 09:40:00','2014-03-22 09:40:00',2014,1,'2014-03-22 09:46:06',NULL,300,1,67,NULL),(756,'2014-03-15 09:41:28','2014-03-22 09:41:28',2014,1,'2014-03-29 10:56:05',NULL,293,1,481,NULL),(757,'2014-03-15 09:42:23','2014-03-22 09:42:23',2014,1,'2014-03-22 09:46:06',NULL,205,1,293,NULL),(758,'2014-03-15 09:43:13','2014-03-22 09:43:13',2014,1,'2014-03-22 09:46:38',NULL,228,1,319,NULL),(759,'2014-03-15 09:43:42','2014-03-22 09:43:42',2014,1,'2014-03-22 11:21:48',NULL,196,1,480,NULL),(760,'2014-03-15 09:44:07','2014-03-22 09:44:07',2014,1,'2014-03-22 09:46:38',NULL,231,1,250,NULL),(761,'2014-03-15 09:56:38','2014-03-22 09:56:38',2014,1,'2014-03-22 09:57:37',NULL,335,1,485,NULL),(762,'2014-03-22 10:10:37','2014-03-29 10:10:37',2014,1,'2014-04-05 09:54:07',NULL,290,1,386,NULL),(763,'2014-03-22 10:11:55','2014-03-29 10:11:55',2014,1,'2014-04-05 11:16:01',NULL,293,1,318,NULL),(764,'2014-03-22 10:12:26','2014-03-29 10:12:26',2014,1,'2014-03-29 09:42:32',NULL,288,1,166,NULL),(765,'2014-03-22 10:14:27','2014-03-29 10:14:27',2014,1,'2014-04-12 09:49:11',NULL,335,1,117,NULL),(766,'2014-03-22 10:18:25','2014-03-29 10:18:25',2014,1,'2014-03-29 09:42:32',NULL,336,1,511,NULL),(767,'2014-03-22 10:18:50','2014-03-29 10:18:50',2014,1,'2014-03-29 09:42:32',NULL,337,1,305,NULL),(768,'2014-03-22 10:19:09','2014-03-29 10:19:09',2014,1,'2014-03-29 09:42:32',NULL,338,1,472,NULL),(769,'2014-03-22 10:20:28','2014-03-29 10:20:28',2014,0,NULL,NULL,287,1,478,NULL),(770,'2014-03-22 10:31:05','2014-03-29 10:31:05',2014,1,'2014-03-29 09:42:32',NULL,300,1,69,NULL),(771,'2014-03-22 10:31:29','2014-03-29 10:31:29',2014,1,'2014-05-10 10:05:57',NULL,215,1,403,NULL),(772,'2014-03-22 10:32:22','2014-03-29 10:32:22',2014,1,'2014-04-26 09:34:23',NULL,294,1,67,NULL),(773,'2014-03-22 10:44:12','2014-03-29 10:44:12',2014,1,'2014-03-29 09:42:32',NULL,231,1,158,NULL),(774,'2014-03-22 11:08:39','2014-03-29 11:08:39',2014,1,'2014-04-19 09:36:06',NULL,228,1,319,NULL),(775,'2014-03-22 10:55:15','2014-03-29 10:55:15',2014,0,NULL,NULL,340,1,413,NULL),(776,'2014-03-22 10:56:50','2014-03-29 10:56:50',2014,1,'2014-04-05 09:54:07',NULL,313,1,466,NULL),(777,'2014-03-22 10:57:32','2014-03-29 10:57:32',2014,1,'2014-03-29 09:42:32',NULL,321,1,381,NULL),(778,'2014-03-22 10:58:37','2014-03-29 10:58:37',2014,1,'2014-04-05 09:54:07',NULL,314,1,436,NULL),(779,'2014-03-22 11:01:59','2014-03-29 11:01:59',2014,1,'2014-03-29 09:42:32',NULL,341,1,236,NULL),(780,'2014-03-22 11:03:15','2014-03-29 11:03:15',2014,1,'2014-05-03 09:37:52',NULL,342,1,148,NULL),(781,'2014-03-22 11:06:51','2014-03-29 11:06:51',2014,1,'2014-04-05 09:59:53',NULL,205,1,272,NULL),(782,'2014-03-22 11:11:29','2014-03-29 11:11:29',2014,1,'2014-04-12 12:32:02',NULL,197,1,157,NULL),(783,'2014-03-22 11:15:52','2014-03-29 11:15:52',2014,1,'2014-03-29 11:16:02',NULL,343,1,256,NULL),(784,'2014-03-22 11:22:03','2014-03-29 11:22:03',2014,1,'2014-03-29 09:47:40',NULL,196,1,59,NULL),(785,'2014-03-22 00:00:00','2014-03-29 00:00:00',2014,1,'2014-04-05 10:14:49',NULL,339,1,333,NULL),(786,'2014-03-29 09:58:07','2014-04-05 09:58:07',2014,1,'2014-04-12 09:50:00',NULL,335,1,498,NULL),(787,'2014-03-29 09:59:40','2014-04-05 09:59:40',2014,0,NULL,NULL,336,1,519,NULL),(788,'2014-03-29 10:00:08','2014-04-05 10:00:08',2014,1,'2014-04-05 09:59:53',NULL,338,1,453,NULL),(789,'2014-03-29 10:01:11','2014-04-05 10:01:11',2014,1,'2014-05-24 10:14:01',NULL,337,1,478,NULL),(790,'2014-03-29 10:05:15','2014-04-05 10:05:15',2014,1,'2014-05-03 10:51:30',NULL,344,1,381,NULL),(791,'2014-03-29 10:06:41','2014-04-05 10:06:41',2014,1,'2014-04-05 09:54:07',NULL,288,1,455,NULL),(792,'2014-03-29 10:36:27','2014-04-05 10:36:27',2014,1,'2014-04-05 10:12:25',NULL,199,1,241,NULL),(793,'2014-03-29 10:37:17','2014-04-05 10:37:17',2014,1,'2014-04-05 09:59:53',NULL,343,1,497,NULL),(794,'2014-03-29 10:37:46','2014-04-05 10:37:46',2014,1,'2014-04-05 09:54:07',NULL,196,1,504,NULL),(795,'2014-03-29 10:38:12','2014-04-05 10:38:12',2014,1,'2014-04-05 09:59:53',NULL,332,1,75,NULL),(796,'2014-03-29 10:38:46','2014-04-05 10:38:46',2014,1,'2014-04-05 09:59:53',NULL,202,1,611,NULL),(797,'2014-03-29 10:39:16','2014-04-05 10:39:16',2014,1,'2014-04-05 09:54:07',NULL,201,1,301,NULL),(798,'2014-03-29 10:39:47','2014-04-05 10:39:47',2014,1,'2014-04-19 09:39:10',NULL,197,1,244,NULL),(799,'2014-03-29 10:40:21','2014-04-05 10:40:21',2014,1,'2014-04-05 09:54:07',NULL,328,1,191,NULL),(800,'2014-03-29 10:40:52','2014-04-05 10:40:52',2014,1,'2014-04-05 10:09:43',NULL,210,1,485,NULL),(801,'2014-03-29 10:41:28','2014-04-05 10:41:28',2014,1,'2014-04-19 09:38:45',NULL,300,1,608,NULL),(802,'2014-03-29 10:42:59','2014-04-05 10:42:59',2014,1,'2014-05-03 10:07:38',NULL,341,1,209,NULL),(803,'2014-03-29 10:47:37','2014-04-05 10:47:37',2014,0,NULL,NULL,294,1,415,NULL),(804,'2014-03-29 10:48:08','2014-04-05 10:48:08',2014,1,'2014-04-05 10:13:09',NULL,298,1,304,NULL),(805,'2014-03-29 10:49:14','2014-04-05 10:49:14',2014,1,'2014-04-05 10:10:15',NULL,340,1,266,NULL),(806,'2014-03-29 11:04:01','2014-04-05 11:04:01',2014,1,'2014-05-17 09:45:14',NULL,314,1,140,NULL),(807,'2014-03-29 11:07:55','2014-04-05 11:07:55',2014,1,'2014-04-05 09:54:07',NULL,231,1,312,NULL),(808,'2014-03-29 11:12:44','2014-04-05 11:12:44',2014,1,'2014-05-03 09:46:05',NULL,345,1,308,NULL),(809,'2014-03-29 11:14:43','2014-04-05 11:14:43',2014,1,'2014-04-05 11:16:01',NULL,293,1,95,NULL),(810,'2014-03-29 11:16:57','2014-04-05 11:16:57',2014,1,'2014-04-05 10:01:30',NULL,343,1,609,NULL),(811,'2014-04-05 10:30:49','2014-04-12 10:30:49',2014,1,'2014-05-03 09:37:03',NULL,342,4,440,NULL),(812,'2014-04-05 10:31:21','2014-04-12 10:31:21',2014,1,'2014-04-12 09:41:33',NULL,231,4,414,NULL),(813,'2014-04-05 10:31:41','2014-04-12 10:31:41',2014,1,'2014-04-12 09:40:18',NULL,308,4,330,NULL),(814,'2014-04-05 10:32:11','2014-04-12 10:32:11',2014,1,'2014-04-12 09:37:58',NULL,228,4,614,NULL),(815,'2014-04-05 10:59:56','2014-04-12 10:59:56',2014,1,'2014-04-12 09:47:30',NULL,288,4,485,NULL),(816,'2014-04-05 11:01:05','2014-04-12 11:01:05',2014,1,'2014-04-12 09:47:55',NULL,290,4,246,NULL),(817,'2014-04-05 11:02:09','2014-04-12 11:02:09',2014,1,'2014-05-17 09:44:51',NULL,314,4,183,NULL),(818,'2014-04-05 11:03:37','2014-04-12 11:03:37',2014,1,'2014-04-12 09:37:15',NULL,196,4,236,NULL),(819,'2014-04-05 11:04:12','2014-04-12 11:04:12',2014,1,'2014-04-12 09:44:40',NULL,210,4,223,NULL),(820,'2014-04-05 11:04:56','2014-04-12 11:04:56',2014,1,'2014-05-03 10:07:57',NULL,341,4,197,NULL),(821,'2014-04-05 11:05:20','2014-04-12 11:05:20',2014,1,'2014-07-26 10:49:22',NULL,340,4,368,NULL),(822,'2014-04-05 11:05:49','2014-04-12 11:05:49',2014,1,'2014-04-12 09:46:47',NULL,205,4,227,NULL),(823,'2014-04-05 11:06:28','2014-04-12 11:06:28',2014,1,'2014-04-12 09:42:13',NULL,298,4,398,NULL),(824,'2014-04-05 11:08:27','2014-04-12 11:08:27',2014,1,'2014-04-19 09:33:38',NULL,301,4,248,NULL),(825,'2014-04-05 11:08:54','2014-04-12 11:08:54',2014,1,'2014-04-12 09:45:58',NULL,304,4,325,NULL),(826,'2014-04-05 11:09:28','2014-04-12 11:09:28',2014,1,'2014-04-12 10:12:30',NULL,300,4,479,NULL),(827,'2014-04-05 11:11:53','2014-04-12 11:11:53',2014,1,'2014-05-17 10:57:17',NULL,343,4,299,NULL),(828,'2014-04-05 11:12:52','2014-04-12 11:12:52',2014,1,'2014-05-03 10:45:52',NULL,237,4,483,NULL),(829,'2014-04-05 11:13:36','2014-04-12 11:13:36',2014,1,'2014-05-03 09:46:35',NULL,345,4,70,NULL),(830,'2014-04-05 11:14:03','2014-04-12 11:14:03',2014,1,'2014-04-26 09:35:30',NULL,216,4,484,NULL),(831,'2014-04-05 11:16:33','2014-04-12 11:16:33',2014,1,'2014-05-03 09:40:52',NULL,293,4,382,NULL),(832,'2014-04-05 13:35:48','2014-04-12 13:35:48',2014,1,'2014-10-25 09:48:13',NULL,346,4,86,NULL),(833,'2014-04-05 13:39:40','2014-04-12 13:39:40',2014,1,'2022-03-25 23:44:00',NULL,347,4,364,'baixa_pandemia_25_03_2022'),(834,'2014-04-05 13:40:10','2014-04-12 13:40:10',2014,1,'2014-05-10 09:34:21',NULL,348,4,497,NULL),(835,'2014-04-12 09:54:29','2014-04-19 09:54:29',2014,1,'2014-05-03 09:41:26',NULL,290,4,481,NULL),(836,'2014-04-12 09:55:06','2014-04-19 09:55:06',2014,1,'2014-05-03 09:42:41',NULL,288,4,266,NULL),(837,'2014-04-12 09:56:17','2014-04-19 09:56:17',2014,1,'2014-04-19 09:39:59',NULL,287,4,285,NULL),(838,'2014-04-12 09:56:52','2014-04-19 09:56:52',2014,1,'2014-05-24 09:38:21',NULL,336,4,370,NULL),(839,'2014-04-12 09:57:27','2014-04-19 09:57:27',2014,1,'2014-04-26 09:38:48',NULL,337,4,345,NULL),(840,'2014-04-12 09:57:57','2014-04-19 09:57:57',2014,1,'2014-04-26 09:39:12',NULL,293,4,63,NULL),(841,'2014-04-12 09:59:26','2014-04-19 09:59:26',2014,1,'2014-04-19 09:36:55',NULL,338,4,413,NULL),(842,'2014-04-12 10:05:02','2014-04-19 10:05:02',2014,1,'2014-05-03 10:47:51',NULL,328,4,250,NULL),(843,'2014-04-12 10:05:58','2014-04-19 10:05:58',2014,1,'2014-04-26 09:38:27',NULL,199,4,234,NULL),(844,'2014-04-12 10:06:45','2014-04-19 10:06:45',2014,1,'2014-05-17 09:48:11',NULL,202,4,336,NULL),(845,'2014-04-12 10:07:21','2014-04-19 10:07:21',2014,0,NULL,NULL,343,4,485,NULL),(846,'2014-04-12 10:10:18','2014-04-19 10:10:18',2014,1,'2014-05-03 10:04:04',NULL,339,4,503,NULL),(847,'2014-04-12 12:43:29','2014-04-19 12:43:29',2014,1,'2022-03-25 23:44:00',NULL,343,4,137,'baixa_pandemia_25_03_2022'),(848,'2014-04-12 10:11:48','2014-04-19 10:11:48',2014,1,'2014-05-31 09:50:33',NULL,332,4,314,NULL),(849,'2014-04-12 10:12:46','2014-04-19 10:12:46',2014,1,'2014-04-19 09:38:08',NULL,300,4,472,NULL),(850,'2014-04-12 10:13:16','2014-04-19 10:13:16',2014,1,'2014-05-24 11:00:35',NULL,298,4,415,NULL),(851,'2014-04-12 10:13:57','2014-04-19 10:13:57',2014,1,'2014-08-02 09:43:24',NULL,210,4,111,NULL),(852,'2014-04-12 10:14:33','2014-04-19 10:14:33',2014,1,'2014-05-03 10:04:49',NULL,340,4,246,NULL),(853,'2014-04-12 10:21:47','2014-04-19 10:21:47',2014,1,'2014-05-03 09:39:26',NULL,330,4,485,NULL),(854,'2014-04-12 10:22:51','2014-04-19 10:22:51',2014,1,'2014-05-03 09:38:22',NULL,351,4,305,NULL),(855,'2014-04-12 12:32:47','2014-04-19 12:32:47',2014,1,'2014-04-19 09:39:34',NULL,197,4,158,NULL),(856,'2014-04-12 12:36:53','2014-04-19 12:36:53',2014,1,'2014-04-19 09:37:45',NULL,352,4,498,NULL),(857,'2014-04-12 12:37:34','2014-04-19 12:37:34',2014,1,'2014-04-19 09:34:32',NULL,354,4,76,NULL),(858,'2014-04-12 12:38:19','2014-04-19 12:38:19',2014,1,'2014-04-19 09:37:24',NULL,353,4,353,NULL),(859,'2014-04-12 12:48:28','2014-04-19 12:48:28',2014,1,'2014-04-19 09:35:36',NULL,228,4,219,NULL),(860,'2014-04-12 12:59:35','2014-04-19 12:59:35',2014,1,'2014-04-26 09:36:38',NULL,217,4,180,NULL),(861,'2014-04-12 00:00:00','2014-04-19 00:00:00',2014,1,'2014-04-26 09:35:58',NULL,216,4,95,NULL),(862,'2014-04-19 09:54:07','2014-04-26 09:54:07',2014,1,'2014-04-26 09:38:03',NULL,197,4,244,NULL),(863,'2014-04-19 09:54:39','2014-04-26 09:54:39',2014,1,'2014-04-26 09:46:24',NULL,196,4,389,NULL),(864,'2014-04-19 09:55:08','2014-04-26 09:55:08',2014,1,'2014-05-17 09:47:49',NULL,202,4,157,NULL),(865,'2014-04-19 09:56:09','2014-04-26 09:56:09',2014,1,'2014-05-10 09:33:59',NULL,288,4,498,NULL),(866,'2014-04-19 09:57:14','2014-04-26 09:57:14',2014,1,'2014-05-10 10:08:09',NULL,287,4,59,NULL),(867,'2014-04-19 10:01:44','2014-04-26 10:01:44',2014,1,'2014-04-26 09:40:41',23,NULL,4,79,NULL),(868,'2014-04-19 10:21:40','2014-04-26 10:21:40',2014,1,'2014-04-26 09:34:02',NULL,228,4,271,NULL),(869,'2014-04-19 10:23:24','2014-04-26 10:23:24',2014,1,'2014-04-26 09:33:37',NULL,354,4,162,NULL),(870,'2014-04-19 10:23:53','2014-04-26 10:23:53',2014,1,'2014-08-23 09:53:14',NULL,233,4,466,NULL),(871,'2014-04-19 10:45:52','2014-04-26 10:45:52',2014,1,'2014-08-23 09:53:43',NULL,323,4,219,NULL),(872,'2014-04-19 10:46:20','2014-04-26 10:46:20',2014,1,'2014-05-03 10:09:34',NULL,325,4,430,NULL),(873,'2014-04-19 10:47:04','2014-04-26 10:47:04',2014,1,'2014-05-17 09:45:43',NULL,312,4,505,NULL),(874,'2014-04-19 10:47:46','2014-04-26 10:47:46',2014,1,'2014-05-10 10:10:52',NULL,210,4,353,NULL),(875,'2014-04-19 10:48:07','2014-04-26 10:48:07',2014,1,'2014-06-07 09:43:18',NULL,304,4,134,NULL),(876,'2014-04-19 10:48:34','2014-04-26 10:48:34',2014,1,'2014-05-10 10:06:29',NULL,215,4,236,NULL),(877,'2014-04-19 10:57:18','2014-04-26 10:57:18',2014,1,'2014-08-30 10:08:07',NULL,300,4,109,NULL),(878,'2014-04-19 10:49:24','2014-04-26 10:49:24',2014,1,'2014-04-26 09:34:43',NULL,294,4,616,NULL),(879,'2014-04-19 10:58:49','2014-04-26 10:58:49',2014,1,'2014-05-10 09:33:30',NULL,298,4,262,NULL),(880,'2014-04-19 10:51:33','2014-04-26 10:51:33',2014,1,'2014-04-26 09:34:58',NULL,353,4,239,NULL),(881,'2014-04-26 09:53:23','2014-05-03 09:53:23',2014,1,'2014-05-03 09:42:08',NULL,290,4,285,NULL),(882,'2014-04-26 09:59:12','2014-05-03 09:59:12',2014,1,'2014-05-24 09:41:50',NULL,336,4,494,NULL),(883,'2014-04-26 09:54:32','2014-05-03 09:54:32',2014,1,'2014-05-03 09:44:05',NULL,293,4,239,NULL),(884,'2014-04-26 09:54:56','2014-05-03 09:54:56',2014,1,'2014-05-03 09:39:01',NULL,337,4,504,NULL),(885,'2014-04-26 09:55:31','2014-05-03 09:55:31',2014,1,'2014-07-19 10:34:41',NULL,335,4,138,NULL),(886,'2014-04-26 09:56:21','2014-05-03 09:56:21',2014,1,'2014-05-03 09:43:41',NULL,344,4,293,NULL),(887,'2014-04-26 09:56:54','2014-05-03 09:56:54',2014,1,'2014-05-03 09:38:22',NULL,351,4,511,NULL),(888,'2014-04-26 11:05:08','2014-05-03 11:05:08',2014,1,'2014-05-03 10:04:31',NULL,300,4,248,NULL),(889,'2014-04-26 10:26:45','2014-05-03 10:26:45',2014,1,'2014-05-10 09:37:58',NULL,217,4,67,NULL),(890,'2014-04-26 10:27:16','2014-05-03 10:27:16',2014,1,'2014-06-07 09:44:29',NULL,304,4,609,NULL),(891,'2014-04-26 10:28:41','2014-05-03 10:28:41',2014,1,'2014-07-19 10:12:59',NULL,294,4,238,NULL),(892,'2014-04-26 10:29:29','2014-05-03 10:29:29',2014,1,'2014-10-18 10:35:40',NULL,214,4,377,NULL),(893,'2014-04-26 10:30:50','2014-05-03 10:30:50',2014,1,'2014-05-03 10:06:50',NULL,353,4,143,NULL),(894,'2014-04-26 10:33:13','2014-05-03 10:33:13',2014,1,'2014-08-23 09:55:29',NULL,355,4,90,NULL),(895,'2014-04-26 11:08:55','2014-05-03 11:08:55',2014,1,'2014-05-03 10:08:39',NULL,354,4,322,NULL),(896,'2014-04-26 11:10:54','2014-05-03 11:10:54',2014,1,'2014-05-03 09:39:57',NULL,330,4,256,NULL),(897,'2014-04-26 11:11:13','2014-05-03 11:11:13',2014,1,'2014-05-03 10:09:12',NULL,228,4,110,NULL),(898,'2014-04-26 11:11:42','2014-05-03 11:11:42',2014,1,'2014-05-10 09:36:14',NULL,208,4,400,NULL),(899,'2014-04-26 11:12:00','2014-05-03 11:12:00',2014,1,'2014-05-03 10:09:53',NULL,196,4,325,NULL),(900,'2014-05-03 09:48:56','2014-05-10 09:48:56',2014,1,'2014-05-17 09:47:00',NULL,197,4,241,NULL),(901,'2014-05-03 09:50:37','2014-05-10 09:50:37',2014,1,'2014-05-24 09:50:17',NULL,328,4,158,NULL),(902,'2014-05-03 09:51:02','2014-05-10 09:51:02',2014,1,'2014-08-09 10:03:51',NULL,204,4,63,NULL),(903,'2014-05-03 09:51:41','2014-05-10 09:51:41',2014,1,'2014-05-10 09:37:11',NULL,199,4,234,NULL),(904,'2014-05-03 09:52:31','2014-05-10 09:52:31',2014,1,'2014-05-17 09:47:28',NULL,330,4,338,NULL),(905,'2014-05-03 09:54:39','2014-05-10 09:54:39',2014,1,'2014-05-24 09:49:51',NULL,201,4,301,NULL),(906,'2014-05-03 09:59:33','2014-05-10 09:59:33',2014,1,'2014-05-31 09:49:39',NULL,345,4,381,NULL),(907,'2014-05-03 10:37:38','2014-05-10 10:37:38',2014,1,'2014-05-10 09:38:50',NULL,342,4,365,NULL),(908,'2014-05-03 10:38:58','2014-05-10 10:38:58',2014,1,'2014-05-17 09:46:02',NULL,228,4,76,NULL),(909,'2014-05-03 10:40:06','2014-05-10 10:40:06',2014,1,'2022-03-25 23:44:00',NULL,354,4,116,'baixa_pandemia_25_03_2022'),(910,'2014-05-03 10:41:23','2014-05-10 10:41:23',2014,1,'2014-10-25 10:20:08',NULL,356,4,148,NULL),(911,'2014-05-03 10:49:30','2014-05-10 10:49:30',2014,1,'2014-05-10 09:35:39',NULL,290,4,166,NULL),(912,'2014-05-03 10:50:40','2014-05-10 10:50:40',2014,1,'2014-05-31 09:41:07',NULL,293,4,504,NULL),(913,'2014-05-03 10:52:05','2014-05-10 10:52:05',2014,1,'2014-05-10 09:35:06',NULL,338,4,305,NULL),(914,'2014-05-03 10:52:33','2014-05-10 10:52:33',2014,1,'2014-05-10 09:37:35',NULL,337,4,289,NULL),(915,'2014-05-03 10:53:07','2014-05-10 10:53:07',2014,1,'2014-05-10 10:07:38',NULL,335,4,248,NULL),(916,'2014-05-03 10:53:32','2014-05-10 10:53:32',2014,1,'2014-05-17 10:06:23',NULL,351,4,309,NULL),(917,'2014-05-03 10:54:05','2014-05-10 10:54:05',2014,1,'2014-05-24 10:16:37',NULL,344,4,95,NULL),(918,'2014-05-03 10:54:26','2014-05-10 10:54:26',2014,1,'2022-03-25 23:44:00',NULL,353,4,250,'baixa_pandemia_25_03_2022'),(919,'2014-05-03 10:58:41','2014-05-10 10:58:41',2014,1,'2014-06-07 09:42:33',NULL,300,4,268,NULL),(920,'2014-05-03 10:55:14','2014-05-10 10:55:14',2014,1,'2014-05-10 09:35:55',NULL,340,4,322,NULL),(921,'2014-05-03 10:55:36','2014-05-10 10:55:36',2014,1,'2014-08-02 09:55:37',NULL,339,4,131,NULL),(922,'2014-05-03 10:56:30','2014-05-10 10:56:30',2014,1,'2014-05-17 09:44:30',NULL,294,4,417,NULL),(923,'2014-05-03 10:58:03','2014-05-10 10:58:03',2014,1,'2014-05-10 09:38:16',NULL,217,4,308,NULL),(924,'2014-05-03 11:00:07','2014-05-10 11:00:07',2014,1,'2014-05-10 10:55:47',NULL,344,4,381,NULL),(925,'2014-05-10 10:57:02','2014-05-17 10:57:02',2014,1,'2014-07-19 20:47:54',NULL,312,4,443,NULL),(926,'2014-05-17 09:40:22','2014-05-24 09:40:22',2014,1,'2014-06-07 09:37:54',NULL,313,4,440,NULL),(927,'2014-05-17 09:48:55','2014-05-24 09:48:55',2014,1,'2014-05-24 10:04:14',NULL,204,4,497,NULL),(928,'2014-05-17 09:49:25','2014-05-24 09:49:25',2014,1,'2014-05-24 09:49:29',NULL,197,4,236,NULL),(929,'2014-05-17 09:49:47','2014-05-24 09:49:47',2014,1,'2014-08-09 09:46:32',NULL,330,4,353,NULL),(930,'2014-05-17 09:50:08','2014-05-24 09:50:08',2014,1,'2014-05-24 09:55:15',NULL,199,4,105,NULL),(931,'2014-05-17 09:50:38','2014-05-24 09:50:38',2014,1,'2014-05-24 10:18:14',NULL,196,4,404,NULL),(932,'2014-05-17 09:51:01','2014-05-24 09:51:01',2014,1,'2014-05-24 09:51:53',NULL,205,4,59,NULL),(933,'2014-05-17 09:51:23','2014-05-24 09:51:23',2014,1,'2014-08-30 09:43:05',NULL,202,4,239,NULL),(934,'2014-05-17 09:51:48','2014-05-24 09:51:48',2014,1,'2014-05-31 09:58:13',NULL,332,4,476,NULL),(935,'2014-05-17 09:53:47','2014-05-24 09:53:47',2014,1,'2022-03-25 23:44:00',NULL,316,4,365,'baixa_pandemia_25_03_2022'),(936,'2014-05-17 10:04:31','2014-05-24 10:04:31',2014,1,'2014-07-19 10:02:17',NULL,293,4,498,NULL),(937,'2014-05-17 10:04:50','2014-05-24 10:04:50',2014,1,'2014-05-24 10:57:57',NULL,290,4,305,NULL),(938,'2014-05-17 10:05:10','2014-05-24 10:05:10',2014,1,'2014-05-31 09:59:30',NULL,288,4,165,NULL),(939,'2014-05-17 10:07:39','2014-05-24 10:07:39',2014,1,'2014-07-24 10:16:17',NULL,335,4,270,NULL),(940,'2014-05-17 10:08:03','2014-05-24 10:08:03',2014,1,'2014-05-24 10:16:16',NULL,287,4,480,NULL),(941,'2014-05-17 10:12:09','2014-05-24 10:12:09',2014,1,'2022-03-25 23:44:00',NULL,291,4,140,'baixa_pandemia_25_03_2022'),(942,'2014-05-17 10:08:42','2014-05-24 10:08:42',2014,1,'2014-05-31 10:00:13',NULL,337,4,285,NULL),(943,'2014-05-17 10:16:33','2014-05-24 10:16:33',2014,1,'2014-08-02 10:31:46',NULL,298,4,237,NULL),(944,'2014-05-17 10:16:54','2014-05-24 10:16:54',2014,1,'2014-05-24 09:54:01',NULL,339,4,336,NULL),(945,'2014-05-17 10:17:17','2014-05-24 10:17:17',2014,1,'2014-05-24 09:53:22',NULL,294,4,488,NULL),(946,'2014-05-17 10:17:35','2014-05-24 10:17:35',2014,1,'2014-05-24 09:53:02',NULL,215,4,197,NULL),(947,'2014-05-17 10:18:11','2014-05-24 10:18:11',2014,1,'2014-09-13 09:47:50',NULL,210,4,385,NULL),(948,'2014-05-17 10:48:03','2014-05-24 10:48:03',2014,1,'2014-05-31 09:42:50',NULL,351,4,511,NULL),(949,'2014-05-17 10:53:58','2014-05-24 10:53:58',2014,1,'2014-05-24 09:45:24',NULL,340,4,144,NULL),(950,'2014-05-17 10:57:33','2014-05-24 10:57:33',2014,1,'2014-05-24 09:44:42',NULL,357,4,299,NULL),(951,'2014-05-24 09:58:59','2014-05-31 09:58:59',2014,1,'2014-05-31 09:43:29',NULL,290,4,244,NULL),(952,'2014-05-24 09:59:49','2014-05-31 09:59:49',2014,1,'2014-05-31 09:58:48',NULL,338,4,413,NULL),(953,'2014-05-24 10:00:24','2014-05-31 10:00:24',2014,1,'2014-10-25 10:15:26',NULL,336,4,453,NULL),(954,'2014-05-24 10:00:54','2014-05-31 10:00:54',2014,1,'2015-05-23 09:32:44',NULL,357,4,246,NULL),(955,'2014-05-24 10:01:18','2014-05-31 10:01:18',2014,1,'2015-05-23 09:27:38',NULL,291,4,92,NULL),(956,'2014-05-24 10:01:33','2014-05-31 10:01:33',2014,1,'2014-08-23 09:54:13',NULL,287,4,308,NULL),(957,'2014-05-24 10:03:18','2014-05-31 10:03:18',2014,1,'2014-05-31 10:00:39',NULL,205,4,346,NULL),(958,'2014-05-24 10:03:50','2014-05-31 10:03:50',2014,1,'2014-06-07 09:40:57',NULL,199,4,271,NULL),(959,'2014-05-24 10:05:08','2014-05-31 10:05:08',2014,1,'2014-06-07 09:41:32',NULL,208,4,143,NULL),(960,'2014-05-24 10:05:37','2014-05-31 10:05:37',2014,1,'2014-06-07 09:39:17',NULL,201,4,301,NULL),(961,'2014-05-24 10:06:01','2014-05-31 10:06:01',2014,1,'2014-09-20 10:24:06',NULL,204,4,325,NULL),(962,'2014-05-24 10:06:23','2014-05-31 10:06:23',2014,1,'2022-03-25 23:44:00',NULL,284,4,262,'baixa_pandemia_25_03_2022'),(963,'2014-05-24 10:06:57','2014-05-31 10:06:57',2014,1,'2014-05-31 09:40:21',NULL,196,4,71,NULL),(964,'2014-05-24 10:07:13','2014-05-31 10:07:13',2014,1,'2014-05-31 10:01:25',NULL,328,4,497,NULL),(965,'2014-05-24 10:07:32','2014-05-31 10:07:32',2014,1,'2014-05-31 09:53:50',NULL,330,4,345,NULL),(966,'2014-05-24 10:07:56','2014-05-31 10:07:56',2014,1,'2014-05-31 09:56:30',NULL,345,4,173,NULL),(967,'2014-05-24 10:11:53','2014-05-31 10:11:53',2014,1,'2014-05-31 09:57:27',14,NULL,4,144,NULL),(968,'2014-05-24 10:14:20','2014-05-31 10:14:20',2014,1,'2014-07-26 09:36:35',NULL,358,4,478,NULL),(969,'2014-05-24 10:33:06','2014-05-31 10:33:06',2014,1,'2014-07-19 00:00:00',NULL,233,4,436,NULL),(970,'2014-05-24 10:33:43','2014-05-31 10:33:43',2014,1,'2014-07-19 11:02:27',NULL,228,4,112,NULL),(971,'2014-05-24 10:58:30','2014-05-31 10:58:30',2014,1,'2014-10-25 10:28:53',NULL,217,4,400,NULL),(972,'2014-05-24 10:59:09','2014-05-31 10:59:09',2014,1,'2014-05-31 10:03:09',NULL,340,4,404,NULL),(973,'2014-05-24 10:59:35','2014-05-31 10:59:35',2014,1,'2014-07-26 10:39:19',NULL,339,4,305,NULL),(974,'2014-05-24 11:05:13','2014-05-31 11:05:13',2014,1,'2014-06-07 09:48:21',NULL,298,4,419,NULL),(975,'2014-05-24 11:01:21','2014-05-31 11:01:21',2014,1,'2014-07-26 09:36:53',NULL,297,4,614,NULL),(976,'2014-05-24 11:01:43','2014-05-31 11:01:43',2014,1,'2014-05-31 10:04:14',NULL,341,4,336,NULL),(977,'2014-05-24 11:02:08','2014-05-31 11:02:08',2014,1,'2014-07-19 10:54:08',NULL,294,4,422,NULL),(978,'2014-05-24 11:03:55','2014-05-31 11:03:55',2014,1,'2014-06-07 09:40:36',24,NULL,4,164,NULL),(979,'2014-05-31 09:45:56','2014-06-07 09:45:56',2014,1,'2014-06-07 09:41:17',NULL,208,4,266,NULL),(980,'2014-05-31 12:14:46','2014-06-07 12:14:46',2014,1,'2014-06-07 09:38:10',NULL,328,4,615,NULL),(981,'2014-05-31 09:48:22','2014-06-07 09:48:22',2014,1,'2014-06-07 10:23:11',14,NULL,4,234,NULL),(982,'2014-05-31 09:50:00','2014-06-07 09:50:00',2014,1,'2014-10-18 10:18:08',NULL,345,4,311,NULL),(983,'2014-05-31 09:50:50','2014-06-07 09:50:50',2014,1,'2014-06-07 09:42:09',NULL,332,4,381,NULL),(984,'2014-05-31 09:54:24','2014-06-07 09:54:24',2014,1,'2014-06-07 09:39:50',NULL,330,4,256,NULL),(985,'2014-05-31 10:05:03','2014-06-07 10:05:03',2014,1,'2014-06-07 09:39:02',NULL,288,4,485,NULL),(986,'2014-05-31 10:05:29','2014-06-07 10:05:29',2014,1,'2014-06-07 09:38:42',NULL,290,4,135,NULL),(987,'2014-05-31 10:05:58','2014-06-07 10:05:58',2014,1,'2014-08-23 09:55:57',NULL,293,4,417,NULL),(988,'2014-05-31 10:06:48','2014-06-07 10:06:48',2014,1,'2014-07-19 20:47:54',NULL,335,4,382,NULL),(989,'2014-05-31 10:07:35','2014-06-07 10:07:35',2014,1,'2014-06-07 09:38:26',NULL,337,4,504,NULL),(990,'2014-05-31 10:08:01','2014-06-07 10:08:01',2014,1,'2014-07-26 10:07:01',NULL,338,4,347,NULL),(991,'2014-05-31 10:08:37','2014-06-07 10:08:37',2014,1,'2014-09-13 09:46:15',NULL,351,4,370,NULL),(992,'2014-05-31 10:45:43','2014-06-07 10:45:43',2014,1,'2014-07-26 10:49:35',NULL,340,4,494,NULL),(993,'2014-05-31 12:16:24','2014-06-07 12:16:24',2014,1,'2014-07-19 20:47:54',NULL,314,4,244,NULL),(994,'2014-05-31 12:16:47','2014-06-07 12:16:47',2014,1,'2016-03-26 11:13:00',NULL,237,4,490,NULL),(995,'2014-05-31 12:17:15','2014-06-07 12:17:15',2014,1,'2014-06-07 09:45:04',NULL,231,4,173,NULL),(996,'2014-05-31 12:17:29','2014-06-07 12:17:29',2014,1,'2015-05-23 10:19:58',NULL,228,4,314,NULL),(997,'2014-07-19 09:51:07','2014-07-26 09:51:07',2014,1,'2014-07-26 09:47:42',NULL,197,4,341,NULL),(998,'2014-07-19 09:51:33','2014-07-26 09:51:33',2014,1,'2014-08-02 09:41:07',NULL,201,4,301,NULL),(999,'2014-07-19 09:52:04','2014-07-26 09:52:04',2014,1,'2014-08-02 09:42:29',NULL,332,4,76,NULL),(1000,'2014-07-19 09:52:31','2014-07-26 09:52:31',2014,1,'2014-07-19 20:47:54',NULL,202,4,185,NULL),(1001,'2014-07-19 09:52:53','2014-07-26 09:52:53',2014,1,'2014-07-26 09:37:27',NULL,196,4,517,NULL),(1002,'2014-07-19 10:01:09','2014-07-26 10:01:09',2014,1,'2014-07-26 10:07:15',NULL,290,4,485,NULL),(1003,'2014-07-19 10:02:41','2014-07-26 10:02:41',2014,1,'2014-08-02 09:43:42',NULL,293,4,271,NULL),(1004,'2014-07-19 10:08:29','2014-07-26 10:08:29',2014,1,'2014-09-06 10:52:43',NULL,351,4,519,NULL),(1005,'2014-07-19 10:04:07','2014-07-26 10:04:07',2014,1,'2014-08-23 09:56:19',NULL,288,4,166,NULL),(1006,'2014-07-19 10:04:55','2014-07-26 10:04:55',2014,1,'2014-08-02 09:59:38',NULL,344,4,381,NULL),(1007,'2014-07-19 10:05:22','2014-07-26 10:05:22',2014,1,'2014-08-02 09:59:16',NULL,337,4,173,NULL),(1008,'2014-07-19 10:06:11','2014-07-26 10:06:11',2014,1,'2014-08-02 10:18:20',NULL,335,4,504,NULL),(1009,'2014-07-19 10:06:29','2014-07-26 10:06:29',2014,1,'2014-08-23 09:53:30',10,NULL,4,174,NULL),(1010,'2014-07-19 10:57:26','2014-07-26 10:57:26',2014,1,'2014-08-02 09:56:05',NULL,294,4,501,NULL),(1011,'2014-07-19 10:59:35','2014-07-26 10:59:35',2014,1,'2014-07-26 10:47:16',NULL,301,4,413,NULL),(1012,'2014-07-19 11:00:26','2014-07-26 11:00:26',2014,1,'2014-07-26 10:39:19',NULL,300,4,516,NULL),(1013,'2014-07-19 11:04:57','2014-07-26 11:04:57',2014,1,'2014-07-26 09:50:06',NULL,233,4,608,NULL),(1014,'2014-07-26 09:48:27','2014-08-02 09:48:27',2014,1,'2014-08-02 09:41:30',NULL,197,1,388,NULL),(1015,'2014-07-26 09:48:43','2014-08-02 09:48:43',2014,1,'2014-09-13 09:51:04',NULL,328,1,189,NULL),(1016,'2014-07-26 09:49:19','2014-08-02 09:49:19',2014,1,'2015-03-28 10:31:34',NULL,358,1,268,NULL),(1017,'2014-07-26 09:51:12','2014-08-02 09:51:12',2014,1,'2014-08-02 09:41:55',NULL,199,1,244,NULL),(1018,'2014-07-26 09:52:00','2014-08-02 09:52:00',2014,1,'2014-09-13 10:25:28',NULL,202,1,479,NULL),(1019,'2014-07-26 09:52:24','2014-08-02 09:52:24',2014,1,'2014-08-09 09:50:08',NULL,208,1,345,NULL),(1020,'2014-07-26 09:52:44','2014-08-02 09:52:44',2014,1,'2014-08-09 09:49:26',NULL,196,1,72,NULL),(1021,'2014-07-26 10:01:42','2014-08-02 10:01:42',2014,1,'2014-08-23 09:51:17',NULL,290,1,386,NULL),(1022,'2014-07-26 10:02:59','2014-08-02 10:02:59',2014,1,'2014-09-06 10:00:59',NULL,338,1,95,NULL),(1023,'2014-07-26 10:04:34','2014-08-02 10:04:34',2014,1,'2014-08-02 10:20:48',NULL,335,1,179,NULL),(1024,'2014-07-19 00:00:00','2014-07-24 00:00:00',2014,1,'2014-07-19 00:00:00',0,204,1,69,NULL),(1025,'2014-07-26 10:39:47','2014-08-02 10:39:47',2014,1,'2014-08-30 09:51:31',NULL,215,1,404,NULL),(1026,'2014-07-26 10:40:03','2014-08-02 10:40:03',2014,1,'2014-08-30 09:47:50',NULL,214,1,67,NULL),(1027,'2014-07-26 10:41:46','2014-08-02 10:41:46',2014,1,'2014-08-30 10:06:10',NULL,339,1,266,NULL),(1028,'2014-07-26 11:06:17','2014-08-02 11:06:17',2014,1,'2014-08-02 10:04:32',NULL,300,1,420,NULL),(1029,'2014-07-26 10:44:13','2014-08-02 10:44:13',2014,1,'2014-08-09 10:12:25',NULL,359,1,482,NULL),(1030,'2014-07-26 10:44:51','2014-08-02 10:44:51',2014,1,'2014-08-30 10:05:53',NULL,341,1,515,NULL),(1031,'2014-07-26 10:45:11','2014-08-02 10:45:11',2014,1,'2015-03-28 11:04:13',NULL,301,1,493,NULL),(1032,'2014-07-26 10:45:33','2014-08-02 10:45:33',2014,1,'2014-08-02 09:56:30',NULL,294,1,339,NULL),(1033,'2014-07-26 10:50:15','2014-08-02 10:50:15',2014,1,'2014-08-09 10:12:57',NULL,340,1,485,NULL),(1034,'2014-07-26 00:00:00','2014-08-02 00:00:00',2014,1,'0000-00-00 00:00:00',0,204,1,392,NULL),(1035,'2014-07-26 11:01:15','2014-08-02 11:01:15',2014,1,'2014-10-25 09:45:39',NULL,229,1,107,NULL),(1036,'2014-07-26 23:04:08','2014-08-02 23:04:08',2014,1,'2014-08-09 10:04:14',NULL,233,1,641,NULL),(1037,'2014-08-02 09:58:21','2014-08-09 09:58:21',2014,1,'2014-09-20 10:30:56',NULL,216,4,200,NULL),(1038,'2014-08-02 09:58:50','2014-08-09 09:58:50',2014,1,'2022-03-25 23:44:00',NULL,217,4,71,'baixa_pandemia_25_03_2022'),(1039,'2014-08-02 10:01:28','2014-08-09 10:01:28',2014,1,'2014-08-30 10:06:44',NULL,210,4,337,NULL),(1040,'2014-08-02 10:02:02','2014-08-09 10:02:02',2014,1,'2014-08-23 09:48:40',NULL,339,4,503,NULL),(1041,'2014-08-02 10:02:21','2014-08-09 10:02:21',2014,1,'2014-08-23 09:49:30',NULL,289,4,413,NULL),(1042,'2014-08-02 10:02:47','2014-08-09 10:02:47',2014,1,'2015-05-23 10:09:07',NULL,344,4,293,NULL),(1043,'2014-08-02 10:03:12','2014-08-09 10:03:12',2014,1,'2015-03-21 09:53:19',NULL,337,4,269,NULL),(1044,'2014-08-02 10:03:33','2014-08-09 10:03:33',2014,1,'2014-10-25 10:25:36',NULL,288,4,382,NULL),(1045,'2014-08-02 11:01:07','2014-08-09 11:01:07',2014,1,'2014-08-09 10:12:40',NULL,300,4,173,NULL),(1046,'2014-08-02 10:08:13','2014-08-09 10:08:13',2014,1,'2014-08-09 09:48:51',NULL,197,4,78,NULL),(1047,'2014-08-02 10:08:59','2014-08-09 10:08:59',2014,1,'2014-08-23 10:22:23',NULL,199,4,234,NULL),(1048,'2014-08-02 10:10:17','2014-08-09 10:10:17',2014,1,'2014-08-30 09:59:28',NULL,208,4,478,NULL),(1049,'2014-08-02 10:10:44','2014-08-09 10:10:44',2014,1,'2014-08-09 09:48:17',NULL,345,4,381,NULL),(1050,'2014-08-02 10:11:28','2014-08-09 10:11:28',2014,1,'2014-08-09 09:45:43',NULL,358,4,299,NULL),(1051,'2014-08-02 10:12:05','2014-08-09 10:12:05',2014,1,'2014-08-09 09:47:00',NULL,330,4,498,NULL),(1052,'2014-08-02 10:13:17','2014-08-09 10:13:17',2014,1,'2014-08-09 09:47:49',NULL,332,4,301,NULL),(1053,'2014-08-02 10:27:30','2014-08-09 10:27:30',2014,1,'2014-08-09 09:49:12',NULL,298,4,108,NULL),(1054,'2014-08-02 10:58:03','2014-08-09 10:58:03',2014,1,'2014-09-13 09:49:22',NULL,312,4,509,NULL),(1055,'2014-08-02 10:58:35','2014-08-09 10:58:35',2014,1,'2014-09-27 09:40:59',NULL,314,4,199,NULL),(1056,'2014-08-02 10:58:59','2014-08-09 10:58:59',2014,1,'2014-09-13 09:51:43',NULL,319,4,76,NULL),(1057,'2014-08-02 11:01:31','2014-08-09 11:01:31',2014,1,'2014-08-09 09:48:32',NULL,231,4,512,NULL),(1058,'2014-08-02 11:01:55','2014-08-09 11:01:55',2014,1,'2022-03-25 23:44:00',NULL,308,4,281,'baixa_pandemia_25_03_2022'),(1059,'2014-08-09 10:02:43','2014-08-16 10:02:43',2014,1,'2014-08-30 09:48:05',NULL,208,4,248,NULL),(1060,'2014-08-09 10:06:27','2014-08-16 10:06:27',2014,1,'2014-08-23 09:56:35',NULL,196,4,646,NULL),(1061,'2014-08-09 10:06:50','2014-08-16 10:06:50',2014,1,'2014-09-13 09:50:43',NULL,328,4,179,NULL),(1062,'2014-08-09 10:07:11','2014-08-16 10:07:11',2014,1,'2014-08-23 09:52:58',NULL,204,4,498,NULL),(1063,'2014-08-09 10:07:36','2014-08-16 10:07:36',2014,1,'2014-08-23 09:52:26',NULL,198,4,271,NULL),(1064,'2014-08-09 10:08:00','2014-08-16 10:08:00',2014,1,'2014-08-30 09:47:30',NULL,199,4,341,NULL),(1065,'2014-08-09 10:08:16','2014-08-16 10:08:16',2014,1,'2014-09-06 10:53:13',NULL,330,4,381,NULL),(1066,'2014-08-09 10:09:18','2014-08-16 10:09:18',2014,1,'2014-10-18 10:15:55',NULL,345,4,227,NULL),(1067,'2014-08-09 10:11:03','2014-08-16 10:11:03',2014,1,'2014-08-23 09:52:40',NULL,332,4,319,NULL),(1068,'2014-08-23 09:57:34','2014-08-30 09:57:34',2014,1,'2014-08-30 09:48:31',NULL,205,4,386,NULL),(1069,'2014-08-23 09:57:45','2014-08-30 09:57:45',2014,1,'2014-08-30 09:42:50',NULL,196,4,120,NULL),(1070,'2014-08-23 09:58:01','2014-08-30 09:58:01',2014,1,'2022-03-25 23:44:00',NULL,284,4,75,'baixa_pandemia_25_03_2022'),(1071,'2014-08-23 09:59:18','2014-08-30 09:59:18',2014,1,'2014-08-30 09:43:29',NULL,197,4,158,NULL),(1072,'2014-08-23 09:59:41','2014-08-30 09:59:41',2014,1,'2014-09-20 10:31:23',15,NULL,4,93,NULL),(1073,'2014-08-23 10:00:33','2014-08-30 10:00:33',2014,1,'2014-09-06 10:52:56',NULL,330,4,256,NULL),(1074,'2014-08-23 10:03:52','2014-08-30 10:03:52',2014,1,'2014-08-23 10:10:18',NULL,338,4,417,NULL),(1075,'2014-08-23 10:04:08','2014-08-30 10:04:08',2014,1,'2014-11-22 09:57:33',NULL,293,4,485,NULL),(1076,'2014-08-23 10:05:27','2014-08-30 10:05:27',2014,1,'2014-09-06 11:04:09',NULL,290,4,166,NULL),(1077,'2014-08-23 10:07:28','2014-08-30 10:07:28',2014,1,'2014-09-06 10:00:32',NULL,337,4,169,NULL),(1078,'2014-08-23 10:07:50','2014-08-30 10:07:50',2014,1,'2014-08-23 10:16:27',NULL,335,4,63,NULL),(1079,'2014-08-23 10:08:57','2014-08-30 10:08:57',2014,1,'2014-08-30 10:58:31',NULL,290,4,134,NULL),(1080,'2014-08-23 10:09:20','2014-08-30 10:09:20',2014,1,'2014-10-25 10:13:04',NULL,287,4,161,NULL),(1081,'2014-08-23 10:09:40','2014-08-30 10:09:40',2014,1,'2014-09-13 09:50:13',NULL,288,4,184,NULL),(1082,'2014-08-23 10:09:55','2014-08-30 10:09:55',2014,1,'2014-08-30 09:50:24',NULL,335,4,136,NULL),(1083,'2014-08-23 10:10:31','2014-08-30 10:10:31',2014,1,'2014-09-06 10:00:44',NULL,338,4,142,NULL),(1084,'2014-08-23 10:10:55','2014-08-30 10:10:55',2014,1,'2014-08-23 10:20:15',NULL,300,4,282,NULL),(1085,'2014-08-23 10:11:42','2014-08-30 10:11:42',2014,1,'2014-09-20 10:06:23',NULL,359,4,191,NULL),(1086,'2014-08-23 10:11:55','2014-08-30 10:11:55',2014,1,'2014-09-06 09:58:04',NULL,294,4,308,NULL),(1087,'2014-08-23 10:18:05','2014-08-30 10:18:05',2014,1,'2014-10-25 09:44:40',NULL,323,4,607,NULL),(1088,'2014-08-23 10:18:21','2014-08-30 10:18:21',2014,1,'2014-10-18 09:49:42',NULL,313,4,209,NULL),(1089,'2014-08-23 10:18:45','2014-08-30 10:18:45',2014,1,'2014-10-18 10:10:40',NULL,197,4,78,NULL),(1090,'2014-08-23 10:20:25','2014-08-30 10:20:25',2014,1,'2014-08-23 10:20:51',NULL,300,4,70,NULL),(1091,'2014-08-23 11:03:19','2014-08-30 11:03:19',2014,1,'2014-09-13 09:48:44',NULL,300,4,482,NULL),(1092,'2014-08-23 10:22:38','2014-08-30 10:22:38',2014,1,'2014-09-20 10:04:49',NULL,215,4,234,NULL),(1093,'2014-08-23 10:23:12','2014-08-30 10:23:12',2014,1,'2014-08-23 10:23:38',NULL,359,4,59,NULL),(1094,'2014-08-23 10:24:06','2014-08-30 10:24:06',2014,1,'2014-08-23 10:24:22',NULL,359,4,236,NULL),(1095,'2014-08-23 10:24:41','2014-08-30 10:24:41',2014,1,'2014-09-06 09:58:24',NULL,339,4,59,NULL),(1096,'2014-08-23 10:25:56','2014-08-30 10:25:56',2014,1,'2014-08-30 10:05:24',NULL,295,4,644,NULL),(1097,'2014-08-30 09:51:54','2014-09-06 09:51:54',2014,1,'2016-05-21 10:25:26',NULL,336,4,60,NULL),(1098,'2014-08-30 09:56:17','2014-09-06 09:56:17',2014,1,'2014-09-06 10:01:16',NULL,287,4,70,NULL),(1099,'2014-08-30 09:56:32','2014-09-06 09:56:32',2014,1,'2014-09-20 10:02:17',NULL,335,4,503,NULL),(1100,'2014-08-30 09:58:24','2014-09-06 09:58:24',2014,1,'2015-08-30 08:49:32',NULL,202,4,88,NULL),(1101,'2014-08-30 09:58:39','2014-09-06 09:58:39',2014,1,'2014-09-06 09:53:27',NULL,197,4,330,NULL),(1102,'2014-08-30 09:59:39','2014-09-06 09:59:39',2014,1,'2014-09-13 10:28:21',NULL,208,4,389,NULL),(1103,'2014-08-30 09:59:55','2014-09-06 09:59:55',2014,1,'2014-09-13 09:47:37',NULL,199,4,185,NULL),(1104,'2014-08-30 10:00:56','2014-09-06 10:00:56',2014,1,'2014-09-06 09:52:00',NULL,332,4,157,NULL),(1105,'2014-08-30 10:01:13','2014-09-06 10:01:13',2014,1,'2014-09-27 09:51:39',NULL,196,4,357,NULL),(1106,'2014-08-30 10:01:36','2014-09-06 10:01:36',2014,1,'2014-09-06 09:55:20',NULL,358,4,271,NULL),(1107,'2014-08-30 10:02:07','2014-09-06 10:02:07',2014,1,'2014-09-13 09:45:57',NULL,205,4,319,NULL),(1108,'2014-08-30 10:02:22','2014-09-06 10:02:22',2014,1,'2014-09-13 09:51:28',NULL,204,4,517,NULL),(1109,'2014-08-30 10:07:13','2014-09-06 10:07:13',2014,1,'2014-09-06 09:57:40',NULL,210,4,158,NULL),(1110,'2014-08-30 10:13:18','2014-09-06 10:13:18',2014,1,'2014-09-06 09:59:35',NULL,300,4,174,NULL),(1111,'2014-08-30 10:11:10','2014-09-06 10:11:10',2014,1,'2014-09-06 09:56:05',NULL,298,4,466,NULL),(1112,'2014-08-30 10:11:37','2014-09-06 10:11:37',2014,1,'2014-09-20 10:12:54',NULL,295,4,404,NULL),(1113,'2014-08-30 10:12:06','2014-09-06 10:12:06',2014,1,'2015-04-18 09:02:03',6,NULL,4,505,NULL),(1114,'2014-08-30 10:12:23','2014-09-06 10:12:23',2014,1,'2015-04-18 09:02:03',6,NULL,4,149,NULL),(1115,'2014-08-30 10:14:45','2014-09-06 10:14:45',2014,1,'2014-09-20 10:29:04',NULL,359,4,80,NULL),(1116,'2014-08-30 10:59:23','2014-09-06 10:59:23',2014,1,'2014-09-13 09:49:53',NULL,290,4,248,NULL),(1117,'2014-09-06 10:09:07','2014-09-13 10:09:07',2014,1,'2014-09-13 09:47:07',NULL,197,4,645,NULL),(1118,'2014-09-06 10:11:58','2014-09-13 10:11:58',2014,1,'2022-03-25 23:44:00',NULL,358,4,309,'baixa_pandemia_25_03_2022'),(1119,'2014-09-06 10:14:05','2014-09-13 10:14:05',2014,1,'2014-09-20 10:31:55',NULL,208,4,386,NULL),(1120,'2014-09-06 10:14:29','2014-09-13 10:14:29',2014,1,'2014-09-13 09:47:18',NULL,332,4,90,NULL),(1121,'2014-09-06 10:27:38','2014-09-13 10:27:38',2014,1,'2014-09-13 09:48:05',NULL,210,4,647,NULL),(1122,'2014-09-06 10:28:00','2014-09-13 10:28:00',2014,1,'2014-09-06 10:28:56',NULL,300,4,342,NULL),(1123,'2014-09-06 10:30:05','2014-09-13 10:30:05',2014,1,'2014-09-13 09:48:27',NULL,298,4,291,NULL),(1124,'2014-09-06 10:30:35','2014-09-13 10:30:35',2014,1,'2014-09-20 10:30:04',NULL,215,4,516,NULL),(1125,'2014-09-06 10:30:52','2014-09-13 10:30:52',2014,1,'2015-10-03 11:02:53',NULL,361,4,641,NULL),(1126,'2014-09-06 10:31:08','2014-09-13 10:31:08',2014,1,'2014-11-15 10:32:44',NULL,339,4,299,NULL),(1127,'2014-09-06 10:33:58','2014-09-13 10:33:58',2014,1,'2014-09-27 09:40:38',NULL,294,4,128,NULL),(1128,'2014-09-06 11:02:08','2014-09-13 11:02:08',2014,1,'2014-09-13 09:46:49',NULL,330,4,266,NULL),(1129,'2014-09-06 11:02:58','2014-09-13 11:02:58',2014,1,'2014-09-13 09:46:29',NULL,351,4,371,NULL),(1130,'2014-09-13 10:00:27','2014-09-20 10:00:27',2014,1,'2014-09-20 10:13:44',NULL,290,4,70,NULL),(1131,'2014-09-13 10:01:08','2014-09-20 10:01:08',2014,1,'2014-09-20 10:18:54',NULL,293,4,136,NULL),(1132,'2014-09-13 10:01:41','2014-09-20 10:01:41',2014,1,'2014-09-20 10:30:27',NULL,335,4,63,NULL),(1133,'2014-09-13 10:03:19','2014-09-20 10:03:19',2014,1,'2014-09-20 10:17:12',NULL,338,4,271,NULL),(1134,'2014-09-13 10:03:40','2014-09-20 10:03:40',2014,1,'2014-09-27 09:42:11',NULL,288,4,497,NULL),(1135,'2014-09-13 10:04:03','2014-09-20 10:04:03',2014,1,'2014-09-20 10:19:43',NULL,337,4,114,NULL),(1136,'2014-09-13 10:04:31','2014-09-20 10:04:31',2014,1,'2014-09-20 10:23:16',NULL,344,4,381,NULL),(1137,'2014-09-13 10:04:54','2014-09-20 10:04:54',2014,1,'2014-10-18 10:06:44',NULL,287,4,285,NULL),(1138,'2014-09-13 10:23:51','2014-09-20 10:23:51',2014,1,'2014-09-27 09:41:54',NULL,197,4,312,NULL),(1139,'2014-09-13 10:24:17','2014-09-20 10:24:17',2014,1,'2014-09-20 10:25:47',NULL,332,4,308,NULL),(1140,'2014-09-13 10:24:43','2014-09-20 10:24:43',2014,1,'2014-09-20 10:20:47',NULL,199,4,144,NULL),(1141,'2014-09-13 10:26:11','2014-09-20 10:26:11',2014,1,'2014-09-20 10:24:38',NULL,202,4,68,NULL),(1142,'2014-09-13 10:27:27','2014-09-20 10:27:27',2014,1,'2014-10-25 09:43:41',NULL,328,4,330,NULL),(1143,'2014-09-13 10:27:48','2014-09-20 10:27:48',2014,1,'2014-09-20 10:26:37',NULL,205,4,157,NULL),(1144,'2014-09-13 10:28:37','2014-09-20 10:28:37',2014,1,'2014-09-20 10:31:38',NULL,208,4,239,NULL),(1145,'2014-09-13 10:29:21','2014-09-20 10:29:21',2014,1,'2014-09-20 10:22:41',NULL,196,4,513,NULL),(1146,'2014-09-13 10:30:25','2014-09-20 10:30:25',2014,1,'2014-09-27 09:48:23',NULL,204,4,256,NULL),(1147,'2014-09-13 10:32:26','2014-09-20 10:32:26',2014,1,'2014-09-20 10:31:09',NULL,343,4,283,NULL),(1148,'2014-09-13 11:02:20','2014-09-20 11:02:20',2014,1,'2015-05-30 09:59:58',NULL,231,4,127,NULL),(1149,'2014-09-13 11:08:01','2014-09-20 11:08:01',2014,1,'2014-09-27 09:44:37',NULL,300,4,339,NULL),(1150,'2014-09-13 11:05:32','2014-09-20 11:05:32',2014,1,'2014-11-01 10:35:23',NULL,228,4,466,NULL),(1151,'2014-09-13 11:06:12','2014-09-20 11:06:12',2014,1,'2014-10-18 09:58:47',NULL,210,4,370,NULL),(1152,'2014-09-13 11:07:19','2014-09-20 11:07:19',2014,1,'2014-11-15 09:36:16',NULL,298,4,399,NULL),(1153,'2014-09-20 09:57:12','2014-09-27 09:57:12',2014,1,'2014-11-29 09:48:12',NULL,314,4,639,NULL),(1154,'2014-09-20 10:00:00','2014-09-27 10:00:00',2014,1,'2015-04-18 10:02:09',NULL,231,4,644,NULL),(1155,'2014-09-20 10:00:20','2014-09-27 10:00:20',2014,1,'2016-03-26 11:13:00',NULL,237,4,282,NULL),(1156,'2014-09-20 10:03:22','2014-09-27 10:03:22',2014,1,'2014-09-27 09:43:35',NULL,340,4,125,NULL),(1157,'2014-09-20 10:03:46','2014-09-27 10:03:46',2014,1,'2015-04-04 10:50:55',NULL,295,4,236,NULL),(1158,'2014-09-20 10:05:12','2014-09-27 10:05:12',2014,1,'2014-10-25 09:44:09',NULL,215,4,345,NULL),(1159,'2014-09-20 10:06:44','2014-09-27 10:06:44',2014,1,'2014-10-18 10:21:47',NULL,359,4,645,NULL),(1160,'2014-09-20 10:11:19','2014-09-27 10:11:19',2014,1,'2014-09-27 09:44:16',NULL,300,4,229,NULL),(1161,'2014-09-20 10:14:00','2014-09-27 10:14:00',2014,1,'2014-09-27 09:43:19',NULL,290,4,638,NULL),(1162,'2014-09-20 10:16:47','2014-09-27 10:16:47',2014,1,'2014-10-25 09:42:27',NULL,335,4,165,NULL),(1163,'2014-09-20 10:17:29','2014-09-27 10:17:29',2014,1,'2014-09-27 09:43:54',NULL,338,4,89,NULL),(1164,'2014-09-20 10:18:19','2014-09-27 10:18:19',2014,1,'2014-09-27 09:42:42',NULL,351,4,455,NULL),(1165,'2014-09-20 10:19:26','2014-09-27 10:19:26',2014,1,'2014-10-18 09:50:41',NULL,293,4,69,NULL),(1166,'2014-09-20 10:20:04','2014-09-27 10:20:04',2014,1,'2014-10-25 09:47:56',NULL,337,4,272,NULL),(1167,'2014-09-20 10:21:01','2014-09-27 10:21:01',2014,1,'2014-09-27 09:41:37',NULL,199,4,244,NULL),(1168,'2014-09-20 10:22:24','2014-09-27 10:22:24',2014,1,'2014-09-27 09:41:18',NULL,330,4,371,NULL),(1169,'2014-09-20 10:22:53','2014-09-27 10:22:53',2014,1,'2014-09-27 09:39:33',NULL,196,4,498,NULL),(1170,'2014-09-20 10:24:19','2014-09-27 10:24:19',2014,1,'2014-09-27 09:48:44',NULL,204,4,381,NULL),(1171,'2014-09-20 10:25:01','2014-09-27 10:25:01',2014,1,'2014-10-18 10:19:57',NULL,202,4,90,NULL),(1172,'2014-09-20 10:25:55','2014-09-27 10:25:55',2014,1,'2014-10-18 10:09:07',NULL,332,4,478,NULL),(1173,'2014-09-20 10:26:56','2014-09-27 10:26:56',2014,1,'2015-03-28 09:41:34',NULL,205,4,59,NULL),(1174,'2014-09-27 09:50:21','2014-10-04 09:50:21',2014,1,'2014-11-08 11:02:31',NULL,204,4,325,NULL),(1175,'2014-09-27 09:50:40','2014-10-04 09:50:40',2014,1,'2014-10-18 10:19:07',NULL,199,4,329,NULL),(1176,'2014-09-27 09:51:10','2014-10-04 09:51:10',2014,1,'2014-09-27 09:51:39',NULL,196,4,63,NULL),(1177,'2014-09-27 09:52:19','2014-10-04 09:52:19',2014,1,'2014-10-18 10:10:40',NULL,197,4,248,NULL),(1178,'2014-09-27 09:54:12','2014-10-04 09:54:12',2014,1,'2014-10-25 09:48:59',NULL,196,4,408,NULL),(1179,'2014-09-27 09:54:26','2014-10-04 09:54:26',2014,1,'2014-10-18 09:52:57',NULL,196,4,63,NULL),(1180,'2014-09-27 11:01:17','2014-10-04 11:01:17',2014,1,'2014-10-18 09:56:20',NULL,210,4,654,NULL),(1181,'2014-09-27 10:08:45','2014-10-04 10:08:45',2014,1,'2014-10-25 09:37:48',NULL,351,4,648,NULL),(1182,'2014-09-27 10:09:31','2014-10-04 10:09:31',2014,1,'2015-03-28 09:52:35',NULL,290,4,305,NULL),(1183,'2014-09-27 10:09:56','2014-10-04 10:09:56',2014,1,'2014-10-18 10:20:51',NULL,338,4,381,NULL),(1184,'2014-09-27 10:10:36','2014-10-04 10:10:36',2014,1,'2014-10-25 09:40:37',NULL,288,4,633,NULL),(1185,'2014-09-27 10:11:31','2014-10-04 10:11:31',2014,1,'2014-11-29 10:06:55',10,NULL,4,141,NULL),(1186,'2014-09-27 11:02:02','2014-10-04 11:02:02',2014,1,'2014-10-18 09:59:24',NULL,298,4,387,NULL),(1187,'2014-09-27 10:20:21','2014-10-04 10:20:21',2014,1,'2014-10-25 09:42:42',NULL,294,4,651,NULL),(1188,'2014-09-27 11:03:07','2014-10-04 11:03:07',2014,1,'2014-10-18 10:28:20',NULL,300,4,95,NULL),(1189,'2014-09-27 10:49:10','2014-10-04 10:49:10',2014,1,'2014-10-25 09:45:19',NULL,229,4,514,NULL),(1190,'2014-09-27 10:49:52','2014-10-04 10:49:52',2014,1,'2014-10-25 09:45:01',NULL,233,4,84,NULL),(1191,'2014-09-27 10:52:12','2014-10-04 10:52:12',2014,1,'2014-10-25 09:43:20',NULL,311,4,389,NULL),(1192,'2014-09-27 11:05:47','2014-10-04 11:05:47',2014,1,'2014-09-27 11:53:46',NULL,314,4,614,NULL),(1193,'2014-10-18 09:53:30','2014-10-25 09:53:30',2014,1,'2014-10-25 09:45:56',NULL,196,4,404,NULL),(1194,'2014-10-18 09:54:30','2014-10-25 09:54:30',2014,1,'2014-10-25 09:39:06',NULL,328,4,488,NULL),(1195,'2014-10-18 09:55:02','2014-10-25 09:55:02',2014,1,'2014-11-01 09:36:47',NULL,199,4,168,NULL),(1196,'2014-10-18 09:56:51','2014-10-25 09:56:51',2014,1,'2015-09-05 11:08:04',NULL,204,4,654,NULL),(1197,'2014-10-18 09:57:24','2014-10-25 09:57:24',2014,1,'2014-11-08 11:02:03',NULL,330,4,498,NULL),(1198,'2014-10-18 09:58:09','2014-10-25 09:58:09',2014,1,'2014-10-25 09:38:46',NULL,208,4,500,NULL),(1199,'2014-10-18 10:02:17','2014-10-25 10:02:17',2014,1,'2014-11-15 09:46:15',NULL,293,4,450,NULL),(1200,'2014-10-18 10:04:32','2014-10-25 10:04:32',2014,1,'2014-11-22 09:59:48',NULL,335,4,317,NULL),(1201,'2014-10-18 10:05:07','2014-10-25 10:05:07',2014,1,'2014-11-08 11:03:01',NULL,351,4,467,NULL),(1202,'2014-10-18 10:07:01','2014-10-25 10:07:01',2014,1,'2014-11-08 09:51:00',NULL,287,4,134,NULL),(1203,'2014-10-18 10:07:34','2014-10-25 10:07:34',2014,1,'2014-10-25 09:41:20',NULL,290,4,386,NULL),(1204,'2014-10-18 10:12:05','2014-10-25 10:12:05',2014,1,'2015-05-23 10:09:07',NULL,289,4,78,NULL),(1205,'2014-10-18 10:33:51','2014-10-25 10:33:51',2014,1,'2014-11-29 09:48:12',17,NULL,4,95,NULL),(1206,'2014-10-18 10:34:17','2014-10-25 10:34:17',2014,1,'2014-11-29 09:48:12',17,NULL,4,652,NULL),(1207,'2014-10-18 11:02:45','2014-10-25 11:02:45',2014,1,'2014-11-01 09:37:29',NULL,210,4,67,NULL),(1208,'2014-10-18 11:03:34','2014-10-25 11:03:34',2014,1,'2014-10-25 09:38:04',NULL,294,4,480,NULL),(1209,'2014-10-18 11:04:29','2014-10-25 11:04:29',2014,1,'2015-05-23 10:09:07',NULL,214,4,653,NULL),(1210,'2014-10-25 09:49:32','2014-11-01 09:49:32',2014,1,'2014-11-08 09:35:31',NULL,197,4,270,NULL),(1211,'2014-10-25 09:50:11','2014-11-01 09:50:11',2014,1,'2015-03-14 09:44:15',NULL,328,4,482,NULL),(1212,'2014-10-25 09:50:43','2014-11-01 09:50:43',2014,1,'2015-08-15 11:02:44',NULL,201,4,239,NULL),(1213,'2014-10-25 09:51:27','2014-11-01 09:51:27',2014,1,'2014-11-01 09:37:08',NULL,208,4,70,NULL),(1214,'2014-10-25 09:51:46','2014-11-01 09:51:46',2014,1,'2014-11-08 09:35:31',NULL,196,4,173,NULL),(1215,'2014-10-25 09:52:04','2014-11-01 09:52:04',2014,1,'2014-11-01 10:23:52',NULL,330,4,417,NULL),(1216,'2014-10-25 10:13:46','2014-11-01 10:13:46',2014,1,'2014-11-08 09:51:41',NULL,287,4,161,NULL),(1217,'2014-10-25 10:16:35','2014-11-01 10:16:35',2014,1,'2015-05-23 10:09:07',NULL,336,4,481,NULL),(1218,'2014-10-25 10:16:54','2014-11-01 10:16:54',2014,1,'2014-11-01 09:38:31',NULL,288,4,120,NULL),(1219,'2014-10-25 10:17:22','2014-11-01 10:17:22',2014,1,'2014-11-08 09:51:00',NULL,290,4,648,NULL),(1220,'2014-10-25 10:17:50','2014-11-01 10:17:50',2014,1,'2014-11-01 09:37:51',NULL,335,4,289,NULL),(1221,'2014-10-25 10:18:15','2014-11-01 10:18:15',2014,1,'2015-05-30 09:58:50',NULL,351,4,350,NULL),(1222,'2014-10-25 10:21:09','2014-11-01 10:21:09',2014,1,'2015-09-26 10:31:59',NULL,344,4,308,NULL),(1223,'2014-10-25 11:02:15','2014-11-01 11:02:15',2014,1,'2014-11-15 09:36:16',NULL,210,4,659,NULL),(1224,'2014-10-25 11:03:00','2014-11-01 11:03:00',2014,1,'2014-11-29 09:48:12',NULL,300,4,651,NULL),(1225,'2014-10-25 11:03:33','2014-11-01 11:03:33',2014,1,'2014-11-01 09:38:09',NULL,294,4,656,NULL),(1226,'2014-11-01 09:47:01','2014-11-08 09:47:01',2014,1,'2014-11-08 09:35:31',NULL,196,4,515,NULL),(1227,'2014-11-01 09:47:46','2014-11-08 09:47:46',2014,1,'2015-03-14 09:44:30',NULL,328,4,79,NULL),(1228,'2014-11-01 09:48:30','2014-11-08 09:48:30',2014,1,'2014-11-08 09:35:31',NULL,199,4,241,NULL),(1229,'2014-11-01 09:48:51','2014-11-08 09:48:51',2014,1,'2014-11-15 09:42:17',NULL,332,4,381,NULL),(1230,'2014-11-01 09:50:37','2014-11-08 09:50:37',2014,1,'2014-11-15 09:42:17',NULL,208,4,330,NULL),(1231,'2014-11-01 10:27:54','2014-11-08 10:27:54',2014,1,'2014-11-08 10:28:12',NULL,210,4,377,NULL),(1232,'2014-11-01 10:29:02','2014-11-08 10:29:02',2014,1,'2015-04-04 10:09:36',NULL,340,4,634,NULL),(1233,'2014-11-01 10:25:04','2014-11-08 10:25:04',2014,1,'2014-11-08 10:25:22',NULL,298,4,70,NULL),(1234,'2014-11-01 10:30:53','2014-11-08 10:30:53',2014,1,'2014-11-08 09:42:33',NULL,294,4,658,NULL),(1235,'2014-11-01 10:31:42','2014-11-08 10:31:42',2014,1,'2014-11-08 09:42:33',NULL,359,4,497,NULL),(1236,'2014-11-01 10:33:42','2014-11-08 10:33:42',2014,1,'2015-04-11 11:10:00',NULL,300,4,136,NULL),(1237,'2014-11-01 10:35:43','2014-11-08 10:35:43',2014,1,'2015-08-08 11:09:58',NULL,233,4,466,NULL),(1238,'2014-11-08 10:12:39','2014-11-15 10:12:39',2014,1,'2014-11-22 09:44:50',NULL,288,1,382,NULL),(1239,'2014-11-08 10:14:25','2014-11-15 10:14:25',2014,1,'2014-11-15 09:46:15',NULL,290,1,63,NULL),(1240,'2014-11-08 10:19:50','2014-11-15 10:19:50',2014,1,'2014-11-22 09:42:57',NULL,287,1,480,NULL),(1241,'2014-11-08 10:15:48','2014-11-15 10:15:48',2014,1,'2015-03-21 09:39:58',NULL,351,1,472,NULL),(1242,'2014-11-08 10:16:12','2014-11-15 10:16:12',2014,1,'2014-11-22 09:43:25',NULL,335,1,248,NULL),(1243,'2014-11-08 10:16:34','2014-11-15 10:16:34',2014,1,'2014-11-22 09:40:21',NULL,293,1,417,NULL),(1244,'2014-11-08 10:21:11','2014-11-15 10:21:11',2014,1,'2022-03-25 23:44:00',NULL,365,1,245,'baixa_pandemia_25_03_2022'),(1245,'2014-11-08 10:27:15','2014-11-15 10:27:15',2014,1,'2014-11-15 09:36:16',NULL,298,1,342,NULL),(1246,'2014-11-08 10:28:34','2014-11-15 10:28:34',2014,1,'2014-11-29 09:48:12',NULL,294,1,377,NULL),(1247,'2014-11-08 10:52:57','2014-11-15 10:52:57',2014,1,'2015-10-03 11:02:10',NULL,210,1,491,NULL),(1248,'2014-11-08 10:42:41','2014-11-15 10:42:41',2014,0,NULL,NULL,287,1,370,NULL),(1249,'2014-11-08 11:06:29','2014-11-15 11:06:29',2014,1,'2014-11-15 09:36:16',NULL,196,1,648,NULL),(1250,'2014-11-08 11:08:19','2014-11-15 11:08:19',2014,1,'2014-11-15 09:42:17',NULL,228,1,110,NULL),(1251,'2014-11-15 09:52:54','2014-11-22 09:52:54',2014,1,'2014-11-22 09:41:17',NULL,196,1,168,NULL),(1252,'2014-11-15 09:56:13','2014-11-22 09:56:13',2014,1,'2015-04-18 09:02:03',NULL,202,1,660,NULL),(1253,'2014-11-15 09:56:36','2014-11-22 09:56:36',2014,1,'2014-11-22 09:42:01',NULL,205,1,90,NULL),(1254,'2014-11-15 09:57:00','2014-11-22 09:57:00',2014,1,'2014-11-22 09:44:07',NULL,199,1,271,NULL),(1255,'2014-11-15 09:58:58','2014-11-22 09:58:58',2014,1,'2016-04-02 09:41:47',NULL,330,1,173,NULL),(1256,'2014-11-15 09:59:33','2014-11-22 09:59:33',2014,1,'2014-11-22 09:41:49',NULL,208,1,418,NULL),(1257,'2014-11-15 09:59:55','2014-11-22 09:59:55',2014,1,'2015-04-12 19:54:43',NULL,332,1,659,NULL),(1258,'2014-11-15 10:04:20','2014-11-22 10:04:20',2014,1,'2014-11-22 10:18:40',14,NULL,1,645,NULL),(1259,'2014-11-15 10:04:34','2014-11-22 10:04:34',2014,1,'2014-11-22 10:18:40',14,NULL,1,234,NULL),(1260,'2014-11-15 10:05:37','2014-11-22 10:05:37',2014,1,'2014-11-22 10:18:40',14,NULL,1,475,NULL),(1261,'2014-11-15 10:06:19','2014-11-22 10:06:19',2014,1,'2014-11-22 10:18:40',14,NULL,1,199,NULL),(1262,'2014-11-15 10:20:52','2014-11-22 10:20:52',2014,1,'2015-09-05 10:00:17',NULL,290,1,478,NULL),(1263,'2014-11-15 10:21:58','2014-11-22 10:21:58',2014,1,'2014-11-29 10:06:10',NULL,337,1,648,NULL),(1264,'2014-11-15 10:23:52','2014-11-22 10:23:52',2014,1,'2014-11-22 09:43:12',NULL,366,1,285,NULL),(1265,'2014-11-15 10:27:07','2014-11-22 10:27:07',2014,1,'2014-11-22 09:42:21',NULL,367,1,157,NULL),(1266,'2014-11-15 10:28:15','2014-11-22 10:28:15',2014,1,'2015-08-29 10:22:32',NULL,210,1,398,NULL),(1267,'2014-11-15 10:53:38','2014-11-22 10:53:38',2014,1,'2015-08-29 00:00:00',NULL,298,1,355,NULL),(1268,'2014-11-15 10:30:14','2014-11-22 10:30:14',2014,1,'2014-11-29 09:48:12',NULL,294,1,632,NULL),(1269,'2014-11-15 10:32:17','2014-11-22 10:32:17',2014,1,'2014-11-15 10:51:58',NULL,299,1,436,NULL),(1270,'2014-11-15 10:33:13','2014-11-22 10:33:13',2014,1,'2014-11-29 09:48:12',NULL,215,1,299,NULL),(1271,'2015-03-14 09:47:19','2015-03-21 09:47:19',2015,1,'2015-03-21 09:44:08',NULL,387,4,386,NULL),(1272,'2015-03-14 09:47:33','2015-03-21 09:47:33',2015,1,'2015-04-18 09:02:03',NULL,392,4,159,NULL),(1273,'2015-03-14 09:47:55','2015-03-21 09:47:55',2015,1,'2015-03-21 09:42:51',NULL,390,4,655,NULL),(1274,'2015-03-14 09:49:19','2015-03-21 09:49:19',2015,1,'2015-03-21 09:44:20',NULL,452,4,157,NULL),(1275,'2015-03-14 09:50:31','2015-03-21 09:50:31',2015,1,'2015-03-21 09:43:16',NULL,453,4,394,NULL),(1276,'2015-03-14 09:50:47','2015-03-21 09:50:47',2015,1,'2015-04-11 09:58:25',NULL,388,4,652,NULL),(1277,'2015-03-14 09:51:10','2015-03-21 09:51:10',2015,1,'2015-03-28 09:36:47',NULL,389,4,270,NULL),(1278,'2015-03-14 09:52:12','2015-03-21 09:52:12',2015,1,'2015-03-21 09:43:32',NULL,454,4,418,NULL),(1279,'2015-03-14 09:53:37','2015-03-21 09:53:37',2015,1,'2015-03-21 09:42:28',NULL,455,4,325,NULL),(1280,'2015-03-14 09:54:06','2015-03-21 09:54:06',2015,1,'2015-03-28 09:55:07',NULL,393,4,241,NULL),(1281,'2015-03-14 09:55:37','2015-03-21 09:55:37',2015,1,'2022-03-25 23:44:00',NULL,457,4,417,'baixa_pandemia_25_03_2022'),(1282,'2015-03-14 09:55:56','2015-03-21 09:55:56',2015,1,'2022-03-25 23:44:00',NULL,456,4,648,'baixa_pandemia_25_03_2022'),(1283,'2015-03-14 09:56:42','2015-03-21 09:56:42',2015,1,'2015-05-09 09:34:00',NULL,458,4,404,NULL),(1284,'2015-03-14 10:18:02','2015-03-21 10:18:02',2015,1,'2015-03-14 10:27:22',NULL,459,4,95,NULL),(1285,'2015-03-14 10:20:51','2015-03-21 10:20:51',2015,1,'2015-03-28 11:03:10',NULL,402,4,494,NULL),(1286,'2015-03-14 10:21:20','2015-03-21 10:21:20',2015,1,'2015-03-21 11:03:37',NULL,419,4,86,NULL),(1287,'2015-03-14 10:21:44','2015-03-21 10:21:44',2015,1,'2015-04-04 10:28:05',NULL,418,4,223,NULL),(1288,'2015-03-14 10:22:53','2015-03-21 10:22:53',2015,1,'2015-03-21 11:00:36',NULL,424,4,646,NULL),(1289,'2015-03-14 10:23:06','2015-03-21 10:23:06',2015,1,'2015-03-21 11:01:12',NULL,405,4,661,NULL),(1290,'2015-03-14 10:24:41','2015-03-21 10:24:41',2015,1,'2015-04-12 19:54:43',NULL,410,4,659,NULL),(1291,'2015-03-14 10:24:59','2015-03-21 10:24:59',2015,1,'2015-03-21 11:00:52',NULL,400,4,475,NULL),(1292,'2015-03-14 10:25:52','2015-03-21 10:25:52',2015,1,'2015-06-06 09:58:11',NULL,460,4,70,NULL),(1293,'2015-03-14 10:26:13','2015-03-21 10:26:13',2015,1,'2015-03-28 10:45:02',8,NULL,4,272,NULL),(1294,'2015-03-14 10:29:25','2015-03-21 10:29:25',2015,1,'2022-03-25 23:44:00',NULL,459,4,514,'baixa_pandemia_25_03_2022'),(1295,'2015-03-14 10:29:48','2015-03-21 10:29:48',2015,1,'2022-03-25 23:44:00',NULL,459,4,81,'baixa_pandemia_25_03_2022'),(1296,'2015-03-14 11:07:42','2015-03-21 11:07:42',2015,1,'2015-04-04 09:44:01',NULL,451,4,177,NULL),(1297,'2015-03-14 11:10:15','2015-03-21 11:10:15',2015,1,'2015-04-04 09:44:01',NULL,442,4,67,NULL),(1298,'2015-03-14 11:08:28','2015-03-21 11:08:28',2015,1,'2015-03-21 09:51:50',NULL,381,4,283,NULL),(1299,'2015-03-14 11:08:51','2015-03-21 11:08:51',2015,1,'2015-04-04 10:09:07',NULL,448,4,515,NULL),(1300,'2015-03-14 11:09:40','2015-03-21 11:09:40',2015,1,'2015-04-04 09:38:34',NULL,447,4,497,NULL),(1301,'2015-03-14 11:10:53','2015-03-21 11:10:53',2015,1,'2015-03-21 09:40:18',NULL,379,4,95,NULL),(1302,'2015-03-21 09:52:13','2015-03-28 09:52:13',2015,1,'2015-03-28 09:51:39',NULL,371,4,134,NULL),(1303,'2015-03-21 09:53:36','2015-03-28 09:53:36',2015,1,'2015-04-04 09:44:01',NULL,376,4,269,NULL),(1304,'2015-03-21 09:53:57','2015-03-28 09:53:57',2015,1,'2015-03-28 09:51:08',NULL,380,4,271,NULL),(1305,'2015-03-21 09:54:20','2015-03-28 09:54:20',2015,1,'2015-05-23 10:09:07',NULL,378,4,656,NULL),(1306,'2015-03-21 09:54:37','2015-03-28 09:54:37',2015,1,'2015-03-28 10:51:08',NULL,379,4,480,NULL),(1307,'2015-03-21 09:54:49','2015-03-28 09:54:49',2015,1,'2015-05-30 10:02:36',NULL,373,4,498,NULL),(1308,'2015-03-21 09:55:07','2015-03-28 09:55:07',2015,1,'2015-03-28 09:51:55',NULL,375,4,319,NULL),(1309,'2015-03-21 09:56:23','2015-03-28 09:56:23',2015,1,'2015-04-18 09:29:02',NULL,461,4,381,NULL),(1310,'2015-03-21 09:56:39','2015-03-28 09:56:39',2015,1,'2015-03-28 09:52:11',NULL,381,4,162,NULL),(1311,'2015-03-21 09:57:49','2015-03-28 09:57:49',2015,1,'2015-03-28 09:50:52',NULL,462,4,95,NULL),(1312,'2015-03-21 10:00:25','2015-03-28 10:00:25',2015,1,'2015-03-28 09:51:23',NULL,374,4,666,NULL),(1313,'2015-03-21 10:01:03','2015-03-28 10:01:03',2015,1,'2015-03-28 11:15:57',NULL,463,4,108,NULL),(1314,'2015-03-21 10:19:18','2015-03-28 10:19:18',2015,1,'2015-04-04 10:28:39',NULL,388,4,609,NULL),(1315,'2015-03-21 10:19:36','2015-03-28 10:19:36',2015,1,'2015-03-28 09:43:20',NULL,452,4,336,NULL),(1316,'2015-03-21 10:20:08','2015-03-28 10:20:08',2015,1,'2015-04-04 09:44:01',NULL,393,4,287,NULL),(1317,'2015-03-21 10:20:22','2015-03-28 10:20:22',2015,1,'2015-03-28 09:42:36',NULL,390,4,650,NULL),(1318,'2015-03-21 10:20:45','2015-03-28 10:20:45',2015,1,'2015-04-04 09:39:54',NULL,384,4,411,NULL),(1319,'2015-03-21 10:20:59','2015-03-28 10:20:59',2015,1,'2015-04-25 09:14:06',NULL,454,4,218,NULL),(1320,'2015-03-21 10:21:49','2015-03-28 10:21:49',2015,1,'2015-03-28 09:42:20',NULL,453,4,160,NULL),(1321,'2015-03-21 10:22:53','2015-03-28 10:22:53',2015,1,'2015-03-28 09:41:58',NULL,464,4,424,NULL),(1322,'2015-03-21 10:23:14','2015-03-28 10:23:14',2015,1,'2015-04-04 09:42:19',NULL,455,4,144,NULL),(1323,'2015-03-21 10:23:30','2015-03-28 10:23:30',2015,1,'2015-04-11 10:02:10',NULL,370,4,90,NULL),(1324,'2015-03-21 10:23:44','2015-03-28 10:23:44',2015,1,'2015-03-28 09:41:10',NULL,387,4,351,NULL),(1325,'2015-03-21 10:25:19','2015-03-28 10:25:19',2015,1,'2015-04-04 09:44:01',NULL,442,4,667,NULL),(1326,'2015-03-21 10:26:21','2015-03-28 10:26:21',2015,1,'2015-03-28 09:53:45',NULL,448,4,120,NULL),(1327,'2015-03-21 10:26:55','2015-03-28 10:26:55',2015,1,'2015-03-28 09:54:18',NULL,440,4,413,NULL),(1328,'2015-03-21 10:27:25','2015-03-28 10:27:25',2015,1,'2015-03-28 09:53:10',NULL,451,4,325,NULL),(1329,'2015-03-21 10:29:24','2015-03-28 10:29:24',2015,1,'2015-05-09 09:28:26',NULL,465,4,345,NULL),(1330,'2015-03-21 10:29:44','2015-03-28 10:29:44',2015,1,'2015-04-04 09:42:19',NULL,445,4,311,NULL),(1331,'2015-03-21 10:33:17','2015-03-28 10:33:17',2015,1,'2015-03-28 09:54:41',NULL,466,4,386,NULL),(1332,'2015-03-21 10:35:13','2015-03-28 10:35:13',2015,1,'2015-03-28 09:52:52',NULL,467,4,357,NULL),(1333,'2015-03-21 10:35:29','2015-03-28 10:35:29',2015,1,'2015-03-28 09:53:30',NULL,468,4,513,NULL),(1334,'2015-03-21 10:36:25','2015-03-28 10:36:25',2015,1,'2015-03-28 09:53:58',NULL,469,4,655,NULL),(1335,'2015-03-21 10:41:48','2015-03-28 10:41:48',2015,1,'2015-08-08 10:15:46',NULL,472,4,124,NULL),(1336,'2015-03-21 10:40:12','2015-03-28 10:40:12',2015,1,'2015-04-11 10:32:43',NULL,471,4,259,NULL),(1337,'2015-03-21 10:41:20','2015-03-28 10:41:20',2015,1,'2015-04-11 10:33:28',NULL,470,4,521,NULL),(1338,'2015-03-21 11:03:53','2015-03-28 11:03:53',2015,1,'2015-03-28 11:02:07',NULL,419,4,86,NULL),(1339,'2015-03-21 11:04:16','2015-03-28 11:04:16',2015,1,'2015-03-28 11:02:26',NULL,400,4,148,NULL),(1340,'2015-03-21 11:04:31','2015-03-28 11:04:31',2015,1,'2015-04-04 10:28:05',NULL,405,4,318,NULL),(1341,'2015-03-21 11:05:00','2015-03-28 11:05:00',2015,1,'2015-08-30 10:53:01',NULL,421,4,467,NULL),(1342,'2015-03-21 11:05:24','2015-03-28 11:05:24',2015,1,'2015-03-28 11:02:50',NULL,424,4,673,NULL),(1343,'2015-03-21 11:05:54','2015-03-28 11:05:54',2015,1,'2015-04-04 10:28:05',NULL,418,4,589,NULL),(1344,'2015-03-21 11:06:43','2015-03-28 11:06:43',2015,1,'2015-04-04 00:00:00',NULL,388,4,337,NULL),(1345,'2015-03-21 11:07:02','2015-03-28 11:07:02',2015,1,'2015-03-28 11:03:25',NULL,410,4,306,NULL),(1346,'2015-03-21 11:07:16','2015-03-28 11:07:16',2015,1,'2015-04-11 10:31:55',NULL,447,4,179,NULL),(1347,'2015-03-21 11:07:35','2015-03-28 11:07:35',2015,1,'2015-03-28 11:09:22',NULL,403,4,422,NULL),(1348,'2015-03-28 09:49:07','2015-04-04 09:49:07',2015,1,'2022-03-25 23:44:00',NULL,389,4,520,'baixa_pandemia_25_03_2022'),(1349,'2015-03-28 09:55:33','2015-04-04 09:55:33',2015,1,'2015-04-11 10:07:37',NULL,387,4,248,NULL),(1350,'2015-03-28 09:55:49','2015-04-04 09:55:49',2015,1,'2015-04-11 10:08:48',NULL,454,4,599,NULL),(1351,'2015-03-28 09:56:56','2015-04-04 09:56:56',2015,1,'2015-04-25 09:21:28',NULL,388,4,651,NULL),(1352,'2015-03-28 09:57:24','2015-04-04 09:57:24',2015,1,'2015-04-04 09:39:54',NULL,453,4,635,NULL),(1353,'2015-03-28 09:57:44','2015-04-04 09:57:44',2015,1,'2015-04-04 09:39:54',NULL,384,4,357,NULL),(1354,'2015-03-28 09:58:06','2015-04-04 09:58:06',2015,1,'2015-04-04 09:42:19',NULL,452,4,120,NULL),(1355,'2015-03-28 09:58:17','2015-04-04 09:58:17',2015,1,'2015-04-04 09:42:19',NULL,390,4,271,NULL),(1356,'2015-03-28 09:58:40','2015-04-04 09:58:40',2015,1,'2015-04-04 09:44:01',NULL,393,4,117,NULL),(1357,'2015-03-28 09:59:21','2015-04-04 09:59:21',2015,1,'2015-04-04 09:39:54',NULL,464,4,161,NULL),(1358,'2015-03-28 10:17:12','2015-04-04 10:17:12',2015,1,'2015-04-04 09:39:54',NULL,451,4,114,NULL),(1359,'2015-03-28 10:17:29','2015-04-04 10:17:29',2015,1,'2015-04-04 09:38:34',NULL,467,4,646,NULL),(1360,'2015-03-28 10:18:00','2015-04-04 10:18:00',2015,1,'2015-04-04 09:42:19',NULL,466,4,413,NULL),(1361,'2015-03-28 10:18:45','2015-04-04 10:18:45',2015,1,'2015-04-04 09:38:34',NULL,473,4,488,NULL),(1362,'2015-03-28 10:19:09','2015-04-04 10:19:09',2015,1,'2015-04-18 09:29:02',NULL,440,4,325,NULL),(1363,'2015-03-28 10:21:40','2015-04-04 10:21:40',2015,1,'2015-04-11 10:17:43',NULL,448,4,516,NULL),(1364,'2015-03-28 10:22:03','2015-04-04 10:22:03',2015,1,'2015-04-04 09:38:34',NULL,445,4,289,NULL),(1365,'2015-03-28 10:22:16','2015-04-04 10:22:16',2015,1,'2015-03-28 11:16:11',NULL,469,4,655,NULL),(1366,'2015-03-28 10:22:39','2015-04-04 10:22:39',2015,1,'2015-04-04 10:51:12',NULL,468,4,408,NULL),(1367,'2015-03-28 10:23:15','2015-04-04 10:23:15',2015,1,'2015-04-11 10:44:16',NULL,470,4,668,NULL),(1368,'2015-03-28 10:23:59','2015-04-04 10:23:59',2015,1,'2015-04-11 10:39:11',NULL,471,4,513,NULL),(1369,'2015-03-28 10:26:27','2015-04-04 10:26:27',2015,1,'2015-04-18 10:49:57',NULL,472,4,638,NULL),(1370,'2015-03-28 10:24:55','2015-04-04 10:24:55',2015,1,'2015-04-04 09:44:01',NULL,371,4,95,NULL),(1371,'2015-03-28 10:25:07','2015-04-04 10:25:07',2015,1,'2015-04-04 09:42:19',NULL,375,4,285,NULL),(1372,'2015-03-28 10:25:25','2015-04-04 10:25:25',2015,1,'2015-04-04 09:42:19',NULL,380,4,65,NULL),(1373,'2015-03-28 10:27:28','2015-04-04 10:27:28',2015,1,'2015-05-23 09:27:38',NULL,474,4,59,NULL),(1374,'2015-03-28 10:27:47','2015-04-04 10:27:47',2015,1,'2015-04-04 10:10:53',NULL,379,4,307,NULL),(1375,'2015-03-28 11:03:05','2015-04-04 11:03:05',2015,1,'2016-03-05 11:03:16',NULL,463,4,732,NULL),(1376,'2015-03-28 10:28:29','2015-04-04 10:28:29',2015,1,'2015-04-11 10:31:40',NULL,368,4,424,NULL),(1377,'2015-03-28 10:28:50','2015-04-04 10:28:50',2015,1,'2015-04-11 10:33:56',NULL,462,4,666,NULL),(1378,'2015-03-28 10:29:27','2015-04-04 10:29:27',2015,1,'2015-04-11 10:33:11',NULL,381,4,395,NULL),(1379,'2015-03-28 10:29:41','2015-04-04 10:29:41',2015,1,'2015-05-23 10:09:07',NULL,378,4,661,NULL),(1380,'2015-03-28 10:30:58','2015-04-04 10:30:58',2015,1,'2015-04-11 10:39:30',NULL,374,4,680,NULL),(1381,'2015-03-28 10:31:51','2015-04-04 10:31:51',2015,1,'2022-03-25 23:44:00',NULL,372,4,268,'baixa_pandemia_25_03_2022'),(1382,'2015-03-28 10:32:47','2015-04-04 10:32:47',2015,1,'2015-05-23 10:09:07',NULL,475,4,135,NULL),(1383,'2015-03-28 11:00:45','2015-04-04 11:00:45',2015,1,'2015-04-11 10:35:51',30,NULL,4,578,NULL),(1384,'2015-03-28 11:04:42','2015-04-04 11:04:42',2015,1,'2015-04-11 10:32:14',30,NULL,4,164,NULL),(1385,'2015-03-28 11:05:03','2015-04-04 11:05:03',2015,1,'2015-04-04 10:03:28',NULL,400,4,336,NULL),(1386,'2015-03-28 11:08:54','2015-04-04 11:08:54',2015,1,'2015-04-25 09:21:28',NULL,402,4,418,NULL),(1387,'2015-03-28 11:05:47','2015-04-04 11:05:47',2015,1,'2015-04-11 10:40:15',NULL,424,4,512,NULL),(1388,'2015-03-28 11:06:07','2015-04-04 11:06:07',2015,1,'2015-04-11 10:39:49',NULL,403,4,650,NULL),(1389,'2015-03-28 11:06:24','2015-04-04 11:06:24',2015,1,'2015-04-04 10:28:05',NULL,410,4,288,NULL),(1390,'2015-04-04 09:58:32','2015-04-11 09:58:32',2015,1,'2015-04-11 09:57:02',NULL,390,4,645,NULL),(1391,'2015-04-04 09:59:01','2015-04-11 09:59:01',2015,1,'2015-04-25 09:15:06',NULL,452,4,392,NULL),(1392,'2015-04-04 09:59:28','2015-04-11 09:59:28',2015,1,'2015-04-11 09:59:26',NULL,453,4,646,NULL),(1393,'2015-04-04 10:00:06','2015-04-11 10:00:06',2015,1,'2015-04-11 10:03:44',NULL,455,4,453,NULL),(1394,'2015-04-04 10:00:27','2015-04-11 10:00:27',2015,1,'2015-04-11 10:40:28',NULL,384,4,664,NULL),(1395,'2015-04-04 10:02:05','2015-04-11 10:02:05',2015,1,'2015-04-11 10:04:52',NULL,464,4,480,NULL),(1396,'2015-04-04 10:03:58','2015-04-11 10:03:58',2015,1,'2015-04-11 10:00:46',NULL,393,4,336,NULL),(1397,'2015-04-04 10:15:34','2015-04-11 10:15:34',2015,1,'2015-04-11 10:34:12',NULL,375,4,291,NULL),(1398,'2015-04-04 10:16:04','2015-04-11 10:16:04',2015,1,'2015-04-25 09:14:06',NULL,371,4,285,NULL),(1399,'2015-04-04 10:16:31','2015-04-11 10:16:31',2015,1,'2015-04-11 10:37:15',NULL,380,4,413,NULL),(1400,'2015-04-04 10:16:56','2015-04-11 10:16:56',2015,1,'2015-04-11 10:41:03',NULL,379,4,335,NULL),(1401,'2015-04-04 10:18:12','2015-04-11 10:18:12',2015,1,'2015-04-11 10:32:26',NULL,376,4,269,NULL),(1402,'2015-04-04 10:20:08','2015-04-11 10:20:08',2015,1,'2015-11-21 09:49:14',NULL,374,4,634,NULL),(1403,'2015-04-04 10:20:46','2015-04-11 10:20:46',2015,1,'2015-05-23 10:09:07',NULL,475,4,497,NULL),(1404,'2015-04-04 10:41:26','2015-04-11 10:41:26',2015,1,'2015-05-02 09:22:33',NULL,476,4,601,NULL),(1405,'2015-04-04 10:41:51','2015-04-11 10:41:51',2015,1,'2015-04-11 10:18:45',NULL,451,4,95,NULL),(1406,'2015-04-04 10:42:12','2015-04-11 10:42:12',2015,1,'2015-04-11 10:16:37',NULL,442,4,363,NULL),(1407,'2015-04-04 10:42:36','2015-04-11 10:42:36',2015,1,'2015-04-11 10:13:14',NULL,447,4,667,NULL),(1408,'2015-04-04 10:43:09','2015-04-11 10:43:09',2015,1,'2015-04-18 09:31:20',NULL,440,4,386,NULL),(1409,'2015-04-04 10:43:41','2015-04-11 10:43:41',2015,1,'2015-04-11 10:36:23',NULL,469,4,655,NULL),(1410,'2015-04-04 10:44:10','2015-04-11 10:44:10',2015,1,'2015-04-11 10:22:23',NULL,466,4,180,NULL),(1411,'2015-04-04 10:44:34','2015-04-11 10:44:34',2015,1,'2015-04-11 10:20:32',NULL,473,4,108,NULL),(1412,'2015-04-04 10:45:27','2015-04-11 10:45:27',2015,1,'2015-04-11 10:36:08',NULL,445,4,311,NULL),(1413,'2015-04-04 10:45:54','2015-04-11 10:45:54',2015,1,'2015-04-11 10:21:24',NULL,468,4,288,NULL),(1414,'2015-04-04 10:47:14','2015-04-11 10:47:14',2015,1,'2015-04-11 10:43:13',NULL,477,4,517,NULL),(1415,'2015-04-04 10:58:31','2015-04-11 10:58:31',2015,1,'2015-04-25 09:15:06',NULL,478,4,329,NULL),(1416,'2015-04-04 10:59:57','2015-04-11 10:59:57',2015,1,'2015-05-09 09:28:26',NULL,386,4,252,NULL),(1417,'2015-04-04 11:00:51','2015-04-11 11:00:51',2015,1,'2015-05-02 11:04:50',NULL,405,4,658,NULL),(1418,'2015-04-04 11:02:08','2015-04-11 11:02:08',2015,1,'2015-04-25 10:51:02',NULL,418,4,500,NULL),(1419,'2015-04-04 22:41:01','2015-04-11 22:41:01',2015,1,'2015-04-25 09:32:03',NULL,400,4,616,NULL),(1420,'2015-04-04 22:49:49','2015-04-11 22:49:49',2015,1,'2015-04-11 10:43:52',NULL,410,4,337,NULL),(1421,'2015-04-11 09:57:18','2015-04-18 09:57:18',2015,1,'2015-04-25 09:14:06',NULL,390,4,609,NULL),(1422,'2015-04-11 09:58:46','2015-04-18 09:58:46',2015,1,'2015-04-25 09:21:28',NULL,388,4,610,NULL),(1423,'2015-04-11 10:00:06','2015-04-18 10:00:06',2015,1,'2015-04-25 09:15:06',NULL,453,4,341,NULL),(1424,'2015-04-11 10:01:08','2015-04-18 10:01:08',2015,1,'2015-04-25 09:44:28',NULL,393,4,652,NULL),(1425,'2015-04-11 10:01:44','2015-04-18 10:01:44',2015,1,'2015-11-28 10:20:18',NULL,389,4,161,NULL),(1426,'2015-04-11 10:02:46','2015-04-18 10:02:46',2015,1,'2015-04-18 09:31:20',NULL,370,4,319,NULL),(1427,'2015-04-11 10:04:10','2015-04-18 10:04:10',2015,1,'2015-04-18 09:31:20',NULL,455,4,411,NULL),(1428,'2015-04-11 10:07:59','2015-04-18 10:07:59',2015,1,'2015-06-06 09:58:11',NULL,387,4,289,NULL),(1429,'2015-04-11 10:09:08','2015-04-18 10:09:08',2015,1,'2015-04-25 20:56:35',NULL,454,4,480,NULL),(1430,'2015-04-11 10:09:46','2015-04-18 10:09:46',2015,1,'2015-05-09 11:07:46',NULL,479,4,143,NULL),(1431,'2015-04-11 10:13:25','2015-04-18 10:13:25',2015,1,'2015-05-02 10:15:11',8,NULL,4,667,NULL),(1432,'2015-04-11 11:10:24','2015-04-18 11:10:24',2015,1,'2015-04-18 09:29:02',NULL,447,4,136,NULL),(1433,'2015-04-11 10:17:01','2015-04-18 10:17:01',2015,1,'2015-05-23 09:52:35',NULL,442,4,276,NULL),(1434,'2015-04-11 10:18:16','2015-04-18 10:18:16',2015,1,'2015-04-18 09:03:39',NULL,448,4,515,NULL),(1435,'2015-04-11 10:19:09','2015-04-18 10:19:09',2015,1,'2015-04-25 09:14:06',NULL,451,4,67,NULL),(1436,'2015-04-11 10:20:54','2015-04-18 10:20:54',2015,1,'2015-04-25 10:50:51',NULL,473,4,138,NULL),(1437,'2015-04-11 10:21:45','2015-04-18 10:21:45',2015,1,'2015-05-09 09:28:26',NULL,468,4,587,NULL),(1438,'2015-04-11 10:22:44','2015-04-18 10:22:44',2015,1,'2015-04-25 09:14:06',NULL,466,4,189,NULL),(1439,'2015-04-11 10:23:45','2015-04-18 10:23:45',2015,1,'2015-04-18 09:31:20',NULL,440,4,494,NULL),(1440,'2015-04-11 10:24:08','2015-04-18 10:24:08',2015,1,'2022-03-25 23:44:00',NULL,450,4,485,'baixa_pandemia_25_03_2022'),(1441,'2015-04-11 10:25:09','2015-04-18 10:25:09',2015,1,'2015-05-09 09:28:26',NULL,465,4,160,NULL),(1442,'2015-04-11 10:27:48','2015-04-18 10:27:48',2015,1,'2022-03-25 23:44:00',NULL,481,4,95,'baixa_pandemia_25_03_2022'),(1443,'2015-04-11 10:30:31','2015-04-18 10:30:31',2015,1,'2022-03-25 23:44:00',NULL,482,4,199,'baixa_pandemia_25_03_2022'),(1444,'2015-04-11 11:02:11','2015-04-18 11:02:11',2015,1,'2015-04-25 09:21:28',NULL,400,4,650,NULL),(1445,'2015-04-11 11:02:31','2015-04-18 11:02:31',2015,1,'2015-04-18 10:03:22',NULL,403,4,342,NULL),(1446,'2015-04-11 11:03:28','2015-04-18 11:03:28',2015,1,'2015-04-25 09:44:10',NULL,410,4,179,NULL),(1447,'2015-04-11 11:05:45','2015-04-18 11:05:45',2015,1,'2015-05-30 09:58:50',NULL,380,4,664,NULL),(1448,'2015-04-11 11:10:56','2015-04-18 11:10:56',2015,1,'2015-04-18 09:29:02',NULL,374,4,357,NULL),(1449,'2015-04-11 11:13:24','2015-04-18 11:13:24',2015,1,'2015-05-09 09:28:26',NULL,483,4,141,NULL),(1450,'2015-04-11 11:14:00','2015-04-18 11:14:00',2015,1,'2015-04-18 09:02:24',NULL,379,4,668,NULL),(1451,'2015-04-12 19:50:53','2015-04-19 19:50:53',2015,1,'2015-05-02 09:42:02',NULL,471,4,117,NULL),(1452,'2015-04-12 19:51:13','2015-04-19 19:51:13',2015,1,'2015-05-02 09:42:19',NULL,470,4,305,NULL),(1453,'2015-04-12 19:51:46','2015-04-19 19:51:46',2015,1,'2015-04-18 09:29:02',NULL,467,4,318,NULL),(1454,'2015-04-12 19:52:06','2015-04-19 19:52:06',2015,1,'2015-04-18 09:29:02',NULL,480,4,287,NULL),(1455,'2015-04-12 19:55:22','2015-04-19 19:55:22',2015,1,'2015-05-09 09:28:26',NULL,456,4,659,NULL),(1456,'2015-04-18 10:00:38','2015-04-25 10:00:38',2015,1,'2015-05-02 09:25:12',NULL,387,4,400,NULL),(1457,'2015-04-18 10:00:59','2015-04-25 10:00:59',2015,1,'2015-08-01 10:47:40',NULL,384,4,484,NULL),(1458,'2015-04-18 10:01:12','2015-04-25 10:01:12',2015,1,'2015-04-25 09:15:37',NULL,370,4,157,NULL),(1459,'2015-04-18 10:01:39','2015-04-25 10:01:39',2015,1,'2015-04-25 09:44:52',NULL,393,4,259,NULL),(1460,'2015-04-18 10:02:22','2015-04-25 10:02:22',2015,1,'2015-05-02 09:32:17',NULL,455,4,644,NULL),(1461,'2015-04-18 10:02:45','2015-04-25 10:02:45',2015,1,'2015-05-09 09:32:19',NULL,397,4,299,NULL),(1462,'2015-04-18 10:28:49','2015-04-25 10:28:49',2015,1,'2015-04-25 09:15:06',NULL,381,4,401,NULL),(1463,'2015-04-18 10:29:55','2015-04-25 10:29:55',2015,1,'2015-04-18 11:09:29',NULL,373,4,411,NULL),(1464,'2015-04-18 10:30:28','2015-04-25 10:30:28',2015,1,'2015-04-25 09:15:06',NULL,379,4,660,NULL),(1465,'2015-04-18 10:30:52','2015-04-25 10:30:52',2015,1,'2015-05-30 09:58:50',NULL,374,4,381,NULL),(1466,'2015-04-18 10:32:10','2015-04-25 10:32:10',2015,1,'2015-04-25 09:43:50',NULL,461,4,344,NULL),(1467,'2015-04-18 10:32:21','2015-04-25 10:32:21',2015,1,'2015-04-18 10:33:24',NULL,368,4,68,NULL),(1468,'2015-04-18 10:33:40','2015-04-25 10:33:40',2015,1,'2015-05-09 09:30:06',NULL,462,4,68,NULL),(1469,'2015-04-18 10:46:26','2015-04-25 10:46:26',2015,1,'2015-05-09 09:28:26',NULL,447,4,174,NULL),(1470,'2015-04-18 10:47:41','2015-04-25 10:47:41',2015,1,'2015-04-25 09:12:50',NULL,467,4,114,NULL),(1471,'2015-04-18 10:48:00','2015-04-25 10:48:00',2015,1,'2015-04-25 09:15:06',NULL,448,4,351,NULL),(1472,'2015-04-18 10:48:23','2015-04-25 10:48:23',2015,1,'2015-05-02 10:14:25',NULL,442,4,177,NULL),(1473,'2015-04-18 10:48:52','2015-04-25 10:48:52',2015,1,'2015-05-09 09:28:26',NULL,440,4,494,NULL),(1474,'2015-04-18 10:49:23','2015-04-25 10:49:23',2015,1,'2015-05-02 09:43:10',NULL,471,4,304,NULL),(1475,'2015-04-18 10:50:10','2015-04-25 10:50:10',2015,1,'2015-05-02 09:43:10',NULL,472,4,248,NULL),(1476,'2015-04-18 10:53:08','2015-04-25 10:53:08',2015,1,'2015-05-02 09:43:10',NULL,470,4,395,NULL),(1477,'2015-04-18 10:50:54','2015-04-25 10:50:54',2015,1,'2015-08-01 09:48:43',NULL,468,4,337,NULL),(1478,'2015-04-18 10:54:55','2015-04-25 10:54:55',2015,1,'2015-05-02 10:44:46',NULL,439,4,147,NULL),(1479,'2015-04-18 10:55:15','2015-04-25 10:55:15',2015,1,'2015-05-23 09:27:38',NULL,425,4,464,NULL),(1480,'2015-04-18 10:55:33','2015-04-25 10:55:33',2015,1,'2015-04-25 09:21:28',NULL,428,4,441,NULL),(1481,'2015-04-18 10:55:51','2015-04-25 10:55:51',2015,1,'2016-11-26 09:23:03',NULL,425,4,583,NULL),(1482,'2015-04-18 10:56:09','2015-04-25 10:56:09',2015,1,'2015-04-25 09:43:30',NULL,432,4,86,NULL),(1483,'2015-04-18 10:56:25','2015-04-25 10:56:25',2015,1,'2015-05-02 09:25:47',NULL,434,4,614,NULL),(1484,'2015-04-18 10:56:48','2015-04-25 10:56:48',2015,1,'2015-05-09 09:28:26',NULL,435,4,608,NULL),(1485,'2015-04-18 10:57:04','2015-04-25 10:57:04',2015,1,'2015-04-25 10:41:14',NULL,430,4,569,NULL),(1486,'2015-04-18 11:02:25','2015-04-25 11:02:25',2015,1,'2019-08-24 09:39:24',NULL,430,4,569,NULL),(1487,'2015-04-18 11:03:31','2015-04-25 11:03:31',2015,1,'2015-04-25 09:14:06',NULL,403,4,627,NULL),(1488,'2015-04-25 10:09:38','2015-05-02 10:09:38',2015,1,'2015-05-09 09:29:40',14,NULL,4,669,NULL),(1489,'2015-04-25 09:52:17','2015-05-02 09:52:17',2015,1,'2015-05-23 10:09:07',NULL,441,4,306,NULL),(1490,'2015-04-25 09:52:38','2015-05-02 09:52:38',2015,1,'2015-05-23 09:27:38',NULL,448,4,325,NULL),(1491,'2015-04-25 09:53:09','2015-05-02 09:53:09',2015,1,'2015-05-09 09:28:26',NULL,469,4,336,NULL),(1492,'2015-04-25 09:53:31','2015-05-02 09:53:31',2015,1,'2015-05-02 09:17:06',NULL,451,4,413,NULL),(1493,'2015-04-25 09:53:55','2015-05-02 09:53:55',2015,1,'2015-05-02 09:22:33',NULL,467,4,237,NULL),(1494,'2015-04-25 09:54:10','2015-05-02 09:54:10',2015,1,'2015-05-09 09:28:26',NULL,440,4,578,NULL),(1495,'2015-04-25 09:54:27','2015-05-02 09:54:27',2015,1,'2015-05-23 10:09:07',NULL,473,4,269,NULL),(1496,'2015-04-25 09:55:28','2015-05-02 09:55:28',2015,1,'2015-05-23 10:09:07',NULL,477,4,652,NULL),(1497,'2015-04-25 09:57:19','2015-05-02 09:57:19',2015,1,'2015-04-25 09:58:36',NULL,474,4,627,NULL),(1498,'2015-04-25 09:57:45','2015-05-02 09:57:45',2015,1,'2015-05-09 09:28:26',NULL,374,4,324,NULL),(1499,'2015-04-25 09:58:47','2015-05-02 09:58:47',2015,1,'2015-05-02 09:17:06',NULL,474,4,241,NULL),(1500,'2015-04-25 09:59:34','2015-05-02 09:59:34',2015,1,'2015-05-23 09:27:38',NULL,381,4,89,NULL),(1501,'2015-04-25 10:00:01','2015-05-02 10:00:01',2015,1,'2022-03-25 23:44:00',NULL,372,4,493,'baixa_pandemia_25_03_2022'),(1502,'2015-04-25 10:00:26','2015-05-02 10:00:26',2015,1,'2015-08-01 10:27:55',NULL,462,4,157,NULL),(1503,'2015-04-25 10:01:06','2015-05-02 10:01:06',2015,1,'2015-05-23 10:09:07',NULL,461,4,635,NULL),(1504,'2015-04-25 10:09:54','2015-05-02 10:09:54',2015,1,'2015-05-02 09:43:30',NULL,388,4,668,NULL),(1505,'2015-04-25 10:10:12','2015-05-02 10:10:12',2015,1,'2015-05-02 09:41:23',NULL,464,4,392,NULL),(1506,'2015-04-25 10:10:41','2015-05-02 10:10:41',2015,1,'2015-05-02 09:17:33',NULL,453,4,609,NULL),(1507,'2015-04-25 10:10:59','2015-05-02 10:10:59',2015,1,'2015-05-09 09:28:26',NULL,390,4,651,NULL),(1508,'2015-04-25 10:11:20','2015-05-02 10:11:20',2015,1,'2015-05-02 09:30:38',NULL,370,4,223,NULL),(1509,'2015-04-25 10:11:33','2015-05-02 10:11:33',2015,1,'2015-05-09 09:32:36',NULL,397,4,329,NULL),(1510,'2015-04-25 10:38:52','2015-05-02 10:38:52',2015,1,'2016-05-21 11:08:09',NULL,484,4,616,NULL),(1511,'2015-04-25 10:39:11','2015-05-02 10:39:11',2015,1,'2015-05-09 09:28:26',NULL,483,4,482,NULL),(1512,'2015-04-25 10:39:35','2015-05-02 10:39:35',2015,1,'2015-08-01 09:38:09',NULL,426,4,463,NULL),(1513,'2015-04-25 10:41:30','2015-05-02 10:41:30',2015,1,'2015-05-23 09:27:38',NULL,430,4,134,NULL),(1514,'2015-04-25 10:41:43','2015-05-02 10:41:43',2015,1,'2015-05-23 09:27:38',NULL,427,4,319,NULL),(1515,'2015-04-25 10:41:58','2015-05-02 10:41:58',2015,1,'2015-05-23 09:27:38',NULL,429,4,84,NULL),(1516,'2015-04-25 10:42:12','2015-05-02 10:42:12',2015,1,'2015-05-30 09:58:50',NULL,432,4,505,NULL),(1517,'2015-04-25 10:42:29','2015-05-02 10:42:29',2015,1,'2016-04-16 10:59:24',NULL,428,4,631,NULL),(1518,'2015-04-25 10:43:05','2015-05-02 10:43:05',2015,1,'2015-05-23 10:19:58',NULL,436,4,86,NULL),(1519,'2015-04-25 10:51:27','2015-05-02 10:51:27',2015,1,'2022-03-25 23:44:00',NULL,417,4,515,'baixa_pandemia_25_03_2022'),(1520,'2015-04-25 10:51:55','2015-05-02 10:51:55',2015,1,'2015-05-02 09:41:41',NULL,418,4,285,NULL),(1521,'2015-04-25 10:52:07','2015-05-02 10:52:07',2015,1,'2015-05-02 11:05:05',NULL,400,4,500,NULL),(1522,'2015-04-25 10:52:18','2015-05-02 10:52:18',2015,1,'2015-05-09 09:57:51',NULL,410,4,655,NULL),(1523,'2015-04-25 10:52:53','2015-05-02 10:52:53',2015,1,'2015-05-02 11:04:37',NULL,403,4,219,NULL),(1524,'2015-05-02 09:24:08','2015-05-09 09:24:08',2015,1,'2015-05-02 09:24:23',NULL,379,4,681,NULL),(1525,'2015-05-02 10:15:30','2015-05-09 10:15:30',2015,1,'2015-05-23 09:22:21',8,NULL,4,287,NULL),(1526,'2015-05-02 10:23:20','2015-05-09 10:23:20',2015,1,'2015-05-23 09:31:23',NULL,451,4,573,NULL),(1527,'2015-05-02 10:23:50','2015-05-09 10:23:50',2015,1,'2015-05-09 09:57:40',NULL,471,4,357,NULL),(1528,'2015-05-02 10:24:27','2015-05-09 10:24:27',2015,1,'2015-05-23 10:17:38',NULL,447,4,304,NULL),(1529,'2015-05-02 10:25:19','2015-05-09 10:25:19',2015,1,'2015-05-09 09:33:43',NULL,442,4,69,NULL),(1530,'2015-05-02 10:25:50','2015-05-09 10:25:50',2015,1,'2015-05-23 10:09:07',NULL,467,4,413,NULL),(1531,'2015-05-02 10:26:10','2015-05-09 10:26:10',2015,1,'2015-05-09 09:57:13',NULL,472,4,117,NULL),(1532,'2015-05-02 10:27:36','2015-05-09 10:27:36',2015,1,'2015-05-09 10:46:58',NULL,466,4,667,NULL),(1533,'2015-05-02 10:28:29','2015-05-09 10:28:29',2015,1,'2022-03-25 23:44:00',NULL,485,4,177,'baixa_pandemia_25_03_2022'),(1534,'2015-05-02 10:29:48','2015-05-09 10:29:48',2015,1,'2015-05-23 09:31:54',NULL,375,4,311,NULL),(1535,'2015-05-02 10:30:14','2015-05-09 10:30:14',2015,1,'2015-05-09 09:28:26',NULL,379,4,395,NULL),(1536,'2015-05-02 10:31:35','2015-05-09 10:31:35',2015,1,'2015-05-23 10:09:07',NULL,477,4,408,NULL),(1537,'2015-05-02 10:32:37','2015-05-09 10:32:37',2015,1,'2015-05-23 10:09:07',NULL,463,4,223,NULL),(1538,'2015-05-02 10:32:51','2015-05-09 10:32:51',2015,1,'2015-05-09 09:28:26',NULL,371,4,90,NULL),(1539,'2015-05-02 10:33:15','2015-05-09 10:33:15',2015,1,'2015-05-30 09:58:50',NULL,486,4,419,NULL),(1540,'2015-05-02 10:33:27','2015-05-09 10:33:27',2015,1,'2016-04-09 09:40:00',NULL,373,4,305,NULL),(1541,'2015-05-02 10:33:57','2015-05-09 10:33:57',2015,1,'2015-05-09 09:28:26',NULL,368,4,480,NULL),(1542,'2015-05-02 10:40:55','2015-05-09 10:40:55',2015,1,'2015-05-09 09:30:45',NULL,370,4,244,NULL),(1543,'2015-05-02 10:43:20','2015-05-09 10:43:20',2015,1,'2015-06-06 09:58:11',NULL,454,4,133,NULL),(1544,'2015-05-02 10:41:39','2015-05-09 10:41:39',2015,1,'2015-05-23 09:31:09',NULL,453,4,668,NULL),(1545,'2015-05-02 10:41:56','2015-05-09 10:41:56',2015,1,'2015-05-23 10:09:07',NULL,455,4,128,NULL),(1546,'2015-05-02 10:42:12','2015-05-09 10:42:12',2015,1,'2015-08-01 09:59:38',NULL,384,4,72,NULL),(1547,'2015-05-02 10:42:43','2015-05-09 10:42:43',2015,1,'2015-09-05 11:07:48',NULL,393,4,666,NULL),(1548,'2015-05-02 10:44:09','2015-05-09 10:44:09',2015,1,'2015-05-23 09:27:38',NULL,427,4,610,NULL),(1549,'2015-05-02 10:46:59','2015-05-09 10:46:59',2015,1,'2015-08-29 09:55:32',NULL,439,4,430,NULL),(1550,'2015-05-02 11:05:23','2015-05-09 11:05:23',2015,1,'2015-05-09 09:28:26',NULL,405,4,158,NULL),(1551,'2015-05-02 11:05:38','2015-05-09 11:05:38',2015,1,'2015-05-09 10:47:45',NULL,400,4,479,NULL),(1552,'2015-05-02 11:06:52','2015-05-09 11:06:52',2015,1,'2015-05-09 10:47:14',NULL,403,4,237,NULL),(1553,'2015-05-09 10:46:38','2015-05-16 10:46:38',2015,1,'2015-06-06 09:58:11',NULL,460,4,299,NULL),(1554,'2015-05-09 11:00:00','2015-05-16 11:00:00',2015,1,'2015-05-23 10:09:07',NULL,424,4,392,NULL),(1555,'2015-05-09 11:00:39','2015-05-16 11:00:39',2015,1,'2015-05-23 10:09:07',NULL,403,4,178,NULL),(1556,'2015-05-09 11:00:45','2015-05-16 11:00:45',2015,1,'2015-05-23 10:09:07',NULL,403,4,178,NULL),(1557,'2015-05-09 11:01:17','2015-05-16 11:01:17',2015,1,'2015-05-23 10:09:07',NULL,400,4,401,NULL),(1558,'2015-05-09 11:01:48','2015-05-16 11:01:48',2015,1,'2015-05-23 09:27:38',NULL,417,4,650,NULL),(1559,'2015-05-09 11:02:16','2015-05-16 11:02:16',2015,1,'2015-08-01 10:23:01',NULL,402,4,482,NULL),(1560,'2015-05-09 11:02:28','2015-05-16 11:02:28',2015,1,'2015-06-06 09:58:11',NULL,405,4,336,NULL),(1561,'2015-05-09 11:03:01','2015-05-16 11:03:01',2015,1,'2022-03-25 23:44:00',NULL,479,4,244,'baixa_pandemia_25_03_2022'),(1562,'2015-05-09 11:03:15','2015-05-16 11:03:15',2015,1,'2015-05-23 10:09:07',NULL,390,4,174,NULL),(1563,'2015-05-09 11:03:42','2015-05-16 11:03:42',2015,1,'2015-08-01 09:40:01',NULL,388,4,283,NULL),(1564,'2015-05-09 11:04:01','2015-05-16 11:04:01',2015,1,'2015-05-23 10:09:07',NULL,387,4,500,NULL),(1565,'2015-05-09 11:04:15','2015-05-16 11:04:15',2015,1,'2015-05-23 10:09:39',NULL,370,4,307,NULL),(1566,'2015-05-09 11:05:20','2015-05-16 11:05:20',2015,1,'2015-08-29 10:02:49',NULL,487,4,644,NULL),(1567,'2015-05-09 11:05:33','2015-05-16 11:05:33',2015,1,'2022-03-25 23:44:00',NULL,457,4,667,'baixa_pandemia_25_03_2022'),(1568,'2015-05-09 11:05:50','2015-05-16 11:05:50',2015,1,'2015-08-01 09:42:38',NULL,397,4,675,NULL),(1569,'2015-05-09 11:07:57','2015-05-16 11:07:57',2015,1,'2022-03-25 23:44:00',NULL,488,4,143,'baixa_pandemia_25_03_2022'),(1570,'2015-05-09 11:08:09','2015-05-16 11:08:09',2015,1,'2015-11-21 10:26:53',NULL,456,4,669,NULL),(1571,'2015-05-09 11:08:28','2015-05-16 11:08:28',2015,1,'2015-06-06 09:55:56',NULL,447,4,388,NULL),(1572,'2015-05-09 11:10:06','2015-05-16 11:10:06',2015,1,'2015-05-23 10:09:07',NULL,371,4,271,NULL),(1573,'2015-05-09 11:13:13','2015-05-16 11:13:13',2015,1,'2015-05-23 10:09:07',NULL,442,4,312,NULL),(1574,'2015-05-23 09:53:29','2015-05-30 09:53:29',2015,1,'2015-05-30 10:03:22',NULL,442,4,67,NULL),(1575,'2015-05-23 09:54:06','2015-05-30 09:54:06',2015,1,'2015-05-23 09:55:00',NULL,467,4,248,NULL),(1576,'2015-05-23 09:54:40','2015-05-30 09:54:40',2015,1,'2015-05-23 09:55:32',NULL,471,4,513,NULL),(1577,'2015-05-23 09:56:33','2015-05-30 09:56:33',2015,1,'2015-05-23 09:56:49',NULL,470,4,120,NULL),(1578,'2015-05-23 09:58:06','2015-05-30 09:58:06',2015,1,'2015-05-23 09:58:20',NULL,472,4,117,NULL),(1579,'2015-05-23 09:59:59','2015-05-30 09:59:59',2015,1,'2015-08-01 11:03:55',NULL,445,4,351,NULL),(1580,'2015-05-23 10:01:52','2015-05-30 10:01:52',2015,1,'2015-05-23 10:10:42',NULL,469,4,318,NULL),(1581,'2015-05-23 10:03:26','2015-05-30 10:03:26',2015,1,'2015-08-08 10:28:44',NULL,465,4,66,NULL),(1582,'2015-05-23 10:03:38','2015-05-30 10:03:38',2015,1,'2015-08-22 10:04:40',NULL,473,4,175,NULL),(1583,'2015-05-23 10:11:01','2015-05-30 10:11:01',2015,0,NULL,NULL,441,4,318,NULL),(1584,'2015-05-23 10:11:16','2015-05-30 10:11:16',2015,1,'2015-08-08 10:16:40',NULL,470,4,69,NULL),(1585,'2015-05-23 10:11:58','2015-05-30 10:11:58',2015,1,'2015-06-06 09:58:11',NULL,472,4,136,NULL),(1586,'2015-05-23 10:12:19','2015-05-30 10:12:19',2015,1,'2015-08-01 09:38:52',NULL,451,4,481,NULL),(1587,'2015-05-23 10:12:49','2015-05-30 10:12:49',2015,1,'2015-06-06 09:58:11',NULL,471,4,259,NULL),(1588,'2015-05-23 10:13:01','2015-05-30 10:13:01',2015,1,'2015-05-30 09:58:50',NULL,442,4,424,NULL),(1589,'2015-05-23 10:13:54','2015-05-30 10:13:54',2015,1,'2015-05-30 09:58:50',NULL,448,4,652,NULL),(1590,'2015-05-23 10:14:05','2015-05-30 10:14:05',2015,1,'2015-08-22 09:45:49',NULL,466,4,573,NULL),(1591,'2015-05-23 10:14:22','2015-05-30 10:14:22',2015,1,'2015-06-06 09:54:16',NULL,467,4,196,NULL),(1592,'2015-05-23 10:14:36','2015-05-30 10:14:36',2015,1,'2015-05-30 10:06:55',NULL,469,4,325,NULL),(1593,'2015-05-23 10:15:26','2015-05-30 10:15:26',2015,1,'2015-06-06 09:58:11',NULL,489,4,668,NULL),(1594,'2015-05-23 10:15:47','2015-05-30 10:15:47',2015,1,'2015-05-30 09:58:50',NULL,473,4,402,NULL),(1595,'2015-05-23 10:16:08','2015-05-30 10:16:08',2015,1,'2015-08-01 10:58:00',NULL,445,4,269,NULL),(1596,'2015-05-23 10:17:56','2015-05-30 10:17:56',2015,1,'2015-08-08 10:08:23',NULL,447,4,363,NULL),(1597,'2015-05-23 10:18:43','2015-05-30 10:18:43',2015,1,'2015-06-06 09:58:11',NULL,477,4,472,NULL),(1598,'2015-05-23 10:22:21','2015-05-30 10:22:21',2015,1,'2015-05-30 09:58:50',NULL,454,4,141,NULL),(1599,'2015-05-23 10:22:59','2015-05-30 10:22:59',2015,1,'2015-08-08 11:09:58',NULL,393,4,578,NULL),(1600,'2015-05-23 10:23:11','2015-05-30 10:23:11',2015,1,'2015-05-30 09:58:50',NULL,387,4,660,NULL),(1601,'2015-05-23 10:23:29','2015-05-30 10:23:29',2015,1,'2015-08-01 09:39:21',NULL,453,4,475,NULL),(1602,'2015-05-23 10:25:08','2015-05-30 10:25:08',2015,1,'2015-05-30 09:58:50',NULL,390,4,191,NULL),(1603,'2015-05-23 10:25:31','2015-05-30 10:25:31',2015,1,'2015-08-01 10:50:18',NULL,455,4,164,NULL),(1604,'2015-05-23 10:48:11','2015-05-30 10:48:11',2015,1,'2015-05-30 09:58:50',NULL,375,4,59,NULL),(1605,'2015-05-23 10:48:35','2015-05-30 10:48:35',2015,1,'2015-08-08 09:14:42',NULL,380,4,234,NULL),(1606,'2015-05-23 10:48:57','2015-05-30 10:48:57',2015,1,'2015-08-01 10:24:44',NULL,463,4,90,NULL),(1607,'2015-05-23 10:49:12','2015-05-30 10:49:12',2015,1,'2015-06-06 09:58:11',NULL,379,4,307,NULL),(1608,'2015-05-23 10:50:26','2015-05-30 10:50:26',2015,1,'2015-10-03 09:41:32',NULL,490,4,497,NULL),(1609,'2015-05-23 10:50:47','2015-05-30 10:50:47',2015,1,'2015-05-30 09:58:50',NULL,371,4,162,NULL),(1610,'2015-05-23 10:50:59','2015-05-30 10:50:59',2015,1,'2015-05-30 09:58:50',NULL,381,4,248,NULL),(1611,'2015-05-23 10:51:12','2015-05-30 10:51:12',2015,1,'2015-08-01 10:18:20',NULL,368,4,285,NULL),(1612,'2015-05-23 10:52:23','2015-05-30 10:52:23',2015,1,'2015-08-29 10:09:57',NULL,491,4,659,NULL),(1613,'2015-05-23 11:00:03','2015-05-30 11:00:03',2015,1,'2015-06-06 09:58:11',NULL,405,4,688,NULL),(1614,'2015-05-23 11:00:37','2015-05-30 11:00:37',2015,1,'2015-08-01 11:12:07',NULL,410,4,682,NULL),(1615,'2015-05-23 11:01:37','2015-05-30 11:01:37',2015,1,'2015-05-30 09:58:50',NULL,492,4,685,NULL),(1616,'2015-05-23 11:01:53','2015-05-30 11:01:53',2015,1,'2015-08-01 09:39:38',NULL,400,4,483,NULL),(1617,'2015-05-30 10:00:29','2015-06-06 10:00:29',2015,1,'2015-08-30 11:04:51',NULL,388,4,127,NULL),(1618,'2015-05-30 10:01:06','2015-06-06 10:01:06',2015,1,'2015-08-01 10:49:16',NULL,454,4,651,NULL),(1619,'2015-05-30 10:01:22','2015-06-06 10:01:22',2015,1,'2015-06-06 09:58:11',NULL,370,4,479,NULL),(1620,'2015-05-30 10:01:45','2015-06-06 10:01:45',2015,1,'2015-05-30 10:17:42',NULL,387,4,345,NULL),(1621,'2015-05-30 10:07:11','2015-06-06 10:07:11',2015,1,'2015-06-06 09:58:11',NULL,441,4,325,NULL),(1622,'2015-05-30 10:08:37','2015-06-06 10:08:37',2015,1,'2015-08-01 10:51:42',NULL,448,4,676,NULL),(1623,'2015-05-30 10:09:41','2015-06-06 10:09:41',2015,1,'2015-08-15 10:05:08',NULL,493,4,165,NULL),(1624,'2015-05-30 10:09:51','2015-06-06 10:09:51',2015,1,'2015-08-30 09:12:36',NULL,469,4,655,NULL),(1625,'2015-05-30 10:10:10','2015-06-06 10:10:10',2015,1,'2015-06-06 09:57:20',NULL,442,4,683,NULL),(1626,'2015-05-30 10:10:33','2015-06-06 10:10:33',2015,1,'2015-06-06 09:58:11',NULL,473,4,138,NULL),(1627,'2015-05-30 10:10:45','2015-06-06 10:10:45',2015,1,'2015-08-01 09:52:02',NULL,477,4,517,NULL),(1628,'2015-05-30 10:11:17','2015-06-06 10:11:17',2015,1,'2015-08-15 10:02:10',NULL,440,4,494,NULL),(1629,'2015-05-30 10:13:31','2015-06-06 10:13:31',2015,1,'2015-08-22 10:34:31',NULL,375,4,227,NULL),(1630,'2015-05-30 10:13:54','2015-06-06 10:13:54',2015,1,'2015-06-06 09:58:11',NULL,373,4,411,NULL),(1631,'2015-05-30 10:14:50','2015-06-06 10:14:50',2015,1,'2015-08-15 10:22:06',NULL,374,4,394,NULL),(1632,'2015-05-30 10:16:09','2015-06-06 10:16:09',2015,1,'2015-06-06 09:58:11',NULL,491,4,413,NULL),(1633,'2015-05-30 10:16:54','2015-06-06 10:16:54',2015,1,'2015-08-08 11:01:59',NULL,379,4,689,NULL),(1634,'2015-05-30 10:20:48','2015-06-06 10:20:48',2015,1,'2015-08-30 09:18:49',NULL,381,4,488,NULL),(1635,'2015-05-30 10:17:59','2015-06-06 10:17:59',2015,1,'2015-08-30 09:19:43',NULL,378,4,345,NULL),(1636,'2015-05-30 10:18:22','2015-06-06 10:18:22',2015,1,'2015-08-08 11:08:04',NULL,475,4,179,NULL),(1637,'2015-05-30 10:18:45','2015-06-06 10:18:45',2015,1,'2015-06-06 09:54:16',NULL,486,4,599,NULL),(1638,'2015-05-30 10:19:18','2015-06-06 10:19:18',2015,1,'2015-05-30 10:33:39',NULL,368,4,67,NULL),(1639,'2015-05-30 10:19:55','2015-06-06 10:19:55',2015,1,'2015-08-29 09:43:25',NULL,371,4,588,NULL),(1640,'2015-05-30 10:20:22','2015-06-06 10:20:22',2015,1,'2015-08-08 09:14:42',NULL,371,4,286,NULL),(1641,'2015-05-30 10:34:05','2015-06-06 10:34:05',2015,1,'2015-08-01 10:27:55',NULL,462,4,67,NULL),(1642,'2015-05-30 10:58:18','2015-06-06 10:58:18',2015,1,'2015-06-06 09:54:16',NULL,400,4,123,NULL),(1643,'2015-05-30 10:58:38','2015-06-06 10:58:38',2015,1,'2015-06-06 09:54:16',NULL,403,4,273,NULL),(1644,'2015-05-30 10:59:02','2015-06-06 10:59:02',2015,1,'2015-08-08 11:10:26',NULL,418,4,65,NULL),(1645,'2015-05-30 10:59:19','2015-06-06 10:59:19',2015,1,'2015-08-30 09:07:08',NULL,492,4,656,NULL),(1646,'2015-06-06 09:58:59','2015-06-13 09:58:59',2015,1,'2015-06-20 09:53:39',NULL,370,4,314,NULL),(1647,'2015-06-06 09:59:11','2015-06-13 09:59:11',2015,1,'2015-06-13 09:31:06',NULL,454,4,381,NULL),(1648,'2015-06-06 09:59:22','2015-06-13 09:59:22',2015,1,'2015-06-13 09:31:06',NULL,390,4,329,NULL),(1649,'2015-06-06 09:59:45','2015-06-13 09:59:45',2015,1,'2015-06-13 09:32:58',NULL,464,4,516,NULL),(1650,'2015-06-06 10:00:44','2015-06-13 10:00:44',2015,1,'2022-03-25 23:44:00',NULL,494,4,271,'baixa_pandemia_25_03_2022'),(1651,'2015-06-06 10:00:56','2015-06-13 10:00:56',2015,1,'2015-06-20 10:00:59',NULL,397,4,92,NULL),(1652,'2015-06-06 10:02:17','2015-06-13 10:02:17',2015,1,'2022-03-25 23:44:00',NULL,495,4,685,'baixa_pandemia_25_03_2022'),(1653,'2015-06-06 10:02:34','2015-06-13 10:02:34',2015,1,'2015-06-13 09:38:04',NULL,389,4,235,NULL),(1654,'2015-06-06 10:03:38','2015-06-13 10:03:38',2015,1,'2015-06-20 10:56:08',NULL,496,4,351,NULL),(1655,'2015-06-06 10:05:28','2015-06-13 10:05:28',2015,1,'2015-08-30 08:55:40',NULL,497,4,160,NULL),(1656,'2015-06-06 10:05:57','2015-06-13 10:05:57',2015,1,'2022-03-25 23:44:00',NULL,498,4,421,'baixa_pandemia_25_03_2022'),(1657,'2015-06-06 10:06:15','2015-06-13 10:06:15',2015,1,'2015-06-13 10:15:45',NULL,442,4,79,NULL),(1658,'2015-06-06 10:06:31','2015-06-13 10:06:31',2015,1,'2015-06-20 09:59:57',NULL,473,4,474,NULL),(1659,'2015-06-06 10:06:44','2015-06-13 10:06:44',2015,1,'2015-06-27 09:42:59',NULL,466,4,601,NULL),(1660,'2015-06-06 10:06:59','2015-06-13 10:06:59',2015,1,'2022-03-25 23:44:00',NULL,485,4,338,'baixa_pandemia_25_03_2022'),(1661,'2015-06-06 10:07:13','2015-06-13 10:07:13',2015,1,'2015-06-20 10:02:29',NULL,467,4,661,NULL),(1662,'2015-06-06 10:07:25','2015-06-13 10:07:25',2015,1,'2015-06-13 09:36:58',NULL,469,4,174,NULL),(1663,'2015-06-06 10:07:50','2015-06-13 10:07:50',2015,1,'2015-09-05 09:42:02',NULL,465,4,680,NULL),(1664,'2015-06-06 10:08:10','2015-06-13 10:08:10',2015,1,'2015-06-20 10:02:03',NULL,477,4,168,NULL),(1665,'2015-06-06 10:08:32','2015-06-13 10:08:32',2015,1,'2015-06-20 10:03:30',NULL,447,4,319,NULL),(1666,'2015-06-06 10:20:48','2015-06-13 10:20:48',2015,1,'2015-06-13 09:31:06',NULL,375,4,453,NULL),(1667,'2015-06-06 10:21:05','2015-06-13 10:21:05',2015,1,'2015-08-01 10:22:22',NULL,379,4,357,NULL),(1668,'2015-06-06 10:22:46','2015-06-13 10:22:46',2015,1,'2015-08-08 09:14:42',NULL,371,4,660,NULL),(1669,'2015-06-06 10:23:13','2015-06-13 10:23:13',2015,1,'2015-06-27 09:28:56',NULL,491,4,675,NULL),(1670,'2015-06-06 10:23:52','2015-06-13 10:23:52',2015,1,'2015-06-13 11:07:21',NULL,475,4,135,NULL),(1671,'2015-06-06 10:24:50','2015-06-13 10:24:50',2015,1,'2015-08-01 10:27:55',NULL,462,4,659,NULL),(1672,'2015-06-06 11:01:30','2015-06-13 11:01:30',2015,1,'2015-08-01 11:07:18',NULL,405,4,435,NULL),(1673,'2015-06-06 11:01:46','2015-06-13 11:01:46',2015,1,'2015-06-13 10:15:45',NULL,403,4,388,NULL),(1674,'2015-06-06 11:02:02','2015-06-13 11:02:02',2015,1,'2015-06-13 10:15:45',NULL,400,4,664,NULL),(1675,'2015-06-06 11:02:17','2015-06-13 11:02:17',2015,1,'2015-08-08 10:59:01',NULL,410,4,342,NULL),(1676,'2015-06-06 11:03:50','2015-06-13 11:03:50',2015,1,'2015-08-08 11:09:58',NULL,419,4,466,NULL),(1677,'2015-06-13 10:10:55','2015-06-20 10:10:55',2015,1,'2015-06-20 10:03:14',NULL,447,4,597,NULL),(1678,'2015-06-13 10:11:16','2015-06-20 10:11:16',2015,1,'2015-06-20 10:11:24',NULL,471,4,683,NULL),(1679,'2015-06-13 10:11:31','2015-06-20 10:11:31',2015,1,'2015-06-27 09:24:05',NULL,442,4,248,NULL),(1680,'2015-06-13 10:11:46','2015-06-20 10:11:46',2015,1,'2015-08-15 10:05:08',NULL,493,4,472,NULL),(1681,'2015-06-13 10:12:13','2015-06-20 10:12:13',2015,1,'2015-06-20 10:01:24',NULL,470,4,336,NULL),(1682,'2015-06-13 10:12:28','2015-06-20 10:12:28',2015,1,'2015-06-20 09:59:40',NULL,489,4,311,NULL),(1683,'2015-06-13 10:12:47','2015-06-20 10:12:47',2015,1,'2015-06-20 09:58:47',NULL,472,4,521,NULL),(1684,'2015-06-13 10:13:33','2015-06-20 10:13:33',2015,1,'2022-03-25 23:44:00',NULL,500,4,498,'baixa_pandemia_25_03_2022'),(1685,'2015-06-13 10:13:49','2015-06-20 10:13:49',2015,1,'2015-06-20 09:59:15',NULL,448,4,587,NULL),(1686,'2015-06-13 10:14:07','2015-06-20 10:14:07',2015,1,'2022-03-25 23:44:00',NULL,481,4,273,'baixa_pandemia_25_03_2022'),(1687,'2015-06-13 10:14:26','2015-06-20 10:14:26',2015,1,'2015-06-20 10:01:37',NULL,469,4,341,NULL),(1688,'2015-06-13 10:14:39','2015-06-20 10:14:39',2015,1,'2015-06-27 09:43:16',NULL,466,4,300,NULL),(1689,'2015-06-13 10:14:55','2015-06-20 10:14:55',2015,1,'2015-06-20 10:02:14',NULL,477,4,407,NULL),(1690,'2015-06-13 10:52:08','2015-06-20 10:52:08',2015,1,'2015-06-20 09:54:27',NULL,454,4,381,NULL),(1691,'2015-06-13 10:52:26','2015-06-20 10:52:26',2015,1,'2017-04-01 10:39:39',NULL,391,4,193,NULL),(1692,'2015-06-13 10:52:37','2015-06-20 10:52:37',2015,1,'2015-06-20 10:00:31',NULL,388,4,307,NULL),(1693,'2015-06-13 10:52:48','2015-06-20 10:52:48',2015,1,'2016-06-18 11:11:54',NULL,393,4,162,NULL),(1694,'2015-06-13 10:53:05','2015-06-20 10:53:05',2015,1,'2015-11-28 10:20:18',NULL,389,4,355,NULL),(1695,'2015-06-13 10:53:20','2015-06-20 10:53:20',2015,1,'2015-06-20 09:52:31',NULL,390,4,138,NULL),(1696,'2015-06-13 10:55:28','2015-06-20 10:55:28',2015,1,'2015-06-20 10:04:04',NULL,501,4,78,NULL),(1697,'2015-06-13 10:55:42','2015-06-20 10:55:42',2015,1,'2022-03-25 23:44:00',NULL,494,4,174,'baixa_pandemia_25_03_2022'),(1698,'2015-06-13 10:56:34','2015-06-20 10:56:34',2015,1,'2022-03-25 23:44:00',NULL,456,4,388,'baixa_pandemia_25_03_2022'),(1699,'2015-06-13 11:03:55','2015-06-20 11:03:55',2015,1,'2017-09-30 10:13:18',NULL,457,4,306,NULL),(1700,'2015-06-13 11:05:51','2015-06-20 11:05:51',2015,1,'2022-03-25 23:44:00',NULL,502,4,657,'baixa_pandemia_25_03_2022'),(1701,'2015-06-13 11:06:14','2015-06-20 11:06:14',2015,1,'2015-06-27 09:24:05',NULL,405,4,329,NULL),(1702,'2015-06-13 11:09:44','2015-06-20 11:09:44',2015,1,'2015-08-01 09:47:07',NULL,411,4,344,NULL),(1703,'2015-06-20 09:52:01','2015-06-27 09:52:01',2015,1,'2016-04-23 09:37:51',NULL,388,4,479,NULL),(1704,'2015-06-20 09:52:43','2015-06-27 09:52:43',2015,1,'2015-08-08 09:14:42',NULL,390,4,235,NULL),(1705,'2015-06-20 09:53:15','2015-06-27 09:53:15',2015,1,'2015-06-27 10:37:56',NULL,464,4,237,NULL),(1706,'2015-06-20 09:54:08','2015-06-27 09:54:08',2015,1,'2015-06-20 11:00:54',NULL,397,4,392,NULL),(1707,'2015-06-20 09:54:38','2015-06-27 09:54:38',2015,1,'2015-06-27 10:37:56',NULL,454,4,401,NULL),(1708,'2015-06-20 09:58:12','2015-06-27 09:58:12',2015,1,'2015-08-01 10:32:20',27,NULL,4,136,NULL),(1709,'2015-06-20 10:13:10','2015-06-27 10:13:10',2015,1,'2015-06-27 09:28:03',NULL,379,4,70,NULL),(1710,'2015-06-20 10:13:31','2015-06-27 10:13:31',2015,1,'2015-06-27 09:43:55',NULL,373,4,663,NULL),(1711,'2015-06-20 10:17:35','2015-06-27 10:17:35',2015,1,'2015-06-27 09:24:05',NULL,442,4,275,NULL),(1712,'2015-06-20 10:22:03','2015-06-27 10:22:03',2015,1,'2015-08-15 09:41:26',NULL,489,4,289,NULL),(1713,'2015-06-20 10:14:26','2015-06-27 10:14:26',2015,1,'2015-11-21 09:45:47',NULL,441,4,413,NULL),(1714,'2015-06-20 10:15:04','2015-06-27 10:15:04',2015,1,'2015-06-27 09:42:30',NULL,471,4,190,NULL),(1715,'2015-06-20 10:16:28','2015-06-27 10:16:28',2015,1,'2015-08-08 09:37:28',NULL,474,4,386,NULL),(1716,'2015-06-20 10:17:54','2015-06-27 10:17:54',2015,1,'2015-06-27 09:25:38',NULL,448,4,402,NULL),(1717,'2015-06-20 10:18:21','2015-06-27 10:18:21',2015,1,'2015-06-27 09:42:43',NULL,472,4,322,NULL),(1718,'2015-06-20 10:18:38','2015-06-27 10:18:38',2015,1,'2015-06-27 09:42:06',NULL,470,4,117,NULL),(1719,'2015-06-20 10:19:37','2015-06-27 10:19:37',2015,1,'2015-08-01 09:42:56',NULL,465,4,158,NULL),(1720,'2015-06-20 10:20:10','2015-06-27 10:20:10',2015,1,'2015-08-08 09:14:42',NULL,469,4,325,NULL),(1721,'2015-06-20 10:20:32','2015-06-27 10:20:32',2015,1,'2015-08-15 10:02:10',NULL,440,4,627,NULL),(1722,'2015-06-20 10:20:46','2015-06-27 10:20:46',2015,1,'2015-06-27 09:26:37',NULL,473,4,687,NULL),(1723,'2015-06-20 10:21:02','2015-06-27 10:21:02',2015,1,'2015-08-29 11:01:47',NULL,496,4,688,NULL),(1724,'2015-06-20 10:21:34','2015-06-27 10:21:34',2015,1,'2015-06-27 09:24:05',NULL,467,4,59,NULL),(1725,'2015-06-20 10:22:16','2015-06-27 10:22:16',2015,1,'2015-08-15 09:47:50',NULL,477,4,389,NULL),(1726,'2015-06-20 10:22:35','2015-06-27 10:22:35',2015,1,'2015-10-10 09:41:33',NULL,462,4,381,NULL),(1727,'2015-06-20 10:23:03','2015-06-27 10:23:03',2015,1,'2016-11-19 10:07:01',NULL,486,4,128,NULL),(1728,'2015-06-20 10:23:23','2015-06-27 10:23:23',2015,1,'2015-08-15 10:13:56',NULL,447,4,652,NULL),(1729,'2015-06-20 10:23:36','2015-06-27 10:23:36',2015,1,'2015-06-27 09:27:33',NULL,368,4,134,NULL),(1730,'2015-06-20 10:24:06','2015-06-27 10:24:06',2015,1,'2015-09-05 10:01:36',NULL,475,4,661,NULL),(1731,'2015-06-20 10:24:19','2015-06-27 10:24:19',2015,1,'2015-06-27 09:43:33',NULL,491,4,650,NULL),(1732,'2015-06-20 10:54:36','2015-06-27 10:54:36',2015,1,'2015-06-27 09:44:28',NULL,375,4,336,NULL),(1733,'2015-06-20 10:54:53','2015-06-27 10:54:53',2015,1,'2015-09-19 09:46:38',NULL,374,4,518,NULL),(1734,'2015-06-20 10:55:08','2015-06-27 10:55:08',2015,1,'2015-06-27 10:31:20',NULL,381,4,314,NULL),(1735,'2015-06-20 10:55:48','2015-06-27 10:55:48',2015,1,'2015-08-01 09:38:09',NULL,483,4,589,NULL),(1736,'2015-06-20 10:57:00','2015-06-27 10:57:00',2015,1,'2015-08-01 09:38:52',NULL,425,4,379,NULL),(1737,'2015-06-20 10:57:17','2015-06-27 10:57:17',2015,1,'2015-08-01 09:38:09',NULL,426,4,639,NULL),(1738,'2015-06-20 11:08:41','2015-06-27 11:08:41',2015,1,'2015-09-05 11:10:49',NULL,403,4,319,NULL),(1739,'2015-06-20 11:08:55','2015-06-27 11:08:55',2015,1,'2015-06-27 09:24:05',NULL,400,4,288,NULL),(1740,'2015-06-27 10:02:32','2015-07-04 10:02:32',2015,1,'2015-08-08 10:09:06',NULL,447,4,277,NULL),(1741,'2015-06-27 10:03:14','2015-07-04 10:03:14',2015,1,'2015-08-22 09:46:03',NULL,472,4,684,NULL),(1742,'2015-06-27 10:03:46','2015-07-04 10:03:46',2015,1,'2015-08-08 09:34:32',NULL,442,4,312,NULL),(1743,'2015-06-27 10:04:09','2015-07-04 10:04:09',2015,1,'2015-08-15 09:45:26',NULL,471,4,120,NULL),(1744,'2015-06-27 10:04:27','2015-07-04 10:04:27',2015,1,'2015-08-15 09:42:20',NULL,470,4,189,NULL),(1745,'2015-06-27 10:05:00','2015-07-04 10:05:00',2015,1,'2015-08-01 09:40:26',NULL,448,4,259,NULL),(1746,'2015-06-27 10:05:27','2015-07-04 10:05:27',2015,1,'2015-08-15 10:11:51',NULL,466,4,604,NULL),(1747,'2015-06-27 10:05:48','2015-07-04 10:05:48',2015,1,'2015-08-22 09:46:49',NULL,467,4,686,NULL),(1748,'2015-06-27 10:06:27','2015-07-04 10:06:27',2015,1,'2015-08-30 09:13:49',NULL,493,4,295,NULL),(1749,'2015-06-27 10:07:14','2015-07-04 10:07:14',2015,1,'2015-08-08 09:14:42',NULL,473,4,296,NULL),(1750,'2015-06-27 10:07:28','2015-07-04 10:07:28',2015,1,'2015-09-05 09:39:52',NULL,440,4,668,NULL),(1751,'2015-06-27 10:49:37','2015-07-04 10:49:37',2015,1,'2015-08-22 09:48:11',NULL,388,4,411,NULL),(1752,'2015-06-27 10:50:12','2015-07-04 10:50:12',2015,1,'2015-08-22 09:49:08',NULL,454,4,133,NULL),(1753,'2015-06-27 10:50:35','2015-07-04 10:50:35',2015,1,'2015-10-31 09:41:56',NULL,384,4,299,NULL),(1754,'2015-08-01 10:21:52','2015-08-08 10:21:52',2015,1,'2015-08-08 11:08:45',NULL,375,1,521,NULL),(1755,'2015-08-01 10:23:23','2015-08-08 10:23:23',2015,1,'2015-08-08 09:14:42',NULL,379,1,482,NULL),(1756,'2015-08-01 10:23:48','2015-08-08 10:23:48',2015,1,'2015-08-08 11:15:24',NULL,373,1,260,NULL),(1757,'2015-08-01 10:24:15','2015-08-08 10:24:15',2015,1,'2015-08-08 11:14:29',NULL,371,1,70,NULL),(1758,'2015-08-01 10:25:01','2015-08-08 10:25:01',2015,1,'2015-08-22 11:10:28',NULL,463,1,62,NULL),(1759,'2015-08-01 10:36:25','2015-08-08 10:36:25',2015,1,'2015-08-08 11:13:28',NULL,462,1,476,NULL),(1760,'2015-08-01 10:28:40','2015-08-08 10:28:40',2015,1,'2015-08-15 10:22:27',NULL,374,1,480,NULL),(1761,'2015-08-01 10:28:57','2015-08-08 10:28:57',2015,1,'2015-08-08 09:24:27',NULL,491,1,142,NULL),(1762,'2015-08-01 10:29:18','2015-08-08 10:29:18',2015,1,'2015-08-08 11:13:09',NULL,381,1,401,NULL),(1763,'2015-08-01 10:29:36','2015-08-08 10:29:36',2015,1,'2015-08-15 10:21:46',NULL,368,1,481,NULL),(1764,'2015-08-01 10:53:00','2015-08-08 10:53:00',2015,1,'2015-09-19 09:46:38',NULL,388,1,300,NULL),(1765,'2015-08-01 10:54:10','2015-08-08 10:54:10',2015,1,'2015-08-08 09:37:10',NULL,397,1,646,NULL),(1766,'2015-08-01 10:56:09','2015-08-08 10:56:09',2015,1,'2015-08-08 09:24:44',NULL,503,1,336,NULL),(1767,'2015-08-01 11:07:57','2015-08-08 11:07:57',2015,1,'2015-08-15 11:04:30',NULL,400,1,435,NULL),(1768,'2015-08-01 11:12:28','2015-08-08 11:12:28',2015,1,'2015-08-15 11:05:09',NULL,410,1,314,NULL),(1769,'2015-08-01 09:35:04','2015-08-08 09:35:04',2015,1,'2015-08-08 09:35:34',NULL,442,4,136,NULL),(1770,'2015-08-08 10:06:44','2015-08-15 10:06:44',2015,1,'2015-08-15 09:41:52',NULL,473,4,138,NULL),(1771,'2015-08-08 10:07:09','2015-08-15 10:07:09',2015,1,'2015-08-29 09:41:30',NULL,448,4,287,NULL),(1772,'2015-08-08 10:07:36','2015-08-15 10:07:36',2015,1,'2016-05-21 10:24:01',NULL,441,4,180,NULL),(1773,'2015-08-08 10:09:42','2015-08-15 10:09:42',2015,1,'2015-08-29 10:54:05',NULL,447,4,535,NULL),(1774,'2015-08-08 10:11:46','2015-08-15 10:11:46',2015,1,'2015-08-15 10:34:50',NULL,445,4,269,NULL),(1775,'2015-08-08 10:12:08','2015-08-15 10:12:08',2015,1,'2015-08-15 09:43:07',NULL,471,4,284,NULL),(1776,'2015-08-08 10:13:29','2015-08-15 10:13:29',2015,1,'2015-08-15 09:48:34',NULL,469,4,325,NULL),(1777,'2015-08-08 10:14:12','2015-08-15 10:14:12',2015,1,'2015-08-15 09:48:11',NULL,442,4,650,NULL),(1778,'2015-08-08 10:14:36','2015-08-15 10:14:36',2015,1,'2015-09-19 09:46:38',NULL,489,4,274,NULL),(1779,'2015-08-08 10:16:01','2015-08-15 10:16:01',2015,1,'2015-08-15 09:45:06',NULL,472,4,190,NULL),(1780,'2015-08-08 10:16:49','2015-08-15 10:16:49',2015,1,'2015-08-15 09:42:45',NULL,470,4,646,NULL),(1781,'2015-08-08 10:33:11','2015-08-15 10:33:11',2015,1,'2015-09-05 09:40:24',NULL,465,4,89,NULL),(1782,'2015-08-08 10:55:10','2015-08-15 10:55:10',2015,1,'2015-08-22 09:47:25',NULL,402,4,681,NULL),(1783,'2015-08-08 10:55:37','2015-08-15 10:55:37',2015,1,'2015-08-29 11:00:09',NULL,416,4,529,NULL),(1784,'2015-08-08 11:03:26','2015-08-15 11:03:26',2015,1,'2015-08-15 09:41:26',NULL,403,4,418,NULL),(1785,'2015-08-08 10:58:33','2015-08-15 10:58:33',2015,1,'2015-09-05 09:40:55',NULL,418,4,134,NULL),(1786,'2015-08-08 11:00:29','2015-08-15 11:00:29',2015,1,'2016-04-16 09:39:37',NULL,504,4,687,NULL),(1787,'2015-08-08 11:01:12','2015-08-15 11:01:12',2015,1,'2015-08-22 09:52:22',NULL,400,4,496,NULL),(1788,'2015-08-08 11:02:23','2015-08-15 11:02:23',2015,1,'2015-09-05 09:40:39',NULL,393,4,689,NULL),(1789,'2015-08-08 11:02:41','2015-08-15 11:02:41',2015,1,'2015-08-22 09:47:46',NULL,388,4,683,NULL),(1790,'2015-08-08 11:08:16','2015-08-15 11:08:16',2015,1,'2022-03-25 23:44:00',NULL,397,4,179,'baixa_pandemia_25_03_2022'),(1791,'2015-08-08 11:05:30','2015-08-15 11:05:30',2015,1,'2022-03-25 23:44:00',NULL,505,4,453,'baixa_pandemia_25_03_2022'),(1792,'2015-08-08 11:06:22','2015-08-15 11:06:22',2015,1,'2015-08-15 09:54:29',NULL,506,4,248,NULL),(1793,'2015-08-08 11:06:41','2015-08-15 11:06:41',2015,1,'2015-08-15 09:54:12',NULL,379,4,66,NULL),(1794,'2015-08-08 11:11:18','2015-08-15 11:11:18',2015,1,'2015-08-15 10:21:20',NULL,371,4,78,NULL),(1795,'2015-08-08 11:12:35','2015-08-15 11:12:35',2015,1,'2022-03-25 23:44:00',NULL,502,4,663,'baixa_pandemia_25_03_2022'),(1796,'2015-08-15 10:01:41','2015-08-22 10:01:41',2015,1,'2015-10-17 09:24:27',NULL,473,4,517,NULL),(1797,'2015-08-15 10:02:30','2015-08-22 10:02:30',2015,1,'2015-09-19 09:46:38',NULL,440,4,516,NULL),(1798,'2015-08-15 10:03:02','2015-08-22 10:03:02',2015,1,'2015-09-19 09:46:38',NULL,489,4,117,NULL),(1799,'2015-08-15 10:04:22','2015-08-22 10:04:22',2015,1,'2015-08-22 09:49:38',NULL,507,4,357,NULL),(1800,'2015-08-15 10:04:39','2015-08-22 10:04:39',2015,1,'2015-08-22 09:48:56',NULL,442,4,599,NULL),(1801,'2015-08-15 10:05:21','2015-08-22 10:05:21',2015,1,'2018-09-08 09:43:37',NULL,493,4,286,NULL),(1802,'2015-08-15 10:05:57','2015-08-22 10:05:57',2015,1,'2015-08-22 09:51:31',NULL,469,4,325,NULL),(1803,'2015-08-15 10:06:28','2015-08-22 10:06:28',2015,1,'2015-10-03 09:41:32',NULL,445,4,351,NULL),(1804,'2015-08-15 10:06:55','2015-08-22 10:06:55',2015,0,NULL,NULL,477,4,169,NULL),(1805,'2015-08-15 10:07:12','2015-08-22 10:07:12',2015,1,'2015-08-22 09:47:07',NULL,467,4,304,NULL),(1806,'2015-08-15 10:07:37','2015-08-22 10:07:37',2015,1,'2015-11-21 09:45:47',NULL,441,4,259,NULL),(1807,'2015-08-15 10:07:52','2015-08-22 10:07:52',2015,1,'2015-09-05 10:52:59',NULL,472,4,69,NULL),(1808,'2015-08-15 10:08:09','2015-08-22 10:08:09',2015,1,'2015-09-05 10:54:05',NULL,471,4,189,NULL),(1809,'2015-08-15 10:08:30','2015-08-22 10:08:30',2015,1,'2015-09-05 10:53:24',NULL,470,4,136,NULL),(1810,'2015-08-15 10:09:17','2015-08-22 10:09:17',2015,1,'2015-08-22 09:49:55',NULL,508,4,120,NULL),(1811,'2015-08-15 10:12:13','2015-08-22 10:12:13',2015,1,'2015-08-22 10:28:33',NULL,466,4,92,NULL),(1812,'2015-08-15 10:14:08','2015-08-22 10:14:08',2015,1,'2015-09-05 10:11:28',NULL,447,4,63,NULL),(1813,'2015-08-15 10:16:14','2015-08-22 10:16:14',2015,1,'2015-08-22 10:10:28',NULL,380,4,105,NULL),(1814,'2015-08-15 10:16:36','2015-08-22 10:16:36',2015,1,'2015-08-22 10:00:00',NULL,373,4,642,NULL),(1815,'2015-08-15 10:16:55','2015-08-22 10:16:55',2015,1,'2015-08-29 09:46:05',NULL,379,4,248,NULL),(1816,'2015-08-15 10:17:23','2015-08-22 10:17:23',2015,1,'2015-08-22 09:50:18',NULL,371,4,540,NULL),(1817,'2015-08-15 10:17:46','2015-08-22 10:17:46',2015,1,'2015-09-05 10:03:49',NULL,374,4,492,NULL),(1818,'2015-08-15 10:18:16','2015-08-22 10:18:16',2015,0,NULL,NULL,474,4,513,NULL),(1819,'2015-08-15 10:18:50','2015-08-22 10:18:50',2015,1,'2015-09-05 10:06:35',NULL,368,4,90,NULL),(1820,'2015-08-15 10:19:11','2015-08-22 10:19:11',2015,1,'2015-08-22 09:48:38',NULL,491,4,660,NULL),(1821,'2015-08-15 10:20:09','2015-08-22 10:20:09',2015,0,NULL,NULL,372,4,153,NULL),(1822,'2015-08-15 10:20:49','2015-08-22 10:20:49',2015,1,'2015-08-22 09:50:36',NULL,462,4,285,NULL),(1823,'2015-08-15 10:58:39','2015-08-22 10:58:39',2015,1,'2015-08-29 11:05:31',NULL,506,4,363,NULL),(1824,'2015-08-15 10:58:57','2015-08-22 10:58:57',2015,1,'2015-08-22 09:51:07',NULL,390,4,534,NULL),(1825,'2015-08-15 11:00:00','2015-08-22 11:00:00',2015,1,'2015-08-22 09:46:19',NULL,387,4,500,NULL),(1826,'2015-08-15 11:00:23','2015-08-22 11:00:23',2015,1,'2015-09-05 09:41:18',NULL,393,4,651,NULL),(1827,'2015-08-15 11:00:41','2015-08-22 11:00:41',2015,1,'2015-08-22 09:55:58',NULL,388,4,58,NULL),(1828,'2015-08-15 11:01:32','2015-08-22 11:01:32',2015,1,'2015-08-22 09:51:49',NULL,403,4,418,NULL),(1829,'2015-08-15 11:01:58','2015-08-22 11:01:58',2015,1,'2015-08-22 09:45:15',NULL,492,4,650,NULL),(1830,'2015-08-15 11:04:46','2015-08-22 11:04:46',2015,1,'2015-08-22 09:52:02',NULL,400,4,450,NULL),(1831,'2015-08-15 11:05:26','2015-08-22 11:05:26',2015,1,'2015-08-29 09:43:59',NULL,410,4,476,NULL),(1832,'2015-08-08 11:08:36','2015-08-15 11:08:36',2015,1,'2015-08-15 11:08:58',NULL,410,4,693,NULL),(1833,'2015-08-22 10:00:22','2015-08-29 10:00:22',2015,1,'2015-08-29 09:43:03',NULL,373,4,235,NULL),(1834,'2015-08-22 10:01:12','2015-08-29 10:01:12',2015,1,'2015-08-29 09:41:30',NULL,379,4,664,NULL),(1835,'2015-08-22 10:02:38','2015-08-29 10:02:38',2015,1,'2016-05-01 09:58:42',NULL,378,4,389,NULL),(1836,'2015-08-22 10:03:14','2015-08-29 10:03:14',2015,1,'2015-08-29 10:03:58',NULL,475,4,540,NULL),(1837,'2015-08-22 10:03:55','2015-08-29 10:03:55',2015,1,'2015-10-24 09:56:34',NULL,491,4,336,NULL),(1838,'2015-08-22 10:05:00','2015-08-29 10:05:00',2015,1,'2015-09-05 10:00:17',NULL,371,4,175,NULL),(1839,'2015-08-22 10:05:55','2015-08-29 10:05:55',2015,1,'2015-10-10 09:41:33',NULL,462,4,325,NULL),(1840,'2015-08-22 10:09:42','2015-08-29 10:09:42',2015,1,'2015-09-19 09:46:38',NULL,374,4,165,NULL),(1841,'2015-08-22 10:18:36','2015-08-29 10:18:36',2015,1,'2015-09-05 09:37:52',22,NULL,4,130,NULL),(1842,'2015-08-22 10:19:17','2015-08-29 10:19:17',2015,1,'2015-09-05 09:38:22',22,NULL,4,473,NULL),(1843,'2015-08-22 10:20:19','2015-08-29 10:20:19',2015,1,'2015-09-05 09:39:19',22,NULL,4,114,NULL),(1844,'2015-08-22 10:20:40','2015-08-29 10:20:40',2015,1,'2015-09-05 09:38:57',22,NULL,4,122,NULL),(1845,'2015-08-22 10:25:22','2015-08-29 10:25:22',2015,1,'2015-10-31 10:26:13',NULL,442,4,597,NULL),(1846,'2015-08-22 10:26:59','2015-08-29 10:26:59',2015,1,'2015-08-29 09:42:04',NULL,467,4,646,NULL),(1847,'2015-08-22 10:27:27','2015-08-29 10:27:27',2015,1,'2015-08-29 11:02:43',NULL,466,4,275,NULL),(1848,'2015-08-22 10:27:50','2015-08-29 10:27:50',2015,1,'2015-09-05 10:54:38',NULL,471,4,200,NULL),(1849,'2015-08-22 10:28:57','2015-08-29 10:28:57',2015,1,'2015-09-05 10:53:36',NULL,472,4,92,NULL),(1850,'2015-08-22 10:29:44','2015-08-29 10:29:44',2015,1,'2015-08-30 09:16:46',NULL,470,4,455,NULL),(1851,'2015-08-22 11:04:35','2015-08-29 11:04:35',2015,1,'2015-09-05 11:12:57',NULL,400,4,484,NULL),(1852,'2015-08-22 11:05:24','2015-08-29 11:05:24',2015,1,'2015-09-05 11:11:16',NULL,403,4,506,NULL),(1853,'2015-08-22 11:08:58','2015-08-29 11:08:58',2015,1,'2015-08-29 09:43:45',NULL,414,4,329,NULL),(1854,'2015-08-22 11:09:20','2015-08-29 11:09:20',2015,1,'2015-09-05 11:14:35',NULL,492,4,435,NULL),(1855,'2015-08-29 10:03:35','2015-09-05 10:03:35',2015,1,'2015-09-19 09:46:38',NULL,380,4,65,NULL),(1856,'2015-08-29 10:04:45','2015-09-05 10:04:45',2015,1,'2015-09-19 09:46:38',NULL,379,4,287,NULL),(1857,'2015-08-29 10:10:53','2015-09-05 10:10:53',2015,1,'2015-10-03 09:41:32',NULL,373,4,411,NULL),(1858,'2015-08-29 10:07:15','2015-09-05 10:07:15',2015,1,'2022-03-25 23:44:00',NULL,510,4,684,'baixa_pandemia_25_03_2022'),(1859,'2015-08-29 10:07:53','2015-09-05 10:07:53',2015,1,'2015-09-05 10:35:06',NULL,486,4,322,NULL),(1860,'2015-08-29 10:08:20','2015-09-05 10:08:20',2015,1,'2015-09-05 10:01:36',NULL,475,4,234,NULL),(1861,'2015-08-29 10:08:49','2015-09-05 10:08:49',2015,1,'2015-09-05 10:06:35',NULL,368,4,660,NULL),(1862,'2015-08-29 10:10:11','2015-09-05 10:10:11',2015,1,'2015-10-24 09:56:34',NULL,491,4,329,NULL),(1863,'2015-08-29 10:11:26','2015-09-05 10:11:26',2015,1,'2015-09-19 09:46:38',NULL,381,4,664,NULL),(1864,'2015-08-29 10:13:06','2015-09-05 10:13:06',2015,1,'2022-03-25 23:44:00',NULL,461,4,610,'baixa_pandemia_25_03_2022'),(1866,'2015-08-29 11:00:32','2015-09-05 11:00:32',2015,1,'2015-09-19 09:46:38',NULL,405,4,588,NULL),(1867,'2015-08-29 11:01:59','2015-09-05 11:01:59',2015,1,'2015-09-19 09:56:08',NULL,496,4,70,NULL),(1868,'2015-08-29 11:05:41','2015-09-05 11:05:41',2015,1,'2015-09-05 11:13:58',NULL,506,4,481,NULL),(1869,'2015-08-29 11:07:38','2015-09-05 11:07:38',2015,1,'2015-09-05 09:39:32',NULL,447,4,519,NULL),(1870,'2015-08-30 08:50:57','2015-09-06 08:50:57',2015,1,'2015-09-05 09:47:52',NULL,466,4,387,NULL),(1871,'2015-09-05 09:59:42','2015-09-12 09:59:42',2015,1,'2015-09-19 09:46:38',NULL,375,4,400,NULL),(1872,'2015-09-05 10:00:34','2015-09-12 10:00:34',2015,1,'2015-09-19 09:46:38',NULL,371,4,135,NULL),(1873,'2015-09-05 10:01:10','2015-09-12 10:01:10',2015,1,'2015-10-10 09:41:33',NULL,378,4,267,NULL),(1874,'2015-09-05 10:01:47','2015-09-12 10:01:47',2015,1,'2015-10-10 09:50:46',NULL,475,4,680,NULL),(1875,'2015-09-05 10:02:55','2015-09-12 10:02:55',2015,1,'2022-03-25 23:44:00',NULL,511,4,285,'baixa_pandemia_25_03_2022'),(1876,'2015-09-05 10:06:56','2015-09-12 10:06:56',2015,1,'2015-10-03 09:39:08',NULL,368,4,681,NULL),(1877,'2015-09-05 11:02:19','2015-09-12 11:02:19',2015,1,'2015-10-17 09:29:16',NULL,454,4,133,NULL),(1878,'2015-09-05 11:04:25','2015-09-12 11:04:25',2015,1,'2015-09-26 10:08:59',NULL,390,4,466,NULL),(1879,'2015-09-05 11:05:10','2015-09-12 11:05:10',2015,1,'2015-10-10 09:41:33',NULL,506,4,488,NULL),(1880,'2015-09-05 11:05:59','2015-09-12 11:05:59',2015,1,'2022-03-25 23:44:00',NULL,493,4,357,'baixa_pandemia_25_03_2022'),(1881,'2015-09-05 11:08:15','2015-09-12 11:08:15',2015,1,'2016-06-18 11:11:54',NULL,393,4,242,NULL),(1882,'2015-09-05 11:08:46','2015-09-12 11:08:46',2015,1,'2015-09-19 09:46:38',NULL,492,4,345,NULL),(1883,'2015-09-05 11:09:11','2015-09-12 11:09:11',2015,1,'2015-09-19 09:46:38',NULL,414,4,540,NULL),(1884,'2015-09-05 11:09:30','2015-09-12 11:09:30',2015,1,'2015-09-19 09:46:38',NULL,410,4,527,NULL),(1885,'2015-09-05 11:11:38','2015-09-12 11:11:38',2015,1,'2015-10-03 10:41:47',NULL,403,4,379,NULL),(1886,'2015-09-05 11:12:23','2015-09-12 11:12:23',2015,1,'2015-09-26 09:55:30',NULL,400,4,387,NULL),(1887,'2015-09-05 11:14:21','2015-09-12 11:14:21',2015,1,'2015-09-19 09:46:38',NULL,447,4,386,NULL),(1888,'2015-09-19 10:16:30','2015-09-26 10:16:30',2015,1,'2015-09-26 09:59:13',NULL,375,4,117,NULL),(1889,'2015-09-19 10:18:44','2015-09-26 10:18:44',2015,1,'2015-09-26 09:40:26',NULL,380,4,660,NULL),(1890,'2015-09-19 10:23:27','2015-09-26 10:23:27',2015,1,'2015-10-03 09:39:38',NULL,368,4,120,NULL),(1891,'2015-09-19 10:24:52','2015-09-26 10:24:52',2015,1,'2015-09-26 09:40:26',NULL,381,4,90,NULL),(1892,'2015-09-19 10:27:42','2015-09-26 10:27:42',2015,1,'2022-03-25 23:44:00',NULL,461,4,200,'baixa_pandemia_25_03_2022'),(1893,'2015-09-19 10:34:37','2015-09-26 10:34:37',2015,1,'2015-10-17 09:29:16',NULL,454,4,221,NULL),(1894,'2015-09-19 10:34:51','2015-09-26 10:34:51',2015,1,'2022-03-25 23:44:00',NULL,397,4,503,'baixa_pandemia_25_03_2022'),(1895,'2015-09-19 10:35:18','2015-09-26 10:35:18',2015,1,'2015-10-31 09:41:56',NULL,384,4,69,NULL),(1896,'2015-09-19 10:36:02','2015-09-26 10:36:02',2015,1,'2015-09-26 09:55:30',NULL,392,4,658,NULL),(1897,'2015-09-19 10:36:32','2015-09-26 10:36:32',2015,1,'2015-10-24 09:56:34',NULL,503,4,422,NULL),(1898,'2015-09-19 10:36:53','2015-09-26 10:36:53',2015,1,'2015-09-26 09:40:26',NULL,390,4,678,NULL),(1899,'2015-09-19 10:38:23','2015-09-26 10:38:23',2015,1,'2015-09-26 09:46:51',22,NULL,4,142,NULL),(1900,'2015-09-19 10:38:40','2015-09-26 10:38:40',2015,1,'2016-04-02 09:41:47',NULL,440,4,494,NULL),(1901,'2015-09-19 10:40:16','2015-09-26 10:40:16',2015,1,'2015-09-26 09:59:13',NULL,442,4,125,NULL),(1902,'2015-09-19 10:40:35','2015-09-26 10:40:35',2015,1,'2016-03-19 09:38:11',NULL,496,4,688,NULL),(1903,'2015-09-19 10:40:47','2015-09-26 10:40:47',2015,1,'2015-09-26 09:59:13',NULL,448,4,668,NULL),(1904,'2015-09-19 10:41:09','2015-09-26 10:41:09',2015,1,'2015-10-17 09:59:43',NULL,471,4,370,NULL),(1905,'2015-09-19 10:41:33','2015-09-26 10:41:33',2015,1,'2015-10-10 10:35:01',NULL,489,4,700,NULL),(1906,'2015-09-19 10:41:50','2015-09-26 10:41:50',2015,1,'2015-10-17 09:59:43',NULL,470,4,189,NULL),(1907,'2015-09-19 10:42:06','2015-09-26 10:42:06',2015,1,'2015-10-17 09:59:43',NULL,472,4,501,NULL),(1908,'2015-09-19 10:42:17','2015-09-26 10:42:17',2015,1,'2015-09-26 09:40:26',NULL,469,4,300,NULL),(1909,'2015-09-19 10:48:30','2015-09-26 10:48:30',2015,1,'2015-10-17 09:24:02',16,NULL,4,235,NULL),(1910,'2015-09-19 10:50:38','2015-09-26 10:50:38',2015,1,'2015-10-17 09:24:02',16,NULL,4,614,NULL),(1911,'2015-09-19 11:05:41','2015-09-26 11:05:41',2015,1,'2016-03-05 09:48:25',NULL,371,4,237,NULL),(1912,'2015-09-19 11:06:56','2015-09-26 11:06:56',2015,1,'2015-10-03 09:38:33',NULL,379,4,482,NULL),(1913,'2015-09-19 11:07:23','2015-09-26 11:07:23',2015,1,'2015-10-03 09:38:07',1,NULL,4,519,NULL),(1914,'2015-09-19 21:56:00','2015-09-26 21:56:00',2015,1,'2016-03-05 10:59:37',NULL,410,4,122,NULL),(1915,'2015-09-26 10:21:01','2015-10-03 10:21:01',2015,1,'2015-10-03 09:40:41',NULL,381,4,660,NULL),(1916,'2015-09-26 10:21:25','2015-10-03 10:21:25',2015,1,'2015-10-31 10:32:21',NULL,375,4,138,NULL),(1917,'2015-09-26 10:21:26','2015-10-03 10:21:26',2015,1,'2015-10-17 10:33:58',NULL,375,4,138,NULL),(1918,'2015-09-26 10:21:41','2015-10-03 10:21:41',2015,1,'2015-10-03 09:41:32',NULL,380,4,108,NULL),(1919,'2015-09-26 10:22:47','2015-10-03 10:22:47',2015,1,'2015-10-03 09:40:41',NULL,510,4,481,NULL),(1920,'2015-09-26 10:25:38','2015-10-03 10:25:38',2015,1,'2015-10-03 09:40:41',NULL,376,4,314,NULL),(1921,'2015-09-26 10:26:15','2015-10-03 10:26:15',2015,1,'2015-10-03 09:38:33',NULL,442,4,117,NULL),(1922,'2015-09-26 10:26:34','2015-10-03 10:26:34',2015,1,'2015-10-17 09:59:43',NULL,472,4,540,NULL),(1923,'2015-09-26 10:26:49','2015-10-03 10:26:49',2015,1,'2015-10-03 09:39:38',NULL,469,4,401,NULL),(1924,'2015-09-26 10:27:12','2015-10-03 10:27:12',2015,1,'2015-10-17 09:59:43',NULL,471,4,513,NULL),(1925,'2015-09-26 10:27:37','2015-10-03 10:27:37',2015,1,'2015-11-07 09:39:36',NULL,496,4,289,NULL),(1926,'2015-09-26 10:27:55','2015-10-03 10:27:55',2015,1,'2015-11-21 09:47:52',NULL,489,4,114,NULL),(1927,'2015-09-26 10:30:29','2015-10-03 10:30:29',2015,1,'2015-10-03 09:39:08',NULL,465,4,66,NULL),(1928,'2015-09-26 10:30:41','2015-10-03 10:30:41',2015,1,'2015-10-10 09:41:33',NULL,448,4,287,NULL),(1929,'2015-09-26 10:31:31','2015-10-03 10:31:31',2015,1,'2015-10-17 09:59:43',NULL,470,4,573,NULL),(1930,'2015-09-26 10:32:28','2015-10-03 10:32:28',2015,1,'2015-10-03 09:41:32',NULL,445,4,400,NULL),(1931,'2015-09-26 10:51:31','2015-10-03 10:51:31',2015,1,'2015-10-03 09:53:25',NULL,414,4,371,NULL),(1932,'2015-09-26 10:55:48','2015-10-03 10:55:48',2015,1,'2015-10-03 09:53:25',NULL,410,4,703,NULL),(1933,'2015-09-26 10:56:08','2015-10-03 10:56:08',2015,1,'2015-10-03 09:53:25',NULL,402,4,191,NULL),(1934,'2015-09-26 10:56:29','2015-10-03 10:56:29',2015,1,'2015-10-24 11:04:12',NULL,405,4,496,NULL),(1935,'2015-09-26 11:05:22','2015-10-03 11:05:22',2015,1,'2015-11-21 09:49:56',NULL,403,4,324,NULL),(1936,'2015-09-26 10:57:25','2015-10-03 10:57:25',2015,1,'2015-10-03 09:39:08',NULL,420,4,449,NULL),(1937,'2015-09-26 10:57:42','2015-10-03 10:57:42',2015,1,'2015-10-24 11:03:54',NULL,492,4,236,NULL),(1938,'2015-10-03 10:03:59','2015-10-10 10:03:59',2015,1,'2015-10-10 09:41:33',NULL,448,4,90,NULL),(1939,'2015-10-03 10:05:26','2015-10-10 10:05:26',2015,1,'2015-10-31 09:41:56',NULL,465,4,164,NULL),(1940,'2015-10-03 10:05:43','2015-10-10 10:05:43',2015,1,'2015-10-31 10:26:13',NULL,442,4,330,NULL),(1941,'2015-10-03 10:06:31','2015-10-10 10:06:31',2015,1,'2015-10-10 09:41:33',NULL,469,4,349,NULL),(1942,'2015-10-03 10:06:48','2015-10-10 10:06:48',2015,1,'2015-10-17 09:33:27',NULL,466,4,168,NULL),(1943,'2015-10-03 10:07:27','2015-10-10 10:07:27',2015,1,'2015-10-10 09:41:33',NULL,447,4,343,NULL),(1944,'2015-10-03 10:08:02','2015-10-10 10:08:02',2015,1,'2015-10-17 09:29:16',NULL,445,4,599,NULL),(1945,'2015-10-03 10:09:22','2015-10-10 10:09:22',2015,1,'2015-10-10 09:41:33',NULL,512,4,272,NULL),(1946,'2015-10-03 10:21:50','2015-10-10 10:21:50',2015,1,'2015-11-21 10:57:14',NULL,373,4,120,NULL),(1947,'2015-10-03 10:22:09','2015-10-10 10:22:09',2015,1,'2015-10-10 09:41:33',NULL,371,4,134,NULL),(1948,'2015-10-03 10:22:43','2015-10-10 10:22:43',2015,1,'2015-10-17 09:23:27',NULL,379,4,681,NULL),(1949,'2015-10-03 10:23:11','2015-10-10 10:23:11',2015,1,'2015-10-17 09:29:16',NULL,376,4,351,NULL),(1950,'2015-10-03 10:24:18','2015-10-10 10:24:18',2015,1,'2015-10-31 09:41:56',NULL,513,4,312,NULL),(1951,'2015-10-03 10:24:34','2015-10-10 10:24:34',2015,1,'2015-10-17 09:44:49',NULL,368,4,135,NULL),(1952,'2015-10-03 10:24:49','2015-10-10 10:24:49',2015,1,'2015-10-17 09:29:16',NULL,380,4,59,NULL),(1953,'2015-10-03 10:25:34','2015-10-10 10:25:34',2015,1,'2015-10-10 09:41:33',NULL,381,4,516,NULL),(1954,'2015-10-03 10:25:58','2015-10-10 10:25:58',2015,1,'2015-10-17 09:29:16',NULL,510,4,241,NULL),(1955,'2015-10-03 10:31:48','2015-10-10 10:31:48',2015,1,'2015-10-10 09:41:33',22,NULL,4,386,NULL),(1956,'2015-10-03 10:32:36','2015-10-10 10:32:36',2015,0,NULL,22,NULL,4,666,NULL),(1957,'2015-10-03 10:37:06','2015-10-10 10:37:06',2015,1,'2015-10-10 10:54:13',NULL,400,4,589,NULL),(1958,'2015-10-03 10:38:05','2015-10-10 10:38:05',2015,1,'2022-03-25 23:44:00',NULL,514,4,463,'baixa_pandemia_25_03_2022'),(1959,'2015-10-03 10:38:25','2015-10-10 10:38:25',2015,1,'2015-10-17 09:23:27',NULL,414,4,335,NULL),(1960,'2015-10-03 10:58:47','2015-10-10 10:58:47',2015,1,'2015-11-28 10:24:20',NULL,402,4,644,NULL),(1961,'2015-10-03 10:40:04','2015-10-10 10:40:04',2015,1,'2022-03-25 23:44:00',NULL,515,4,500,'baixa_pandemia_25_03_2022'),(1962,'2015-10-03 10:40:37','2015-10-10 10:40:37',2015,1,'2015-10-10 10:56:52',NULL,410,4,696,NULL),(1963,'2015-10-03 10:42:11','2015-10-10 10:42:11',2015,1,'2022-03-25 23:44:00',NULL,417,4,379,'baixa_pandemia_25_03_2022'),(1964,'2015-10-03 11:09:36','2015-10-10 11:09:36',2015,1,'2015-11-28 10:24:01',NULL,388,4,615,NULL),(1965,'2015-10-03 11:03:17','2015-10-10 11:03:17',2015,1,'2017-03-25 11:07:33',NULL,391,4,382,NULL),(1966,'2015-10-03 11:03:39','2015-10-10 11:03:39',2015,1,'2015-10-31 09:41:56',NULL,387,4,651,NULL),(1967,'2015-10-03 11:04:24','2015-10-10 11:04:24',2015,1,'2016-03-19 09:28:11',NULL,392,4,341,NULL),(1968,'2015-10-03 11:04:40','2015-10-10 11:04:40',2015,1,'2015-10-10 09:41:33',NULL,390,4,703,NULL),(1969,'2015-10-10 10:35:20','2015-10-17 10:35:20',2015,1,'2015-10-17 09:33:46',NULL,448,4,700,NULL),(1970,'2015-10-10 10:35:44','2015-10-17 10:35:44',2015,1,'2015-10-17 09:33:27',NULL,466,4,519,NULL),(1971,'2015-10-10 10:37:06','2015-10-17 10:37:06',2015,1,'2015-10-24 09:36:52',NULL,469,4,339,NULL),(1972,'2015-10-10 10:37:35','2015-10-17 10:37:35',2015,1,'2022-03-25 23:44:00',NULL,500,4,497,'baixa_pandemia_25_03_2022'),(1973,'2015-10-10 10:38:11','2015-10-17 10:38:11',2015,1,'2015-10-24 09:37:42',NULL,465,4,659,NULL),(1974,'2015-10-10 10:38:34','2015-10-17 10:38:34',2015,1,'2015-10-31 09:41:56',NULL,447,4,407,NULL),(1975,'2015-10-10 10:48:14','2015-10-17 10:48:14',2015,1,'2016-03-12 09:40:44',22,NULL,4,518,NULL),(1976,'2015-10-10 10:49:37','2015-10-17 10:49:37',2015,1,'2016-03-12 09:40:44',22,NULL,4,450,NULL),(1977,'2015-10-10 10:55:04','2015-10-17 10:55:04',2015,1,'2015-10-17 11:00:21',NULL,400,4,534,NULL),(1978,'2015-10-10 10:56:13','2015-10-17 10:56:13',2015,1,'2015-10-17 11:00:00',NULL,403,4,656,NULL),(1979,'2015-10-10 10:57:06','2015-10-17 10:57:06',2015,1,'2015-10-24 09:36:27',NULL,410,4,58,NULL),(1980,'2015-10-10 10:58:03','2015-10-17 10:58:03',2015,1,'2015-11-21 09:44:31',NULL,504,4,184,NULL),(1981,'2015-10-10 10:59:26','2015-10-17 10:59:26',2015,1,'2022-03-25 23:44:00',NULL,516,4,248,'baixa_pandemia_25_03_2022'),(1982,'2015-10-10 11:01:56','2015-10-17 11:01:56',2015,1,'2017-05-20 11:05:49',NULL,426,4,406,NULL),(1983,'2015-10-10 11:02:35','2015-10-17 11:02:35',2015,1,'2022-03-25 23:44:00',NULL,517,4,300,'baixa_pandemia_25_03_2022'),(1984,'2015-10-17 09:56:39','2015-10-24 09:56:39',2015,1,'2015-10-31 09:41:56',NULL,466,4,704,NULL),(1985,'2015-10-17 09:56:54','2015-10-24 09:56:54',2015,1,'2015-10-24 09:38:08',NULL,448,4,481,NULL),(1986,'2015-10-17 09:57:24','2015-10-24 09:57:24',2015,1,'2015-10-31 09:41:56',NULL,473,4,668,NULL),(1987,'2015-10-17 09:57:46','2015-10-24 09:57:46',2015,1,'2015-11-21 09:50:50',NULL,445,4,681,NULL),(1988,'2015-10-17 10:00:08','2015-10-24 10:00:08',2015,1,'2015-11-07 09:44:51',NULL,471,4,517,NULL),(1989,'2015-10-17 10:00:29','2015-10-24 10:00:29',2015,1,'2015-11-07 09:46:47',NULL,472,4,381,NULL),(1990,'2015-10-17 10:34:13','2015-10-24 10:34:13',2015,1,'2015-10-24 09:56:34',NULL,375,4,235,NULL),(1991,'2015-10-17 10:34:32','2015-10-24 10:34:32',2015,1,'2015-11-21 09:50:24',NULL,371,4,90,NULL),(1992,'2015-10-17 10:34:46','2015-10-24 10:34:46',2015,1,'2015-11-07 09:41:08',NULL,380,4,351,NULL),(1993,'2015-10-17 10:34:58','2015-10-24 10:34:58',2015,1,'2015-11-21 09:50:50',NULL,376,4,269,NULL),(1994,'2015-10-17 10:35:20','2015-10-24 10:35:20',2015,1,'2015-10-24 09:56:44',NULL,381,4,68,NULL),(1995,'2015-10-17 10:35:35','2015-10-24 10:35:35',2015,1,'2015-10-31 09:53:54',NULL,379,4,307,NULL),(1996,'2015-10-17 10:36:23','2015-10-24 10:36:23',2015,1,'2016-04-16 10:26:36',NULL,518,4,694,NULL),(1997,'2015-10-17 11:00:56','2015-10-24 11:00:56',2015,1,'2015-10-24 11:03:33',NULL,400,4,384,NULL),(1998,'2015-10-17 11:01:14','2015-10-24 11:01:14',2015,1,'2015-10-24 09:37:06',NULL,414,4,124,NULL),(1999,'2015-10-17 11:01:47','2015-10-24 11:01:47',2015,1,'2015-10-24 09:36:11',NULL,403,4,581,NULL),(2000,'2015-10-17 11:02:33','2015-10-24 11:02:33',2015,1,'2015-10-24 09:37:23',NULL,427,4,401,NULL),(2001,'2015-10-24 09:57:04','2015-10-31 09:57:04',2015,1,'2015-10-31 09:41:56',NULL,375,4,449,NULL),(2002,'2015-10-24 09:57:19','2015-10-31 09:57:19',2015,1,'2015-10-31 09:41:56',NULL,381,4,135,NULL),(2003,'2015-10-24 09:58:18','2015-10-31 09:58:18',2015,0,NULL,NULL,376,4,159,NULL),(2004,'2015-10-24 09:58:19','2015-10-31 09:58:19',2015,1,'2016-04-30 10:04:55',NULL,376,4,159,NULL),(2005,'2015-10-24 09:58:38','2015-10-31 09:58:38',2015,1,'2015-10-31 09:43:08',NULL,491,4,680,NULL),(2006,'2015-10-24 10:00:20','2015-10-31 10:00:20',2015,1,'2015-10-31 10:04:45',NULL,519,4,105,NULL),(2007,'2015-10-24 10:00:43','2015-10-31 10:00:43',2015,1,'2015-10-31 09:41:56',NULL,368,4,488,NULL),(2008,'2015-10-24 10:09:29','2015-10-31 10:09:29',2015,1,'2015-11-21 09:42:21',NULL,445,4,59,NULL),(2009,'2015-10-24 10:09:43','2015-10-31 10:09:43',2015,1,'2015-11-21 09:42:21',NULL,469,4,540,NULL),(2010,'2015-10-24 10:12:07','2015-10-31 10:12:07',2015,1,'2015-11-07 09:44:45',NULL,471,4,336,NULL),(2011,'2015-10-24 10:12:57','2015-10-31 10:12:57',2015,1,'2015-10-31 09:41:56',NULL,447,4,329,NULL),(2012,'2015-10-24 10:13:43','2015-10-31 10:13:43',2015,1,'2015-11-21 09:48:32',NULL,489,4,693,NULL),(2013,'2015-10-24 10:14:02','2015-10-31 10:14:02',2015,1,'2015-10-31 09:41:56',NULL,448,4,587,NULL),(2014,'2015-10-24 10:14:29','2015-10-31 10:14:29',2015,1,'2015-11-07 09:47:20',NULL,465,4,481,NULL),(2015,'2015-10-24 10:14:45','2015-10-31 10:14:45',2015,1,'2015-11-07 09:47:00',NULL,470,4,337,NULL),(2016,'2015-10-24 11:00:07','2015-10-31 11:00:07',2015,1,'2015-11-21 09:49:56',NULL,370,4,314,NULL),(2017,'2015-10-24 11:00:44','2015-10-31 11:00:44',2015,1,'2015-10-31 09:41:56',NULL,390,4,435,NULL),(2018,'2015-10-24 11:02:05','2015-10-31 11:02:05',2015,1,'2015-10-31 09:41:56',NULL,464,4,501,NULL),(2019,'2015-10-24 11:03:05','2015-10-31 11:03:05',2015,1,'2015-10-31 10:51:59',NULL,400,4,712,NULL),(2020,'2015-10-31 09:56:10','2015-11-07 09:56:10',2015,1,'2015-11-21 09:49:56',NULL,375,4,153,NULL),(2021,'2015-10-31 09:56:38','2015-11-07 09:56:38',2015,1,'2015-11-07 09:40:03',NULL,519,4,223,NULL),(2022,'2015-10-31 09:57:05','2015-11-07 09:57:05',2015,0,NULL,NULL,463,4,675,NULL),(2023,'2015-10-31 10:02:14','2015-11-07 10:02:14',2015,1,'2015-11-07 09:40:52',NULL,518,4,363,NULL),(2024,'2015-10-31 10:02:30','2015-11-07 10:02:30',2015,1,'2015-11-07 09:38:37',NULL,381,4,476,NULL),(2025,'2015-10-31 10:02:47','2015-11-07 10:02:47',2015,1,'2016-03-12 10:55:06',NULL,513,4,534,NULL),(2026,'2015-10-31 10:03:03','2015-11-07 10:03:03',2015,1,'2015-11-21 09:49:14',NULL,379,4,704,NULL),(2027,'2015-10-31 10:03:19','2015-11-07 10:03:19',2015,1,'2016-03-12 10:54:43',NULL,491,4,435,NULL),(2028,'2015-10-31 10:03:39','2015-11-07 10:03:39',2015,1,'2015-11-07 09:40:25',NULL,368,4,496,NULL),(2029,'2015-10-31 10:22:40','2015-11-07 10:22:40',2015,1,'2015-11-07 09:41:52',NULL,469,4,307,NULL),(2030,'2015-10-31 10:23:07','2015-11-07 10:23:07',2015,0,NULL,NULL,466,4,705,NULL),(2031,'2015-10-31 10:24:13','2015-11-07 10:24:13',2015,1,'2016-03-12 09:40:44',NULL,447,4,506,NULL),(2032,'2015-10-31 10:24:56','2015-11-07 10:24:56',2015,1,'2016-05-07 09:44:51',NULL,520,4,617,NULL),(2033,'2015-10-31 10:25:30','2015-11-07 10:25:30',2015,1,'2015-11-07 09:37:38',NULL,448,4,668,NULL),(2034,'2015-10-31 10:25:56','2015-11-07 10:25:56',2015,1,'2015-11-21 09:45:03',NULL,465,4,680,NULL),(2035,'2015-10-31 10:26:40','2015-11-07 10:26:40',2015,1,'2016-03-19 09:54:44',NULL,442,4,349,NULL),(2036,'2015-10-31 10:31:55','2015-11-07 10:31:55',2015,1,'2015-11-21 09:50:24',NULL,473,4,700,NULL),(2037,'2015-10-31 10:45:51','2015-11-07 10:45:51',2015,1,'2016-03-12 10:38:49',NULL,464,4,501,NULL),(2038,'2015-10-31 10:46:26','2015-11-07 10:46:26',2015,1,'2015-11-07 09:41:30',NULL,390,4,196,NULL),(2039,'2015-10-31 10:47:12','2015-11-07 10:47:12',2015,1,'2016-03-12 09:39:35',8,NULL,4,287,NULL),(2040,'2015-10-31 10:50:58','2015-11-07 10:50:58',2015,0,NULL,NULL,418,4,65,NULL),(2041,'2015-10-31 10:51:29','2015-11-07 10:51:29',2015,1,'2015-11-21 09:47:25',NULL,400,4,659,NULL),(2042,'2015-10-31 11:06:22','2015-11-07 11:06:22',2015,1,'2015-11-21 09:47:25',NULL,404,4,710,NULL),(2043,'2015-10-31 10:53:17','2015-11-07 10:53:17',2015,1,'2015-11-21 09:44:31',NULL,414,4,157,NULL),(2044,'2016-03-04 23:10:43','2016-03-11 23:10:43',2016,0,NULL,NULL,546,4,491,NULL),(2045,'2016-03-05 10:58:30','2016-03-12 10:58:30',2016,1,'2016-03-19 10:58:20',NULL,565,4,681,NULL),(2046,'2016-03-05 10:59:45','2016-03-12 10:59:45',2016,1,'2016-03-12 11:09:23',NULL,569,4,420,NULL),(2047,'2016-03-05 11:00:25','2016-03-12 11:00:25',2016,1,'2016-03-12 11:09:42',NULL,575,4,235,NULL),(2048,'2016-03-05 11:00:41','2016-03-12 11:00:41',2016,1,'2016-03-12 11:03:52',NULL,564,4,730,NULL),(2049,'2016-03-05 11:04:04','2016-03-12 11:04:04',2016,1,'2016-03-19 10:27:56',NULL,546,4,722,NULL),(2050,'2016-03-12 10:17:52','2016-03-19 10:17:52',2016,1,'2016-04-09 09:38:44',NULL,524,4,733,NULL),(2051,'2016-03-12 10:18:19','2016-03-19 10:18:19',2016,1,'2016-04-09 09:38:44',NULL,525,4,728,NULL),(2052,'2016-03-12 10:18:45','2016-03-19 10:18:45',2016,1,'2016-03-26 09:44:01',NULL,522,4,724,NULL),(2053,'2016-03-12 10:21:50','2016-03-19 10:21:50',2016,1,'2016-03-26 09:43:24',NULL,526,4,668,NULL),(2054,'2016-03-12 10:22:56','2016-03-19 10:22:56',2016,1,'2016-03-19 10:18:07',NULL,592,4,351,NULL),(2055,'2016-03-12 10:25:07','2016-03-19 10:25:07',2016,1,'2016-03-26 09:42:42',NULL,593,4,680,NULL),(2056,'2016-03-12 10:27:14','2016-03-19 10:27:14',2016,1,'2016-03-26 09:42:42',NULL,594,4,549,NULL),(2057,'2016-03-12 10:35:08','2016-03-19 10:35:08',2016,1,'2016-03-19 09:42:19',NULL,547,4,725,NULL),(2058,'2016-03-12 10:38:11','2016-03-19 10:38:11',2016,1,'2016-03-19 09:42:19',NULL,553,4,744,NULL),(2059,'2016-03-12 10:39:31','2016-03-19 10:39:31',2016,1,'2016-05-14 09:41:00',NULL,554,4,501,NULL),(2060,'2016-03-12 10:39:55','2016-03-19 10:39:55',2016,1,'2016-04-02 09:01:16',NULL,557,4,308,NULL),(2061,'2016-03-12 10:41:13','2016-03-19 10:41:13',2016,1,'2016-03-19 10:27:56',NULL,546,4,743,NULL),(2062,'2016-03-12 10:45:07','2016-03-19 10:45:07',2016,1,'2016-04-02 09:02:46',NULL,555,4,239,NULL),(2063,'2016-03-12 10:47:37','2016-03-19 10:47:37',2016,1,'2016-03-19 09:51:26',NULL,532,4,706,NULL),(2064,'2016-03-12 10:48:42','2016-03-19 10:48:42',2016,1,'2016-03-19 09:51:26',NULL,535,4,157,NULL),(2065,'2016-03-12 10:51:38','2016-03-19 10:51:38',2016,1,'2016-03-19 09:51:26',NULL,595,4,400,NULL),(2066,'2016-03-12 10:51:58','2016-03-19 10:51:58',2016,1,'2016-04-02 09:01:34',NULL,543,4,540,NULL),(2067,'2016-03-12 10:52:32','2016-03-19 10:52:32',2016,1,'2016-03-26 09:41:51',NULL,531,4,289,NULL),(2068,'2016-03-12 10:53:49','2016-03-19 10:53:49',2016,1,'2016-04-02 09:45:00',NULL,534,4,660,NULL),(2069,'2016-03-12 10:54:19','2016-03-19 10:54:19',2016,1,'2016-04-09 09:41:34',NULL,539,4,717,NULL),(2070,'2016-03-12 10:59:46','2016-03-19 10:59:46',2016,1,'2016-04-09 09:38:44',NULL,523,4,652,NULL),(2071,'2016-03-12 11:04:34','2016-03-19 11:04:34',2016,1,'2016-03-19 10:58:42',NULL,564,4,109,NULL),(2072,'2016-03-12 11:05:04','2016-03-19 11:05:04',2016,1,'2016-03-26 11:03:05',NULL,575,4,92,NULL),(2073,'2016-03-12 11:05:29','2016-03-19 11:05:29',2016,1,'2016-04-02 09:43:28',NULL,570,4,435,NULL),(2074,'2016-03-12 11:10:43','2016-03-19 11:10:43',2016,1,'2016-04-02 09:44:26',NULL,569,4,746,NULL),(2075,'2016-03-12 11:08:45','2016-03-19 11:08:45',2016,1,'2016-03-26 11:09:16',NULL,577,4,741,NULL),(2076,'2016-03-19 10:19:02','2016-03-26 10:19:02',2016,1,'2016-04-02 09:43:46',NULL,592,4,750,NULL),(2077,'2016-03-19 10:19:38','2016-03-26 10:19:38',2016,1,'2016-04-09 09:38:44',NULL,525,4,751,NULL),(2078,'2016-03-19 10:20:41','2016-03-26 10:20:41',2016,1,'2016-05-01 11:14:21',NULL,523,4,662,NULL),(2079,'2016-03-19 10:21:08','2016-03-26 10:21:08',2016,1,'2016-04-09 09:38:44',NULL,524,4,723,NULL),(2080,'2016-03-19 10:21:34','2016-03-26 10:21:34',2016,1,'2016-04-02 09:16:31',NULL,527,4,727,NULL),(2081,'2016-03-19 10:22:51','2016-03-26 10:22:51',2016,1,'2016-03-26 09:41:51',NULL,526,4,120,NULL),(2082,'2016-03-19 10:26:26','2016-03-26 10:26:26',2016,1,'2016-09-03 10:58:08',33,NULL,4,752,NULL),(2083,'2016-03-19 10:28:37','2016-03-26 10:28:37',2016,1,'2016-04-02 09:46:12',NULL,553,4,314,NULL),(2084,'2016-03-19 10:29:20','2016-03-26 10:29:20',2016,1,'2016-03-26 09:43:24',NULL,546,4,730,NULL),(2085,'2016-03-19 10:29:55','2016-03-26 10:29:55',2016,1,'2016-03-26 10:17:15',NULL,551,4,729,NULL),(2086,'2016-03-19 10:30:31','2016-03-26 10:30:31',2016,1,'2016-04-02 09:42:52',NULL,549,4,538,NULL),(2087,'2016-03-19 10:30:59','2016-03-26 10:30:59',2016,1,'2016-04-02 09:00:54',NULL,555,4,745,NULL),(2088,'2016-03-19 10:32:29','2016-03-26 10:32:29',2016,1,'2016-05-14 09:48:24',NULL,554,4,716,NULL),(2089,'2016-03-19 10:32:51','2016-03-26 10:32:51',2016,1,'2016-03-19 10:50:28',NULL,557,4,400,NULL),(2090,'2016-03-19 10:40:46','2016-03-26 10:40:46',2016,1,'2016-04-02 10:01:49',NULL,579,4,748,NULL),(2091,'2016-03-19 10:42:05','2016-03-26 10:42:05',2016,1,'2016-04-02 10:28:36',NULL,578,4,659,NULL),(2092,'2016-03-19 10:45:13','2016-03-26 10:45:13',2016,1,'2016-05-07 10:57:50',NULL,585,4,105,NULL),(2093,'2016-03-19 10:44:19','2016-03-26 10:44:19',2016,1,'2016-04-09 10:26:26',NULL,587,4,739,NULL),(2094,'2016-03-19 10:44:33','2016-03-26 10:44:33',2016,1,'2016-05-21 11:08:09',NULL,591,4,581,NULL),(2095,'2016-03-19 10:59:00','2016-03-26 10:59:00',2016,1,'2016-03-26 09:41:51',NULL,564,4,743,NULL),(2096,'2016-03-19 10:59:38','2016-03-26 10:59:38',2016,1,'2016-04-02 09:43:09',NULL,567,4,721,NULL),(2097,'2016-03-19 11:00:25','2016-03-26 11:00:25',2016,1,'2016-08-06 11:08:07',NULL,576,4,744,NULL),(2098,'2016-03-19 11:01:14','2016-03-26 11:01:14',2016,1,'2016-04-02 09:44:03',NULL,569,4,696,NULL),(2099,'2016-03-19 11:01:35','2016-03-26 11:01:35',2016,1,'2022-03-25 23:44:00',NULL,562,4,88,'baixa_pandemia_25_03_2022'),(2100,'2016-03-19 11:01:53','2016-03-26 11:01:53',2016,1,'2016-03-26 11:03:39',NULL,565,4,482,NULL),(2101,'2016-03-19 11:04:07','2016-03-26 11:04:07',2016,1,'2016-04-02 11:02:22',NULL,600,4,686,NULL),(2102,'2016-03-26 10:06:53','2016-04-02 10:06:53',2016,1,'2016-04-09 09:46:02',NULL,547,4,724,NULL),(2103,'2016-03-26 10:07:58','2016-04-02 10:07:58',2016,1,'2016-04-02 09:41:13',NULL,551,4,150,NULL),(2104,'2016-03-26 10:09:49','2016-04-02 10:09:49',2016,1,'2016-04-09 09:46:02',NULL,522,4,681,NULL),(2105,'2016-03-26 10:12:34','2016-04-02 10:12:34',2016,1,'2016-04-09 09:46:02',NULL,526,4,138,NULL),(2106,'2016-03-26 10:10:26','2016-04-02 10:10:26',2016,1,'2016-04-09 09:46:02',NULL,546,4,492,NULL),(2107,'2016-03-26 10:10:54','2016-04-02 10:10:54',2016,1,'2016-04-09 09:46:02',NULL,594,4,419,NULL),(2108,'2016-03-26 10:11:56','2016-04-02 10:11:56',2016,1,'2016-04-16 10:42:08',NULL,598,4,386,NULL),(2109,'2016-03-26 10:16:53','2016-04-02 10:16:53',2016,1,'2016-04-02 09:45:20',NULL,531,4,269,NULL),(2110,'2016-03-26 10:19:14','2016-04-02 10:19:14',2016,1,'2016-04-02 09:00:54',NULL,532,4,743,NULL),(2111,'2016-03-26 10:19:38','2016-04-02 10:19:38',2016,1,'2016-04-02 09:02:15',NULL,528,4,710,NULL),(2112,'2016-03-26 10:19:48','2016-04-02 10:19:48',2016,1,'2016-04-02 09:41:13',NULL,535,4,381,NULL),(2113,'2016-03-26 10:22:37','2016-04-02 10:22:37',2016,1,'2016-04-16 09:39:37',17,NULL,4,189,NULL),(2114,'2016-03-26 11:03:21','2016-04-02 11:03:21',2016,1,'2016-04-09 10:40:16',NULL,575,4,650,NULL),(2115,'2016-03-26 11:03:55','2016-04-02 11:03:55',2016,1,'2016-04-02 23:11:27',NULL,565,4,695,NULL),(2116,'2016-03-26 11:04:14','2016-04-02 11:04:14',2016,1,'2016-04-09 09:47:50',NULL,564,4,731,NULL),(2117,'2016-03-26 11:09:31','2016-04-02 11:09:31',2016,1,'2016-04-02 09:35:51',NULL,577,4,729,NULL),(2118,'2016-04-02 10:05:33','2016-04-09 10:05:33',2016,1,'2016-04-09 09:38:44',NULL,597,4,336,NULL),(2119,'2016-04-02 10:06:00','2016-04-09 10:06:00',2016,1,'2016-04-09 09:47:23',NULL,522,4,190,NULL),(2120,'2016-04-02 10:06:18','2016-04-09 10:06:18',2016,1,'2016-04-09 09:46:02',NULL,527,4,753,NULL),(2121,'2016-04-02 10:06:44','2016-04-09 10:06:44',2016,1,'2016-04-09 09:46:02',NULL,526,4,299,NULL),(2122,'2016-04-02 10:07:13','2016-04-09 10:07:13',2016,1,'2016-04-09 09:46:02',NULL,600,4,394,NULL),(2123,'2016-04-02 10:16:42','2016-04-09 10:16:42',2016,1,'2016-04-09 09:46:02',NULL,528,4,136,NULL),(2124,'2016-04-02 10:19:24','2016-04-09 10:19:24',2016,1,'2016-04-09 09:47:50',NULL,543,4,732,NULL),(2125,'2016-04-02 10:19:43','2016-04-09 10:19:43',2016,1,'2016-04-09 09:46:02',NULL,595,4,680,NULL),(2126,'2016-04-02 10:21:14','2016-04-09 10:21:14',2016,1,'2022-03-25 23:44:00',NULL,601,4,59,'baixa_pandemia_25_03_2022'),(2127,'2016-04-02 10:21:31','2016-04-09 10:21:31',2016,1,'2016-04-16 09:37:44',NULL,531,4,381,NULL),(2128,'2016-04-02 10:21:59','2016-04-09 10:21:59',2016,1,'2016-04-09 09:38:44',NULL,540,4,234,NULL),(2129,'2016-04-02 10:22:23','2016-04-09 10:22:23',2016,1,'2016-05-14 11:09:05',NULL,529,4,287,NULL),(2130,'2016-04-02 10:23:19','2016-04-09 10:23:19',2016,1,'2016-04-09 09:46:02',NULL,602,4,117,NULL),(2131,'2016-04-02 10:23:47','2016-04-09 10:23:47',2016,1,'2016-04-16 09:39:37',NULL,534,4,314,NULL),(2132,'2016-04-02 10:29:07','2016-04-09 10:29:07',2016,1,'2016-04-09 09:46:02',NULL,530,4,659,NULL),(2133,'2016-04-02 11:00:47','2016-04-09 11:00:47',2016,1,'2022-03-25 23:44:00',1,NULL,4,748,'baixa_pandemia_25_03_2022'),(2134,'2016-04-02 11:03:06','2016-04-09 11:03:06',2016,1,'2022-03-25 23:44:00',NULL,545,4,173,'baixa_pandemia_25_03_2022'),(2135,'2016-04-02 11:03:32','2016-04-09 11:03:32',2016,1,'2016-04-30 10:19:10',NULL,549,4,466,NULL),(2136,'2016-04-02 11:04:33','2016-04-09 11:04:33',2016,1,'2016-04-09 09:48:01',NULL,603,4,517,NULL),(2137,'2016-04-02 11:04:51','2016-04-09 11:04:51',2016,1,'2016-04-16 10:22:02',NULL,546,4,727,NULL),(2138,'2016-04-02 11:05:13','2016-04-09 11:05:13',2016,1,'2016-04-09 10:26:49',NULL,579,4,435,NULL),(2139,'2016-04-02 11:06:23','2016-04-09 11:06:23',2016,1,'2016-04-16 11:01:24',NULL,577,4,505,NULL),(2140,'2016-04-02 23:11:43','2016-04-09 23:11:43',2016,1,'2016-04-09 10:39:10',NULL,569,4,695,NULL),(2141,'2016-04-02 23:11:58','2016-04-09 23:11:58',2016,1,'2016-04-16 09:39:37',NULL,535,4,308,NULL),(2142,'2016-04-09 10:12:08','2016-04-16 10:12:08',2016,1,'2016-04-30 09:38:03',NULL,525,4,117,NULL),(2143,'2016-04-09 10:12:46','2016-04-16 10:12:46',2016,1,'2016-05-01 09:49:18',NULL,600,4,538,NULL),(2144,'2016-04-09 10:13:28','2016-04-16 10:13:28',2016,1,'2016-04-30 09:41:54',NULL,522,4,652,NULL),(2145,'2016-04-09 10:13:51','2016-04-16 10:13:51',2016,1,'2016-05-07 09:44:51',NULL,592,4,480,NULL),(2146,'2016-04-09 10:14:12','2016-04-16 10:14:12',2016,1,'2016-05-07 09:44:51',NULL,595,4,540,NULL),(2147,'2016-04-09 10:15:19','2016-04-16 10:15:19',2016,1,'2017-03-04 09:21:23',NULL,604,4,363,NULL),(2148,'2016-04-09 10:15:34','2016-04-16 10:15:34',2016,1,'2016-04-16 09:39:37',NULL,531,4,452,NULL),(2149,'2016-04-09 10:16:16','2016-04-16 10:16:16',2016,1,'2016-04-16 09:39:37',NULL,602,4,534,NULL),(2150,'2016-04-09 10:16:41','2016-04-16 10:16:41',2016,1,'2016-04-16 09:37:44',NULL,539,4,724,NULL),(2151,'2016-04-09 10:17:01','2016-04-16 10:17:01',2016,1,'2022-03-25 23:44:00',NULL,594,4,239,'baixa_pandemia_25_03_2022'),(2152,'2016-04-09 10:17:16','2016-04-16 10:17:16',2016,1,'2016-04-16 10:41:10',NULL,527,4,274,NULL),(2153,'2016-04-09 10:17:37','2016-04-16 10:17:37',2016,1,'2022-03-25 23:44:00',NULL,593,4,518,'baixa_pandemia_25_03_2022'),(2154,'2016-04-09 10:18:10','2016-04-16 10:18:10',2016,1,'2016-04-16 10:41:30',NULL,597,4,704,NULL),(2155,'2016-04-09 10:18:31','2016-04-16 10:18:31',2016,0,NULL,NULL,540,4,751,NULL),(2156,'2016-04-09 10:20:00','2016-04-16 10:20:00',2016,1,'2016-04-23 09:36:02',NULL,526,4,733,NULL),(2157,'2016-04-09 10:20:32','2016-04-16 10:20:32',2016,1,'2016-04-16 09:39:37',NULL,528,4,706,NULL),(2158,'2016-04-09 10:21:01','2016-04-16 10:21:01',2016,1,'2016-04-16 09:37:44',NULL,547,4,723,NULL),(2159,'2016-04-09 10:21:12','2016-04-16 10:21:12',2016,1,'2016-04-16 09:37:44',NULL,603,4,134,NULL),(2160,'2016-04-09 10:21:52','2016-04-16 10:21:52',2016,0,NULL,NULL,557,4,702,NULL),(2161,'2016-04-09 10:23:38','2016-04-16 10:23:38',2016,1,'2016-04-16 10:22:02',NULL,546,4,615,NULL),(2162,'2016-04-09 10:23:51','2016-04-16 10:23:51',2016,1,'2016-04-30 10:19:10',NULL,549,4,335,NULL),(2163,'2016-04-09 10:24:48','2016-04-16 10:24:48',2016,1,'2016-04-16 09:39:37',NULL,605,4,92,NULL),(2164,'2016-04-09 10:25:10','2016-04-16 10:25:10',2016,1,'2016-05-14 09:41:00',NULL,555,4,368,NULL),(2165,'2016-04-09 10:25:30','2016-04-16 10:25:30',2016,1,'2016-06-11 09:43:44',NULL,551,4,730,NULL),(2166,'2016-04-09 10:25:53','2016-04-16 10:25:53',2016,1,'2016-10-29 09:43:34',NULL,557,4,710,NULL),(2167,'2016-04-09 10:27:49','2016-04-16 10:27:49',2016,1,'2016-04-16 11:00:17',NULL,584,4,696,NULL),(2168,'2016-04-09 10:28:41','2016-04-16 10:28:41',2016,1,'2016-05-28 09:46:41',NULL,579,4,106,NULL),(2169,'2016-04-09 10:30:31','2016-04-16 10:30:31',2016,1,'2016-04-16 09:39:37',NULL,532,4,136,NULL),(2170,'2016-04-09 10:30:50','2016-04-16 10:30:50',2016,1,'2016-04-30 09:41:54',NULL,530,4,681,NULL),(2171,'2016-04-09 10:31:18','2016-04-16 10:31:18',2016,1,'2016-04-30 09:40:21',NULL,524,4,336,NULL),(2172,'2016-04-09 10:31:36','2016-04-16 10:31:36',2016,1,'2016-04-30 09:38:03',NULL,523,4,680,NULL),(2173,'2016-04-09 10:31:54','2016-04-16 10:31:54',2016,1,'2016-04-16 10:41:49',NULL,598,4,66,NULL),(2174,'2016-04-09 10:38:47','2016-04-16 10:38:47',2016,1,'2016-04-23 09:36:36',NULL,565,4,422,NULL),(2175,'2016-04-09 10:44:53','2016-04-16 10:44:53',2016,1,'2016-04-16 11:04:53',NULL,569,4,68,NULL),(2176,'2016-04-09 10:39:50','2016-04-16 10:39:50',2016,1,'2016-04-30 11:02:16',NULL,570,4,234,NULL),(2177,'2016-04-09 10:40:32','2016-04-16 10:40:32',2016,1,'2016-04-16 10:55:43',NULL,575,4,731,NULL),(2178,'2016-04-09 10:42:55','2016-04-16 10:42:55',2016,0,NULL,NULL,567,4,676,NULL),(2179,'2016-04-16 10:07:03','2016-04-23 10:07:03',2016,1,'2016-06-25 09:47:47',34,NULL,4,734,NULL),(2180,'2016-04-16 10:08:08','2016-04-23 10:08:08',2016,1,'2017-03-18 09:43:03',35,NULL,4,721,NULL),(2181,'2016-04-16 10:19:53','2016-04-23 10:19:53',2016,1,'2016-04-30 10:20:29',NULL,553,4,157,NULL),(2182,'2016-04-16 10:22:39','2016-04-23 10:22:39',2016,1,'2016-05-14 09:39:57',NULL,546,4,724,NULL),(2183,'2016-04-16 10:23:13','2016-04-23 10:23:13',2016,0,NULL,NULL,605,4,492,NULL),(2184,'2016-04-16 10:23:37','2016-04-23 10:23:37',2016,1,'2016-05-14 09:42:37',NULL,545,4,660,NULL),(2185,'2016-04-16 10:24:00','2016-04-23 10:24:00',2016,1,'2016-04-23 09:36:36',NULL,547,4,198,NULL),(2186,'2016-04-16 10:26:05','2016-04-23 10:26:05',2016,1,'2016-04-30 10:20:51',NULL,603,4,92,NULL),(2187,'2016-04-16 10:26:52','2016-04-23 10:26:52',2016,1,'2016-04-23 09:36:02',NULL,599,4,727,NULL),(2188,'2016-04-16 10:33:39','2016-04-23 10:33:39',2016,1,'2016-06-11 09:39:13',NULL,539,4,749,NULL),(2189,'2016-04-16 10:34:03','2016-04-23 10:34:03',2016,1,'2016-04-30 09:41:54',NULL,531,4,308,NULL),(2190,'2016-04-16 10:34:27','2016-04-23 10:34:27',2016,1,'2016-06-04 09:37:25',NULL,532,4,728,NULL),(2191,'2016-04-16 10:35:15','2016-04-23 10:35:15',2016,1,'2016-05-07 09:41:33',NULL,528,4,568,NULL),(2192,'2016-04-16 10:35:54','2016-04-23 10:35:54',2016,1,'2016-04-30 10:39:05',NULL,602,4,175,NULL),(2193,'2016-04-16 10:36:26','2016-04-23 10:36:26',2016,1,'2016-05-21 10:28:42',NULL,540,4,717,NULL),(2194,'2016-04-16 10:38:12','2016-04-23 10:38:12',2016,1,'2022-03-25 23:44:00',NULL,529,4,153,'baixa_pandemia_25_03_2022'),(2195,'2016-04-16 10:38:45','2016-04-23 10:38:45',2016,1,'2016-04-23 11:07:50',NULL,534,4,706,NULL),(2196,'2016-04-16 10:56:13','2016-04-23 10:56:13',2016,1,'2016-04-23 11:07:34',NULL,564,4,760,NULL),(2197,'2016-04-16 10:57:05','2016-04-23 10:57:05',2016,1,'2016-05-07 11:09:47',NULL,569,4,650,NULL),(2198,'2016-04-16 10:57:23','2016-04-23 10:57:23',2016,1,'2016-04-30 11:02:16',NULL,570,4,312,NULL),(2199,'2016-04-16 10:57:53','2016-04-23 10:57:53',2016,1,'2016-04-23 09:36:02',NULL,567,4,399,NULL),(2200,'2016-04-16 10:58:08','2016-04-23 10:58:08',2016,1,'2016-04-30 11:03:36',NULL,575,4,704,NULL),(2201,'2016-04-16 10:58:34','2016-04-23 10:58:34',2016,1,'2016-04-23 11:06:39',NULL,561,4,634,NULL),(2202,'2016-04-16 11:00:37','2016-04-23 11:00:37',2016,1,'2016-05-28 09:46:41',NULL,579,4,696,NULL),(2203,'2016-04-16 11:02:41','2016-04-23 11:02:41',2016,1,'2016-05-21 09:49:28',NULL,582,4,739,NULL),(2204,'2016-04-16 11:03:10','2016-04-23 11:03:10',2016,1,'2016-04-23 09:36:02',NULL,584,4,343,NULL),(2205,'2016-04-16 11:03:28','2016-04-23 11:03:28',2016,1,'2016-04-30 11:09:01',NULL,577,4,742,NULL),(2206,'2016-04-23 10:03:50','2016-04-30 10:03:50',2016,1,'2016-05-01 09:57:10',NULL,525,4,455,NULL),(2207,'2016-04-23 10:04:14','2016-04-30 10:04:14',2016,1,'2016-04-30 09:38:03',NULL,524,4,120,NULL),(2208,'2016-04-23 10:06:29','2016-04-30 10:06:29',2016,1,'2016-04-30 09:41:54',NULL,526,4,754,NULL),(2209,'2016-04-23 10:06:49','2016-04-30 10:06:49',2016,1,'2016-06-18 09:41:58',NULL,598,4,723,NULL),(2210,'2016-04-23 10:14:06','2016-04-30 10:14:06',2016,1,'2016-05-07 09:41:33',NULL,605,4,496,NULL),(2211,'2016-04-23 10:14:31','2016-04-30 10:14:31',2016,1,'2016-04-30 10:19:46',NULL,547,4,492,NULL),(2212,'2016-04-23 10:14:58','2016-04-30 10:14:58',2016,1,'2016-04-30 09:41:54',NULL,546,4,600,NULL),(2213,'2016-04-23 10:15:19','2016-04-30 10:15:19',2016,0,NULL,NULL,551,4,506,NULL),(2214,'2016-04-23 10:15:55','2016-04-30 10:15:55',2016,1,'2016-05-14 09:41:00',NULL,599,4,715,NULL),(2215,'2016-04-23 10:17:01','2016-04-30 10:17:01',2016,1,'2022-03-25 23:44:00',NULL,557,4,381,'baixa_pandemia_25_03_2022'),(2216,'2016-04-23 11:04:24','2016-04-30 11:04:24',2016,1,'2022-03-25 23:44:00',NULL,584,4,196,'baixa_pandemia_25_03_2022'),(2217,'2016-04-23 11:07:09','2016-04-30 11:07:09',2016,1,'2016-05-07 11:09:47',NULL,560,4,601,NULL),(2218,'2016-04-23 11:08:33','2016-04-30 11:08:33',2016,1,'2016-04-30 10:40:16',NULL,535,4,422,NULL),(2219,'2016-04-23 11:09:05','2016-04-30 11:09:05',2016,1,'2016-05-07 11:09:47',NULL,564,4,133,NULL),(2220,'2016-04-30 10:16:06','2016-05-07 10:16:06',2016,1,'2016-05-07 09:41:33',NULL,547,4,681,NULL),(2221,'2016-04-30 10:16:24','2016-05-07 10:16:24',2016,1,'2016-05-07 09:40:50',NULL,605,4,706,NULL),(2222,'2016-04-30 10:16:39','2016-05-07 10:16:39',2016,1,'2016-05-14 09:42:37',NULL,553,4,307,NULL),(2223,'2016-04-30 10:18:01','2016-05-07 10:18:01',2016,1,'2016-05-14 09:39:57',NULL,555,4,90,NULL),(2224,'2016-04-30 10:18:36','2016-05-07 10:18:36',2016,1,'2016-05-14 09:39:57',NULL,546,4,484,NULL),(2225,'2016-04-30 10:19:26','2016-05-07 10:19:26',2016,1,'2016-06-11 09:43:44',NULL,549,4,219,NULL),(2226,'2016-04-30 10:20:06','2016-05-07 10:20:06',2016,1,'2016-05-21 09:39:00',NULL,603,4,274,NULL),(2227,'2016-04-30 10:56:18','2016-05-07 10:56:18',2016,1,'2016-05-07 09:45:26',NULL,526,4,652,NULL),(2228,'2016-04-30 10:56:47','2016-05-07 10:56:47',2016,1,'2016-05-14 09:42:37',NULL,525,4,729,NULL),(2229,'2016-04-30 10:57:07','2016-05-07 10:57:07',2016,1,'2016-05-07 09:40:50',NULL,522,4,634,NULL),(2230,'2016-04-30 10:57:35','2016-05-07 10:57:35',2016,1,'2016-05-21 09:39:00',NULL,600,4,336,NULL),(2231,'2016-04-30 10:57:57','2016-05-07 10:57:57',2016,1,'2016-06-18 09:41:58',NULL,598,4,330,NULL),(2232,'2016-04-30 10:58:20','2016-05-07 10:58:20',2016,1,'2016-05-14 09:42:37',NULL,524,4,759,NULL),(2233,'2016-04-30 10:58:38','2016-05-07 10:58:38',2016,1,'2016-05-14 09:42:37',NULL,523,4,120,NULL),(2234,'2016-04-30 10:59:00','2016-05-07 10:59:00',2016,1,'2016-05-21 10:04:41',NULL,521,4,79,NULL),(2235,'2016-04-30 11:02:34','2016-05-07 11:02:34',2016,1,'2016-06-04 09:36:43',NULL,570,4,198,NULL),(2236,'2016-04-30 11:02:53','2016-05-07 11:02:53',2016,1,'2016-05-07 11:07:21',NULL,575,4,64,NULL),(2237,'2016-04-30 11:03:20','2016-05-07 11:03:20',2016,1,'2016-05-14 11:04:06',NULL,565,4,633,NULL),(2238,'2016-04-30 11:07:16','2016-05-07 11:07:16',2016,1,'2016-05-07 09:40:50',NULL,532,4,308,NULL),(2239,'2016-04-30 11:13:25','2016-05-07 11:13:25',2016,1,'2016-05-21 10:13:39',7,NULL,4,765,NULL),(2240,'2016-04-30 09:47:00','2016-05-07 09:47:00',2016,1,'2016-05-07 09:49:13',NULL,528,4,767,NULL),(2241,'2016-05-07 10:09:07','2016-05-14 10:09:07',2016,1,'2016-05-14 11:09:24',NULL,528,4,69,NULL),(2242,'2016-05-07 10:09:38','2016-05-14 10:09:38',2016,1,'2022-03-25 23:44:00',NULL,543,4,92,'baixa_pandemia_25_03_2022'),(2243,'2016-05-07 10:10:00','2016-05-14 10:10:00',2016,1,'2016-05-28 09:46:41',NULL,537,4,235,NULL),(2244,'2016-05-07 10:10:24','2016-05-14 10:10:24',2016,1,'2016-06-04 10:17:50',NULL,531,4,149,NULL),(2245,'2016-05-07 10:11:26','2016-05-14 10:11:26',2016,1,'2016-05-28 09:46:41',NULL,532,4,386,NULL),(2246,'2016-05-07 10:16:16','2016-05-14 10:16:16',2016,1,'2016-05-28 09:46:41',NULL,526,4,767,NULL),(2247,'2016-05-07 10:16:36','2016-05-14 10:16:36',2016,1,'2016-05-14 09:43:50',NULL,525,4,136,NULL),(2248,'2016-05-07 10:16:56','2016-05-14 10:16:56',2016,1,'2016-05-21 09:39:00',NULL,522,4,754,NULL),(2249,'2016-05-07 10:17:18','2016-05-14 10:17:18',2016,1,'2016-05-14 09:43:50',NULL,524,4,337,NULL),(2250,'2016-05-07 10:47:39','2016-05-14 10:47:39',2016,1,'2016-05-21 09:39:00',NULL,605,4,681,NULL),(2251,'2016-05-07 10:49:01','2016-05-14 10:49:01',2016,1,'2016-05-14 09:39:57',NULL,547,4,694,NULL),(2252,'2016-05-07 10:49:22','2016-05-14 10:49:22',2016,1,'2017-04-15 09:40:21',36,NULL,4,431,NULL),(2253,'2016-05-07 11:07:37','2016-05-14 11:07:37',2016,1,'2016-05-21 11:06:46',NULL,575,4,124,NULL),(2254,'2016-05-07 11:08:26','2016-05-14 11:08:26',2016,1,'2016-08-13 10:40:54',37,NULL,4,440,NULL),(2255,'2016-05-07 11:09:13','2016-05-14 11:09:13',2016,1,'2016-05-14 11:03:20',NULL,564,4,58,NULL),(2256,'2016-05-07 11:10:31','2016-05-14 11:10:31',2016,1,'2016-05-14 11:00:55',NULL,569,4,658,NULL),(2257,'2016-05-14 10:26:59','2016-05-21 10:26:59',2016,1,'2016-05-21 09:39:00',NULL,555,4,492,NULL),(2258,'2016-05-14 10:27:50','2016-05-21 10:27:50',2016,0,NULL,NULL,549,4,735,NULL),(2259,'2016-05-14 10:28:35','2016-05-21 10:28:35',2016,0,NULL,NULL,551,4,742,NULL),(2260,'2016-05-14 10:28:58','2016-05-21 10:28:58',2016,1,'2016-05-21 09:39:00',NULL,554,4,398,NULL),(2261,'2016-05-14 10:29:15','2016-05-21 10:29:15',2016,1,'2016-05-21 09:39:00',NULL,546,4,595,NULL),(2262,'2016-05-14 10:30:12','2016-05-21 10:30:12',2016,1,'2016-05-28 09:47:29',NULL,547,4,223,NULL),(2263,'2016-05-14 10:32:47','2016-05-21 10:32:47',2016,1,'2016-05-21 09:39:00',NULL,599,4,729,NULL),(2264,'2016-05-14 10:33:35','2016-05-21 10:33:35',2016,1,'2016-05-21 09:50:35',NULL,600,4,733,NULL),(2265,'2016-05-14 10:33:54','2016-05-21 10:33:54',2016,1,'2016-05-21 09:48:12',NULL,524,4,750,NULL),(2266,'2016-05-14 10:34:12','2016-05-21 10:34:12',2016,1,'2016-06-11 09:39:13',NULL,523,4,117,NULL),(2267,'2016-05-14 10:34:30','2016-05-21 10:34:30',2016,1,'2016-05-21 09:45:59',NULL,525,4,407,NULL),(2268,'2016-05-14 10:36:29','2016-05-21 10:36:29',2016,1,'2016-05-21 09:39:00',NULL,527,4,692,NULL),(2269,'2016-05-14 11:01:20','2016-05-21 11:01:20',2016,1,'2016-05-28 09:46:41',NULL,560,4,699,NULL),(2270,'2016-05-14 11:02:22','2016-05-21 11:02:22',2016,1,'2016-05-21 11:05:38',NULL,564,4,90,NULL),(2271,'2016-05-14 11:02:38','2016-05-21 11:02:38',2016,1,'2016-05-21 11:06:46',NULL,565,4,401,NULL),(2272,'2016-05-14 11:03:41','2016-05-21 11:03:41',2016,1,'2016-05-21 11:05:38',NULL,569,4,467,NULL),(2273,'2016-05-21 10:01:41','2016-05-28 10:01:41',2016,1,'2016-06-18 09:58:03',NULL,554,4,755,NULL),(2274,'2016-05-21 10:02:00','2016-05-28 10:02:00',2016,1,'2016-06-18 09:58:03',NULL,545,4,633,NULL),(2275,'2016-05-21 10:02:15','2016-05-28 10:02:15',2016,1,'2016-05-28 09:46:41',NULL,605,4,110,NULL),(2276,'2016-05-21 10:02:31','2016-05-28 10:02:31',2016,1,'2016-06-11 10:54:52',NULL,546,4,768,NULL),(2277,'2016-05-21 10:02:59','2016-05-28 10:02:59',2016,1,'2016-06-04 09:36:43',NULL,555,4,494,NULL),(2278,'2016-05-21 10:03:11','2016-05-28 10:03:11',2016,1,'2016-05-28 09:46:41',NULL,599,4,480,NULL),(2279,'2016-05-21 10:05:29','2016-05-28 10:05:29',2016,1,'2016-05-28 09:46:41',NULL,521,4,259,NULL),(2280,'2016-05-21 10:05:42','2016-05-28 10:05:42',2016,1,'2016-06-11 09:43:44',NULL,525,4,753,NULL),(2281,'2016-05-21 10:06:20','2016-05-28 10:06:20',2016,1,'2016-06-18 09:40:00',NULL,600,4,668,NULL),(2282,'2016-05-21 10:06:46','2016-05-28 10:06:46',2016,1,'2016-06-04 09:37:25',NULL,522,4,325,NULL),(2283,'2016-05-21 10:07:22','2016-05-28 10:07:22',2016,1,'2016-06-11 09:43:44',NULL,523,4,337,NULL),(2284,'2016-05-21 10:08:36','2016-05-28 10:08:36',2016,1,'2016-06-11 09:37:07',NULL,606,4,573,NULL),(2285,'2016-05-21 10:08:46','2016-05-28 10:08:46',2016,1,'2016-06-11 09:43:44',NULL,524,4,517,NULL),(2286,'2016-05-21 10:09:09','2016-05-28 10:09:09',2016,1,'2016-09-03 09:38:46',NULL,597,4,172,NULL),(2287,'2016-05-21 10:09:26','2016-05-28 10:09:26',2016,1,'2016-05-28 09:47:12',NULL,592,4,617,NULL),(2288,'2016-05-21 10:09:46','2016-05-28 10:09:46',2016,1,'2016-08-06 11:03:44',NULL,527,4,618,NULL),(2289,'2016-05-21 10:22:23','2016-05-28 10:22:23',2016,1,'2016-05-21 11:12:48',NULL,595,4,650,NULL),(2290,'2016-05-21 10:23:04','2016-05-28 10:23:04',2016,1,'2016-05-28 09:46:41',NULL,528,4,312,NULL),(2291,'2016-05-21 10:23:29','2016-05-28 10:23:29',2016,1,'2016-06-04 09:36:43',NULL,534,4,120,NULL),(2292,'2016-05-21 10:25:42','2016-05-28 10:25:42',2016,1,'2016-05-28 10:22:31',NULL,533,4,660,NULL),(2293,'2016-05-21 10:26:14','2016-05-28 10:26:14',2016,1,'2022-03-25 23:44:00',NULL,529,4,733,'baixa_pandemia_25_03_2022'),(2294,'2016-05-21 10:26:29','2016-05-28 10:26:29',2016,1,'2016-09-03 09:38:46',NULL,540,4,644,NULL),(2295,'2016-05-21 10:26:48','2016-05-28 10:26:48',2016,1,'2016-06-04 10:17:50',NULL,531,4,496,NULL),(2296,'2016-05-21 10:27:05','2016-05-28 10:27:05',2016,1,'2016-05-28 10:32:37',NULL,602,4,314,NULL),(2297,'2016-05-21 11:06:23','2016-05-28 11:06:23',2016,1,'2016-06-04 10:02:12',NULL,575,4,505,NULL),(2298,'2016-05-21 11:07:24','2016-05-28 11:07:24',2016,1,'2016-06-04 10:02:25',NULL,564,4,714,NULL),(2299,'2016-05-21 11:08:30','2016-05-28 11:08:30',2016,1,'2016-06-04 10:02:12',NULL,565,4,64,NULL),(2300,'2016-05-21 11:08:45','2016-05-28 11:08:45',2016,1,'2016-06-04 10:01:27',NULL,569,4,72,NULL),(2301,'2016-05-21 11:12:21','2016-05-28 11:12:21',2016,1,'2016-06-04 11:09:19',8,NULL,4,750,NULL),(2302,'2016-05-28 10:23:14','2016-06-04 10:23:14',2016,1,'2016-06-18 09:40:44',NULL,537,4,718,NULL),(2303,'2016-05-28 10:23:29','2016-06-04 10:23:29',2016,1,'2016-06-11 11:04:03',NULL,533,4,727,NULL),(2304,'2016-05-28 10:23:59','2016-06-04 10:23:59',2016,1,'2016-06-04 10:16:00',NULL,602,4,308,NULL),(2305,'2016-05-28 10:28:07','2016-06-04 10:28:07',2016,1,'2016-06-11 11:02:33',NULL,528,4,693,NULL),(2306,'2016-05-28 10:25:19','2016-06-04 10:25:19',2016,1,'2016-06-04 10:19:22',NULL,607,4,511,NULL),(2307,'2016-05-28 10:25:36','2016-06-04 10:25:36',2016,1,'2016-06-04 09:37:25',NULL,543,4,413,NULL),(2308,'2016-05-28 10:27:43','2016-06-04 10:27:43',2016,1,'2016-08-06 09:53:44',NULL,532,4,756,NULL),(2309,'2016-05-28 10:36:35','2016-06-04 10:36:35',2016,1,'2016-06-11 09:39:13',NULL,524,4,652,NULL),(2310,'2016-05-28 10:36:54','2016-06-04 10:36:54',2016,1,'2016-06-18 09:39:15',NULL,526,4,223,NULL),(2311,'2016-05-28 10:37:32','2016-06-04 10:37:32',2016,1,'2016-06-18 09:40:44',NULL,521,4,681,NULL),(2312,'2016-05-28 10:38:02','2016-06-04 10:38:02',2016,1,'2016-06-11 09:39:13',NULL,525,4,754,NULL),(2313,'2016-05-28 10:38:22','2016-06-04 10:38:22',2016,1,'2016-06-04 10:22:53',NULL,527,4,715,NULL),(2314,'2016-05-28 10:46:09','2016-06-04 10:46:09',2016,1,'2016-06-04 09:36:43',NULL,603,4,157,NULL),(2315,'2016-05-28 10:46:23','2016-06-04 10:46:23',2016,1,'2016-06-11 09:43:44',NULL,599,4,724,NULL),(2316,'2016-05-28 10:47:47','2016-06-04 10:47:47',2016,1,'2016-06-04 09:36:43',NULL,547,4,722,NULL),(2317,'2016-05-28 10:48:11','2016-06-04 10:48:11',2016,1,'2016-05-28 11:04:27',NULL,554,4,484,NULL),(2318,'2016-05-28 10:48:34','2016-06-04 10:48:34',2016,1,'2016-06-11 10:54:52',NULL,546,4,237,NULL),(2319,'2016-05-28 10:48:52','2016-06-04 10:48:52',2016,1,'2016-06-04 09:36:43',NULL,553,4,386,NULL),(2320,'2016-05-28 11:03:27','2016-06-04 11:03:27',2016,1,'2016-06-11 09:43:44',NULL,567,4,322,NULL),(2321,'2016-05-28 11:04:09','2016-06-04 11:04:09',2016,1,'2016-06-25 09:46:04',NULL,577,4,506,NULL),(2322,'2016-06-04 10:15:40','2016-06-11 10:15:40',2016,1,'2016-06-11 09:43:44',NULL,537,4,751,NULL),(2323,'2016-06-04 10:16:18','2016-06-11 10:16:18',2016,1,'2016-06-11 09:43:44',NULL,534,4,308,NULL),(2324,'2016-06-04 10:16:40','2016-06-11 10:16:40',2016,1,'2016-06-11 10:24:23',NULL,528,4,79,NULL),(2325,'2016-06-04 10:17:04','2016-06-11 10:17:04',2016,1,'2017-11-11 09:44:54',NULL,543,4,108,NULL),(2326,'2016-06-04 10:17:21','2016-06-11 10:17:21',2016,1,'2016-08-20 09:33:36',NULL,535,4,660,NULL),(2327,'2016-06-04 10:20:45','2016-06-11 10:20:45',2016,1,'2016-06-18 09:38:30',NULL,531,4,314,NULL),(2328,'2016-06-04 10:18:29','2016-06-11 10:18:29',2016,1,'2017-08-12 10:30:08',NULL,607,4,519,NULL),(2329,'2016-06-04 10:19:00','2016-06-11 10:19:00',2016,1,'2016-06-11 09:43:44',NULL,530,4,767,NULL),(2330,'2016-06-04 10:24:40','2016-06-11 10:24:40',2016,1,'2016-06-18 09:39:15',NULL,526,4,726,NULL),(2331,'2016-06-04 10:25:25','2016-06-11 10:25:25',2016,1,'2016-06-18 10:33:25',NULL,521,4,336,NULL),(2332,'2016-06-04 10:26:10','2016-06-11 10:26:10',2016,1,'2022-03-25 23:44:00',NULL,527,4,161,'baixa_pandemia_25_03_2022'),(2333,'2016-06-04 10:26:35','2016-06-11 10:26:35',2016,1,'2016-06-11 09:43:44',NULL,522,4,763,NULL),(2334,'2016-06-04 11:03:31','2016-06-11 11:03:31',2016,1,'2017-03-11 10:58:32',NULL,575,4,160,NULL),(2335,'2016-06-04 11:04:03','2016-06-11 11:04:03',2016,1,'2016-06-11 09:43:44',NULL,569,4,707,NULL),(2336,'2016-06-04 11:04:26','2016-06-11 11:04:26',2016,1,'2016-06-18 10:56:26',NULL,565,4,568,NULL),(2337,'2016-06-04 11:04:53','2016-06-11 11:04:53',2016,1,'2016-08-13 10:08:34',NULL,605,4,411,NULL),(2338,'2016-06-04 11:05:24','2016-06-11 11:05:24',2016,1,'2016-06-11 09:39:13',NULL,603,4,400,NULL),(2339,'2016-06-04 11:05:44','2016-06-11 11:05:44',2016,1,'2016-06-11 09:43:44',NULL,564,4,240,NULL),(2340,'2016-06-04 11:08:42','2016-06-11 11:08:42',2016,1,'2016-06-11 10:46:28',NULL,541,4,481,NULL),(2341,'2016-06-04 11:09:30','2016-06-11 11:09:30',2016,1,'2016-06-18 09:37:32',8,NULL,4,704,NULL),(2342,'2016-06-11 09:40:22','2016-06-18 09:40:22',2016,1,'2022-03-25 23:44:00',NULL,608,4,90,'baixa_pandemia_25_03_2022'),(2343,'2016-06-11 09:41:08','2016-06-18 09:41:08',2016,1,'2022-03-25 23:44:00',NULL,606,4,342,'baixa_pandemia_25_03_2022'),(2344,'2016-06-11 10:21:18','2016-06-18 10:21:18',2016,1,'2016-06-25 09:46:04',NULL,595,4,501,NULL),(2345,'2016-06-11 10:21:37','2016-06-18 10:21:37',2016,1,'2016-06-18 09:40:44',NULL,533,4,708,NULL),(2346,'2016-06-11 10:21:51','2016-06-18 10:21:51',2016,1,'2016-06-18 09:37:32',NULL,537,4,435,NULL),(2347,'2016-06-11 10:22:46','2016-06-18 10:22:46',2016,1,'2016-06-18 09:37:32',NULL,531,4,180,NULL),(2348,'2016-06-11 10:23:01','2016-06-18 10:23:01',2016,1,'2016-06-18 09:40:00',NULL,530,4,413,NULL),(2349,'2016-06-11 10:23:28','2016-06-18 10:23:28',2016,1,'2016-06-25 09:46:04',NULL,602,4,308,NULL),(2350,'2016-06-11 10:24:35','2016-06-18 10:24:35',2016,1,'2016-06-18 09:40:00',NULL,528,4,751,NULL),(2351,'2016-06-11 10:25:38','2016-06-18 10:25:38',2016,1,'2016-08-13 09:42:06',NULL,532,4,717,NULL),(2352,'2016-06-11 10:26:28','2016-06-18 10:26:28',2016,1,'2016-06-25 09:46:04',NULL,524,4,750,NULL),(2353,'2016-06-11 10:27:31','2016-06-18 10:27:31',2016,1,'2016-06-25 09:47:47',NULL,525,4,69,NULL),(2354,'2016-06-11 10:27:52','2016-06-18 10:27:52',2016,1,'2016-06-25 09:48:40',NULL,523,4,589,NULL),(2355,'2016-06-11 10:28:38','2016-06-18 10:28:38',2016,1,'2016-06-18 09:38:30',NULL,600,4,80,NULL),(2356,'2016-06-11 10:30:00','2016-06-18 10:30:00',2016,1,'2016-06-25 09:46:04',NULL,522,4,722,NULL),(2357,'2016-06-11 10:46:58','2016-06-18 10:46:58',2016,1,'2016-06-18 09:38:30',NULL,541,4,637,NULL),(2358,'2016-06-11 10:49:27','2016-06-18 10:49:27',2016,1,'2016-10-01 09:44:19',NULL,554,4,190,NULL),(2359,'2016-06-11 10:49:51','2016-06-18 10:49:51',2016,1,'2016-06-18 09:42:36',NULL,603,4,175,NULL),(2360,'2016-06-11 10:50:51','2016-06-18 10:50:51',2016,1,'2016-06-18 09:39:15',NULL,609,4,729,NULL),(2361,'2016-06-11 10:51:11','2016-06-18 10:51:11',2016,1,'2016-06-18 09:37:32',NULL,549,4,720,NULL),(2362,'2016-06-11 10:53:09','2016-06-18 10:53:09',2016,1,'2017-10-28 09:40:13',NULL,555,4,767,NULL),(2363,'2016-06-11 10:53:22','2016-06-18 10:53:22',2016,1,'2016-06-25 09:46:04',NULL,599,4,259,NULL),(2364,'2016-06-11 11:04:25','2016-06-18 11:04:25',2016,1,'2016-06-25 11:03:38',NULL,570,4,325,NULL),(2365,'2016-06-11 11:07:33','2016-06-18 11:07:33',2016,1,'2016-08-20 09:33:36',NULL,567,4,324,NULL),(2366,'2016-06-11 11:07:44','2016-06-18 11:07:44',2016,1,'2016-06-25 09:46:04',NULL,564,4,757,NULL),(2367,'2016-06-18 09:41:02','2016-06-25 09:41:02',2016,1,'2016-06-25 09:47:47',8,NULL,4,668,NULL),(2368,'2016-06-18 09:46:03','2016-06-25 09:46:03',2016,1,'2016-06-18 09:46:35',NULL,546,4,655,NULL),(2369,'2016-06-18 10:21:37','2016-06-25 10:21:37',2016,1,'2016-08-20 09:33:36',NULL,535,4,157,NULL),(2370,'2016-06-18 10:22:20','2016-06-25 10:22:20',2016,1,'2016-08-13 09:41:45',NULL,537,4,481,NULL),(2371,'2016-06-18 10:22:43','2016-06-25 10:22:43',2016,1,'2022-03-25 23:44:00',NULL,533,4,120,'baixa_pandemia_25_03_2022'),(2372,'2016-06-18 10:23:40','2016-06-25 10:23:40',2016,1,'2016-06-25 09:46:04',NULL,528,4,117,NULL),(2373,'2016-06-18 10:24:16','2016-06-25 10:24:16',2016,1,'2016-09-03 10:58:08',33,NULL,4,737,NULL),(2374,'2016-06-18 10:24:53','2016-06-25 10:24:53',2016,1,'2016-08-13 09:42:25',NULL,541,4,754,NULL),(2375,'2016-06-18 10:27:49','2016-06-25 10:27:49',2016,1,'2016-08-06 09:53:44',NULL,530,4,728,NULL),(2376,'2016-06-18 10:36:04','2016-06-25 10:36:04',2016,1,'2016-06-25 09:47:47',NULL,525,4,164,NULL),(2377,'2016-06-18 10:33:56','2016-06-25 10:33:56',2016,1,'2016-08-13 10:12:19',NULL,521,4,517,NULL),(2378,'2016-06-18 10:34:42','2016-06-25 10:34:42',2016,1,'2016-08-13 10:11:54',NULL,610,4,377,NULL),(2379,'2016-06-18 10:35:23','2016-06-25 10:35:23',2016,1,'2016-06-25 09:47:47',NULL,524,4,89,NULL),(2380,'2016-06-18 10:35:38','2016-06-25 10:35:38',2016,1,'2016-06-25 09:46:04',NULL,526,4,749,NULL),(2381,'2016-06-18 10:36:34','2016-06-25 10:36:34',2016,1,'2016-08-20 09:33:36',NULL,600,4,652,NULL),(2382,'2016-06-18 10:37:40','2016-06-25 10:37:40',2016,1,'2016-08-13 10:12:43',NULL,611,4,511,NULL),(2383,'2016-06-18 10:53:33','2016-06-25 10:53:33',2016,1,'2016-06-25 11:03:19',NULL,560,4,526,NULL),(2384,'2016-06-18 10:54:27','2016-06-25 10:54:27',2016,1,'2016-06-25 09:46:04',NULL,565,4,768,NULL),(2385,'2016-06-18 10:54:45','2016-06-25 10:54:45',2016,1,'2016-06-25 09:55:31',NULL,564,4,184,NULL),(2386,'2016-06-18 10:55:19','2016-06-25 10:55:19',2016,1,'2016-06-25 09:46:04',NULL,567,4,534,NULL),(2387,'2016-06-18 11:07:04','2016-06-25 11:07:04',2016,1,'2016-06-25 09:46:04',NULL,547,4,681,NULL),(2388,'2016-06-18 11:07:27','2016-06-25 11:07:27',2016,1,'2016-08-06 09:42:26',NULL,555,4,760,NULL),(2389,'2016-06-18 11:10:36','2016-06-25 11:10:36',2016,1,'2016-08-06 09:54:35',NULL,546,4,152,NULL),(2390,'2016-06-18 11:12:07','2016-06-25 11:12:07',2016,1,'2016-06-25 11:06:24',NULL,552,4,568,NULL),(2391,'2016-06-25 11:00:10','2016-07-02 11:00:10',2016,1,'2016-08-13 10:58:52',NULL,564,4,764,NULL),(2392,'2016-08-06 10:40:45','2016-08-13 10:40:45',2016,1,'2016-08-13 09:43:11',NULL,525,4,413,NULL),(2393,'2016-08-06 10:41:07','2016-08-13 10:41:07',2016,1,'2016-08-13 09:43:29',NULL,524,4,252,NULL),(2394,'2016-08-06 10:41:29','2016-08-13 10:41:29',2016,1,'2016-08-27 09:36:05',NULL,592,4,750,NULL),(2395,'2016-08-06 10:42:07','2016-08-13 10:42:07',2016,1,'2016-08-13 09:42:50',NULL,523,4,786,NULL),(2396,'2016-08-06 10:43:18','2016-08-13 10:43:18',2016,1,'2016-08-20 09:33:36',NULL,612,4,777,NULL),(2397,'2016-08-06 10:43:44','2016-08-13 10:43:44',2016,1,'2016-08-13 10:12:07',NULL,521,4,787,NULL),(2398,'2016-08-06 11:04:18','2016-08-13 11:04:18',2016,1,'2022-03-25 23:44:00',NULL,527,4,512,'baixa_pandemia_25_03_2022'),(2399,'2016-08-06 11:09:06','2016-08-13 11:09:06',2016,1,'2016-08-13 10:59:52',NULL,570,4,371,NULL),(2400,'2016-08-06 11:10:41','2016-08-13 11:10:41',2016,1,'2017-04-01 09:47:42',NULL,546,4,68,NULL),(2401,'2016-08-13 10:13:06','2016-08-20 10:13:06',2016,1,'2016-09-10 09:42:02',NULL,610,4,763,NULL),(2402,'2016-08-13 10:13:30','2016-08-20 10:13:30',2016,1,'2016-08-20 09:33:36',NULL,524,4,308,NULL),(2403,'2016-08-13 10:13:44','2016-08-20 10:13:44',2016,1,'2016-08-20 09:33:36',NULL,526,4,325,NULL),(2404,'2016-08-13 10:14:05','2016-08-20 10:14:05',2016,1,'2016-09-17 09:57:46',NULL,598,4,727,NULL),(2405,'2016-08-13 10:14:22','2016-08-20 10:14:22',2016,1,'2016-08-20 09:33:36',NULL,522,4,726,NULL),(2406,'2016-08-13 10:14:42','2016-08-20 10:14:42',2016,1,'2016-08-20 09:33:36',NULL,525,4,729,NULL),(2407,'2016-08-13 10:15:02','2016-08-20 10:15:02',2016,1,'2016-09-10 10:15:18',NULL,521,4,723,NULL),(2408,'2016-08-13 10:57:22','2016-08-20 10:57:22',2016,1,'2016-09-24 09:47:07',NULL,612,4,768,NULL),(2409,'2016-08-13 10:29:25','2016-08-20 10:29:25',2016,1,'2016-08-20 09:33:36',NULL,605,4,596,NULL),(2410,'2016-08-13 10:30:12','2016-08-20 10:30:12',2016,1,'2016-08-20 09:38:49',NULL,603,4,706,NULL),(2411,'2016-08-13 10:30:37','2016-08-20 10:30:37',2016,1,'2016-08-20 09:33:36',NULL,554,4,234,NULL),(2412,'2016-08-13 10:30:56','2016-08-20 10:30:56',2016,1,'2016-10-01 09:36:50',NULL,553,4,788,NULL),(2413,'2016-08-13 10:31:09','2016-08-20 10:31:09',2016,1,'2016-09-03 09:58:40',NULL,546,4,336,NULL),(2414,'2016-08-13 10:31:34','2016-08-20 10:31:34',2016,1,'2016-08-27 09:41:52',NULL,552,4,511,NULL),(2415,'2016-08-13 10:34:13','2016-08-20 10:34:13',2016,1,'2016-08-20 09:39:23',NULL,547,4,614,NULL),(2416,'2016-08-13 10:35:22','2016-08-20 10:35:22',2016,1,'2016-08-20 09:33:54',NULL,613,4,730,NULL),(2417,'2016-08-13 10:35:48','2016-08-20 10:35:48',2016,1,'2016-08-27 09:36:05',NULL,599,4,718,NULL),(2418,'2016-08-13 10:37:26','2016-08-20 10:37:26',2016,1,'2016-08-20 09:39:05',NULL,577,4,720,NULL),(2419,'2016-08-13 10:37:44','2016-08-20 10:37:44',2016,1,'2016-09-24 09:45:56',NULL,582,4,746,NULL),(2420,'2016-08-13 10:38:01','2016-08-20 10:38:01',2016,1,'2022-03-25 23:44:00',NULL,578,4,778,'baixa_pandemia_25_03_2022'),(2421,'2016-08-13 10:59:30','2016-08-20 10:59:30',2016,1,'2016-08-20 09:33:36',NULL,560,4,775,NULL),(2422,'2016-08-13 11:00:04','2016-08-20 11:00:04',2016,1,'2016-08-27 10:45:10',NULL,570,4,89,NULL),(2423,'2016-08-13 11:00:25','2016-08-20 11:00:25',2016,1,'2016-08-20 11:00:52',NULL,575,4,85,NULL),(2424,'2016-08-13 11:00:47','2016-08-20 11:00:47',2016,1,'2016-08-20 09:33:36',NULL,561,4,398,NULL),(2425,'2016-08-13 11:01:18','2016-08-20 11:01:18',2016,1,'2016-08-27 10:54:33',NULL,567,4,781,NULL),(2426,'2016-08-13 11:01:39','2016-08-20 11:01:39',2016,1,'2016-09-24 11:05:34',NULL,569,4,322,NULL),(2427,'2016-08-13 11:01:55','2016-08-20 11:01:55',2016,1,'2016-08-20 11:00:03',NULL,564,4,696,NULL),(2428,'2016-08-13 11:06:13','2016-08-20 11:06:13',2016,1,'2016-09-03 09:38:46',NULL,528,4,656,NULL),(2429,'2016-08-13 11:06:41','2016-08-20 11:06:41',2016,1,'2016-08-27 09:36:51',NULL,532,4,759,NULL),(2430,'2016-08-20 10:00:57','2016-08-27 10:00:57',2016,1,'2016-09-17 09:57:46',NULL,600,4,480,NULL),(2431,'2016-08-20 10:01:16','2016-08-27 10:01:16',2016,1,'2016-09-03 10:48:52',NULL,525,4,308,NULL),(2432,'2016-08-20 10:01:39','2016-08-27 10:01:39',2016,1,'2017-03-04 09:22:36',NULL,598,4,777,NULL),(2433,'2016-08-20 10:01:51','2016-08-27 10:01:51',2016,1,'2016-08-27 09:36:05',NULL,522,4,655,NULL),(2434,'2016-08-20 10:02:09','2016-08-27 10:02:09',2016,1,'2016-09-03 10:48:52',NULL,524,4,652,NULL),(2435,'2016-08-20 10:02:39','2016-08-27 10:02:39',2016,1,'2016-08-27 09:36:05',NULL,526,4,715,NULL),(2436,'2016-08-20 10:02:54','2016-08-27 10:02:54',2016,1,'2016-09-03 10:48:52',NULL,523,4,189,NULL),(2437,'2016-08-20 10:03:21','2016-08-27 10:03:21',2016,1,'2016-09-24 09:45:56',NULL,612,4,649,NULL),(2438,'2016-08-20 10:24:55','2016-08-27 10:24:55',2016,1,'2016-09-24 09:45:56',NULL,532,4,753,NULL),(2439,'2016-08-20 10:25:15','2016-08-27 10:25:15',2016,1,'2016-08-27 09:39:58',NULL,533,4,681,NULL),(2440,'2016-08-20 10:25:48','2016-08-27 10:25:48',2016,1,'2016-08-27 09:36:05',NULL,530,4,105,NULL),(2441,'2016-08-20 10:27:23','2016-08-27 10:27:23',2016,1,'2017-03-04 11:11:41',NULL,602,4,314,NULL),(2442,'2016-08-20 10:28:28','2016-08-27 10:28:28',2016,1,'2017-03-04 11:11:41',NULL,602,4,314,NULL),(2443,'2016-08-20 10:30:35','2016-08-27 10:30:35',2016,1,'2016-09-03 09:39:03',NULL,528,4,136,NULL),(2444,'2016-08-20 10:30:59','2016-08-27 10:30:59',2016,1,'2017-03-25 10:57:30',17,NULL,4,274,NULL),(2445,'2016-08-20 10:31:43','2016-08-27 10:31:43',2016,1,'2016-09-10 09:40:07',NULL,591,4,241,NULL),(2446,'2016-08-20 10:33:57','2016-08-27 10:33:57',2016,1,'2016-09-03 10:33:15',NULL,581,4,720,NULL),(2447,'2016-08-20 10:34:30','2016-08-27 10:34:30',2016,1,'2016-09-10 09:40:07',NULL,587,4,221,NULL),(2448,'2016-08-20 10:34:50','2016-08-27 10:34:50',2016,1,'2016-11-19 09:46:15',NULL,579,4,650,NULL),(2449,'2016-08-20 10:35:47','2016-08-27 10:35:47',2016,1,'2016-09-10 09:41:15',NULL,577,4,430,NULL),(2450,'2016-08-20 10:48:43','2016-08-27 10:48:43',2016,1,'2016-09-03 09:38:46',NULL,605,4,117,NULL),(2451,'2016-08-20 10:49:00','2016-08-27 10:49:00',2016,1,'2016-08-27 09:36:51',NULL,554,4,198,NULL),(2452,'2016-08-20 10:49:17','2016-08-27 10:49:17',2016,1,'2017-03-04 11:03:48',NULL,603,4,501,NULL),(2453,'2016-08-20 10:49:31','2016-08-27 10:49:31',2016,1,'2016-09-17 09:49:52',NULL,552,4,551,NULL),(2454,'2016-08-20 10:50:47','2016-08-27 10:50:47',2016,1,'2016-09-24 09:45:56',NULL,613,4,637,NULL),(2455,'2016-08-20 10:54:10','2016-08-27 10:54:10',2016,1,'2016-08-27 09:36:51',NULL,549,4,219,NULL),(2456,'2016-08-20 10:59:16','2016-08-27 10:59:16',2016,1,'2017-04-15 09:46:06',NULL,560,4,703,NULL),(2457,'2016-08-20 11:00:23','2016-08-27 11:00:23',2016,1,'2016-08-27 10:45:10',NULL,565,4,659,NULL),(2458,'2016-08-20 11:01:04','2016-08-27 11:01:04',2016,1,'2016-08-27 10:45:10',NULL,575,4,642,NULL),(2459,'2016-08-20 11:01:20','2016-08-27 11:01:20',2016,1,'2016-10-22 09:44:01',NULL,564,4,716,NULL),(2460,'2016-08-27 10:03:04','2016-09-03 10:03:04',2016,1,'2022-03-25 23:44:00',NULL,533,4,785,'baixa_pandemia_25_03_2022'),(2461,'2016-08-27 10:03:35','2016-09-03 10:03:35',2016,1,'2016-09-03 09:41:38',NULL,532,4,133,NULL),(2462,'2016-08-27 10:03:58','2016-09-03 10:03:58',2016,1,'2017-05-06 09:19:10',NULL,530,4,687,NULL),(2463,'2016-08-27 10:04:23','2016-09-03 10:04:23',2016,1,'2016-09-03 10:48:52',NULL,525,4,134,NULL),(2464,'2016-08-27 10:04:43','2016-09-03 10:04:43',2016,1,'2016-09-24 09:45:56',NULL,524,4,668,NULL),(2465,'2016-08-27 10:07:23','2016-09-03 10:07:23',2016,1,'2016-09-03 09:38:46',NULL,526,4,527,NULL),(2466,'2016-08-27 10:07:39','2016-09-03 10:07:39',2016,1,'2016-09-10 10:15:18',NULL,521,4,69,NULL),(2467,'2016-08-27 10:08:44','2016-09-03 10:08:44',2016,1,'2016-09-03 09:39:33',NULL,522,4,481,NULL),(2468,'2016-08-27 10:25:56','2016-09-03 10:25:56',2016,1,'2016-10-08 09:38:43',16,NULL,4,235,NULL),(2469,'2016-08-27 10:30:10','2016-09-03 10:30:10',2016,1,'2019-11-02 10:53:28',7,NULL,4,141,NULL),(2470,'2016-08-27 10:46:47','2016-09-03 10:46:47',2016,1,'2016-09-03 10:53:27',NULL,614,4,114,NULL),(2471,'2016-08-27 10:47:07','2016-09-03 10:47:07',2016,1,'2016-09-03 10:53:27',NULL,564,4,739,NULL),(2472,'2016-08-27 10:47:23','2016-09-03 10:47:23',2016,1,'2016-09-03 10:53:27',NULL,565,4,131,NULL),(2473,'2016-08-27 10:47:41','2016-09-03 10:47:41',2016,1,'2016-09-03 10:53:27',NULL,570,4,122,NULL),(2474,'2016-08-27 10:48:00','2016-09-03 10:48:00',2016,1,'2016-09-03 10:53:27',NULL,575,4,144,NULL),(2475,'2016-08-27 10:51:08','2016-09-03 10:51:08',2016,1,'2016-09-10 09:41:15',NULL,547,4,794,NULL),(2476,'2016-08-27 10:51:30','2016-09-03 10:51:30',2016,1,'2016-09-03 09:38:46',NULL,554,4,714,NULL),(2477,'2016-08-27 10:52:18','2016-09-03 10:52:18',2016,1,'2016-09-17 09:49:52',NULL,552,4,157,NULL),(2478,'2016-08-27 10:53:07','2016-09-03 10:53:07',2016,1,'2016-09-10 09:40:07',NULL,599,4,790,NULL),(2479,'2016-08-27 10:58:58','2016-09-03 10:58:58',2016,1,'2016-09-10 09:52:49',36,NULL,4,236,NULL),(2480,'2016-09-03 10:19:30','2016-09-10 10:19:30',2016,1,'2016-09-10 10:16:57',NULL,522,4,336,NULL),(2481,'2016-09-03 10:22:24','2016-09-10 10:22:24',2016,1,'2016-09-10 09:41:15',NULL,526,4,661,NULL),(2482,'2016-09-03 10:22:43','2016-09-10 10:22:43',2016,1,'2016-11-19 10:45:53',NULL,610,4,704,NULL),(2483,'2016-09-03 10:23:35','2016-09-10 10:23:35',2016,1,'2016-09-10 09:42:20',NULL,523,4,692,NULL),(2484,'2016-09-03 10:53:47','2016-09-10 10:53:47',2016,1,'2016-09-10 10:59:20',NULL,560,4,79,NULL),(2485,'2016-09-03 10:54:04','2016-09-10 10:54:04',2016,1,'2016-10-08 10:45:10',NULL,564,4,209,NULL),(2486,'2016-09-03 10:54:19','2016-09-10 10:54:19',2016,1,'2016-10-01 10:07:20',NULL,570,4,275,NULL),(2487,'2016-09-03 10:54:33','2016-09-10 10:54:33',2016,1,'2016-09-10 11:01:18',NULL,575,4,612,NULL),(2488,'2016-09-03 10:55:52','2016-09-10 10:55:52',2016,1,'2016-09-10 11:00:14',NULL,565,4,527,NULL),(2489,'2016-09-03 10:56:13','2016-09-10 10:56:13',2016,1,'2016-09-24 10:22:51',17,NULL,4,117,NULL),(2490,'2016-09-03 10:56:33','2016-09-10 10:56:33',2016,1,'2016-09-10 09:42:02',NULL,528,4,324,NULL),(2491,'2016-09-03 10:56:52','2016-09-10 10:56:52',2016,1,'2016-09-10 09:40:07',8,NULL,4,750,NULL),(2492,'2016-09-03 10:57:19','2016-09-10 10:57:19',2016,1,'2016-09-10 10:35:06',NULL,540,4,680,NULL),(2493,'2016-09-03 10:57:35','2016-09-10 10:57:35',2016,1,'2016-10-08 09:36:14',8,NULL,4,307,NULL),(2494,'2016-09-03 10:58:19','2016-09-10 10:58:19',2016,1,'2016-09-10 09:39:15',33,NULL,4,681,NULL),(2495,'2016-09-03 10:58:48','2016-09-10 10:58:48',2016,1,'2022-03-25 23:44:00',NULL,605,4,797,'baixa_pandemia_25_03_2022'),(2496,'2016-09-03 10:59:24','2016-09-10 10:59:24',2016,1,'2016-09-10 09:39:15',NULL,546,4,693,NULL),(2497,'2016-09-03 11:00:11','2016-09-10 11:00:11',2016,1,'2016-09-10 09:39:15',1,NULL,4,308,NULL),(2498,'2016-09-03 11:03:25','2016-09-10 11:03:25',2016,1,'2016-09-10 09:42:02',NULL,524,4,114,NULL),(2499,'2016-09-03 11:03:45','2016-09-10 11:03:45',2016,1,'2016-09-10 09:42:02',NULL,525,4,400,NULL),(2500,'2016-09-03 11:04:30','2016-09-10 11:04:30',2016,1,'2016-09-24 09:47:07',NULL,567,4,759,NULL),(2501,'2016-09-10 09:49:44','2016-09-17 09:49:44',2016,1,'2016-09-17 09:47:25',NULL,547,4,795,NULL),(2502,'2016-09-10 09:50:08','2016-09-17 09:50:08',2016,1,'2016-10-01 09:40:13',NULL,554,4,754,NULL),(2503,'2016-09-10 09:50:39','2016-09-17 09:50:39',2016,1,'2016-10-01 09:36:50',NULL,553,4,289,NULL),(2504,'2016-09-10 09:51:06','2016-09-17 09:51:06',2016,1,'2016-09-17 11:01:31',NULL,555,4,794,NULL),(2505,'2016-09-10 09:51:37','2016-09-17 09:51:37',2016,1,'2016-09-17 09:48:31',NULL,546,4,774,NULL),(2506,'2016-09-10 09:51:57','2016-09-17 09:51:57',2016,1,'2016-09-17 09:48:01',NULL,599,4,308,NULL),(2507,'2016-09-10 09:52:22','2016-09-17 09:52:22',2016,1,'2016-09-17 11:02:58',8,NULL,4,114,NULL),(2508,'2016-09-10 10:13:32','2016-09-17 10:13:32',2016,1,'2016-09-24 09:45:56',NULL,525,4,540,NULL),(2509,'2016-09-10 10:13:49','2016-09-17 10:13:49',2016,1,'2016-09-17 09:57:46',NULL,522,4,134,NULL),(2510,'2016-09-10 10:14:09','2016-09-17 10:14:09',2016,1,'2016-09-17 09:57:46',NULL,526,4,656,NULL),(2511,'2016-09-10 10:14:30','2016-09-17 10:14:30',2016,1,'2016-09-24 09:45:56',NULL,524,4,534,NULL),(2512,'2016-09-10 10:14:54','2016-09-17 10:14:54',2016,1,'2016-09-24 09:45:56',NULL,523,4,772,NULL),(2513,'2016-09-10 10:15:32','2016-09-17 10:15:32',2016,1,'2016-09-17 10:29:07',NULL,521,4,728,NULL),(2514,'2016-09-10 10:15:54','2016-09-17 10:15:54',2016,1,'2016-10-08 11:01:26',NULL,597,4,717,NULL),(2515,'2016-09-10 10:25:34','2016-09-17 10:25:34',2016,1,'2016-10-01 09:36:50',NULL,528,4,786,NULL),(2516,'2016-09-10 10:26:53','2016-09-17 10:26:53',2016,1,'2016-09-17 09:58:20',NULL,537,4,755,NULL),(2517,'2016-09-10 10:27:18','2016-09-17 10:27:18',2016,1,'2016-10-08 11:01:49',NULL,531,4,798,NULL),(2518,'2016-09-10 10:27:47','2016-09-17 10:27:47',2016,1,'2016-09-24 09:47:07',NULL,532,4,729,NULL),(2519,'2016-09-10 10:34:25','2016-09-17 10:34:25',2016,1,'2016-10-08 09:38:43',NULL,540,4,407,NULL),(2520,'2016-09-10 10:58:19','2016-09-17 10:58:19',2016,1,'2016-09-17 09:57:46',NULL,577,4,319,NULL),(2521,'2016-09-10 10:59:35','2016-09-17 10:59:35',2016,1,'2016-10-01 09:37:46',NULL,560,4,142,NULL),(2522,'2016-09-10 11:00:24','2016-09-17 11:00:24',2016,1,'2016-09-17 11:02:11',NULL,565,4,702,NULL),(2523,'2016-09-10 11:00:41','2016-09-17 11:00:41',2016,1,'2016-10-01 10:18:35',NULL,570,4,131,NULL),(2524,'2016-09-10 11:01:42','2016-09-17 11:01:42',2016,1,'2016-09-17 11:00:33',NULL,575,4,791,NULL),(2525,'2016-09-17 09:47:43','2016-09-24 09:47:43',2016,1,'2016-09-24 09:47:07',NULL,547,4,793,NULL),(2526,'2016-09-17 09:48:12','2016-09-24 09:48:12',2016,0,NULL,NULL,599,4,787,NULL),(2527,'2016-09-17 09:48:45','2016-09-24 09:48:45',2016,1,'2016-09-24 09:47:46',NULL,546,4,580,NULL),(2528,'2016-09-17 09:49:01','2016-09-24 09:49:01',2016,1,'2016-09-24 09:47:07',NULL,549,4,464,NULL),(2529,'2016-09-17 09:50:00','2016-09-24 09:50:00',2016,1,'2017-03-04 09:21:23',NULL,552,4,130,NULL),(2530,'2016-09-17 10:29:10','2016-09-24 10:29:10',2016,1,'2016-10-15 09:37:19',NULL,521,4,652,NULL),(2531,'2016-09-17 10:29:35','2016-09-24 10:29:35',2016,1,'2016-09-24 09:45:56',NULL,522,4,751,NULL),(2532,'2016-09-17 10:30:06','2016-09-24 10:30:06',2016,1,'2017-03-25 11:09:57',NULL,598,4,750,NULL),(2533,'2016-09-17 10:30:16','2016-09-24 10:30:16',2016,1,'2016-09-24 09:45:56',NULL,526,4,175,NULL),(2534,'2016-09-17 10:30:46','2016-09-24 10:30:46',2016,1,'2016-10-08 10:23:34',NULL,597,4,615,NULL),(2535,'2016-09-17 10:31:03','2016-09-24 10:31:03',2016,1,'2016-09-24 09:45:56',NULL,600,4,135,NULL),(2536,'2016-09-17 10:31:20','2016-09-24 10:31:20',2016,1,'2016-09-24 09:45:56',NULL,523,4,661,NULL),(2537,'2016-09-17 10:31:35','2016-09-24 10:31:35',2016,1,'2016-09-24 09:45:56',NULL,525,4,659,NULL),(2538,'2016-09-17 10:45:46','2016-09-24 10:45:46',2016,1,'2016-09-24 09:45:56',NULL,537,4,692,NULL),(2539,'2016-09-17 10:46:38','2016-09-24 10:46:38',2016,1,'2016-10-01 09:36:50',NULL,528,4,756,NULL),(2540,'2016-09-17 10:47:00','2016-09-24 10:47:00',2016,1,'2016-09-24 09:45:56',NULL,530,4,782,NULL),(2541,'2016-09-17 11:01:51','2016-09-24 11:01:51',2016,1,'2016-09-24 09:45:56',NULL,575,4,794,NULL),(2542,'2016-09-17 11:02:35','2016-09-24 11:02:35',2016,1,'2016-10-22 10:21:13',NULL,565,4,766,NULL),(2543,'2016-09-24 10:07:30','2016-10-01 10:07:30',2016,1,'2016-10-01 09:36:50',NULL,547,4,791,NULL),(2544,'2016-09-24 10:07:48','2016-10-01 10:07:48',2016,1,'2016-10-01 10:08:40',NULL,546,4,467,NULL),(2545,'2016-09-24 10:09:53','2016-10-01 10:09:53',2016,1,'2022-03-25 23:44:00',NULL,613,4,157,'baixa_pandemia_25_03_2022'),(2546,'2016-09-24 10:13:37','2016-10-01 10:13:37',2016,1,'2016-10-08 10:49:18',NULL,550,4,466,NULL),(2547,'2016-09-24 10:20:27','2016-10-01 10:20:27',2016,1,'2016-10-08 09:38:43',NULL,522,4,368,NULL),(2548,'2016-09-24 10:21:22','2016-10-01 10:21:22',2016,1,'2016-10-29 09:43:34',NULL,600,4,481,NULL),(2549,'2016-09-24 10:21:39','2016-10-01 10:21:39',2016,1,'2016-10-01 09:37:46',NULL,524,4,644,NULL),(2550,'2016-09-24 10:21:59','2016-10-01 10:21:59',2016,1,'2016-10-01 09:37:46',NULL,525,4,656,NULL),(2551,'2016-09-24 10:23:03','2016-10-01 10:23:03',2016,1,'2016-10-01 09:36:50',NULL,526,4,117,NULL),(2552,'2016-09-24 10:23:16','2016-10-01 10:23:16',2016,1,'2016-10-01 09:37:46',NULL,523,4,337,NULL),(2553,'2016-09-24 10:23:56','2016-10-01 10:23:56',2016,1,'2016-11-19 09:48:04',NULL,612,4,336,NULL),(2554,'2016-09-24 10:24:09','2016-10-01 10:24:09',2016,1,'2016-10-08 09:36:14',NULL,530,4,787,NULL),(2555,'2016-09-24 10:24:24','2016-10-01 10:24:24',2016,1,'2016-10-08 09:38:43',NULL,532,4,799,NULL),(2556,'2016-09-24 10:24:45','2016-10-01 10:24:45',2016,1,'2016-10-01 10:43:08',NULL,535,4,308,NULL),(2557,'2016-09-24 10:24:57','2016-10-01 10:24:57',2016,1,'2016-10-08 11:02:10',NULL,531,4,660,NULL),(2558,'2016-09-24 11:04:59','2016-10-01 11:04:59',2016,1,'2016-10-08 09:38:43',NULL,575,4,793,NULL),(2559,'2016-09-24 11:05:16','2016-10-01 11:05:16',2016,1,'2016-10-01 09:37:46',NULL,567,4,802,NULL),(2560,'2016-09-24 11:05:41','2016-10-01 11:05:41',2016,1,'2016-10-15 09:37:19',NULL,569,4,64,NULL),(2561,'2016-10-01 10:05:44','2016-10-08 10:05:44',2016,1,'2016-10-08 09:36:14',NULL,547,4,796,NULL),(2562,'2016-10-01 10:06:33','2016-10-08 10:06:33',2016,1,'2017-03-04 09:21:23',NULL,552,4,695,NULL),(2563,'2016-10-01 10:07:39','2016-10-08 10:07:39',2016,1,'2016-10-08 09:38:43',NULL,599,4,275,NULL),(2564,'2016-10-01 10:08:54','2016-10-08 10:08:54',2016,1,'2016-10-08 09:36:14',NULL,546,4,804,NULL),(2565,'2016-10-01 10:14:20','2016-10-08 10:14:20',2016,1,'2016-10-15 09:35:53',NULL,615,4,450,NULL),(2566,'2016-10-01 10:14:48','2016-10-08 10:14:48',2016,1,'2016-10-15 09:37:19',NULL,569,4,492,NULL),(2567,'2016-10-01 10:15:09','2016-10-08 10:15:09',2016,1,'2017-04-15 09:46:30',NULL,567,4,475,NULL),(2568,'2016-10-01 10:15:31','2016-10-08 10:15:31',2016,1,'2016-10-29 11:07:22',NULL,570,4,325,NULL),(2569,'2016-10-01 10:15:58','2016-10-08 10:15:58',2016,1,'2016-10-08 09:39:46',NULL,614,4,645,NULL),(2570,'2016-10-01 10:16:15','2016-10-08 10:16:15',2016,1,'2017-04-15 09:45:50',NULL,560,4,526,NULL),(2571,'2016-10-01 10:16:50','2016-10-08 10:16:50',2016,1,'2022-03-25 23:44:00',NULL,576,4,740,'baixa_pandemia_25_03_2022'),(2572,'2016-10-01 10:17:34','2016-10-08 10:17:34',2016,1,'2016-10-15 10:30:22',NULL,524,4,802,NULL),(2573,'2016-10-01 10:19:25','2016-10-08 10:19:25',2016,1,'2017-03-04 09:22:09',NULL,521,4,795,NULL),(2574,'2016-10-01 10:20:09','2016-10-08 10:20:09',2016,1,'2017-03-04 09:21:23',NULL,525,4,708,NULL),(2575,'2016-10-01 10:21:20','2016-10-08 10:21:20',2016,1,'2016-10-08 09:36:14',NULL,526,4,337,NULL),(2576,'2016-10-01 10:43:30','2016-10-08 10:43:30',2016,1,'2016-10-08 09:39:30',NULL,528,4,680,NULL),(2577,'2016-10-01 10:43:55','2016-10-08 10:43:55',2016,1,'2016-10-08 09:38:43',NULL,532,4,779,NULL),(2578,'2016-10-01 10:45:40','2016-10-08 10:45:40',2016,0,NULL,NULL,538,4,308,NULL),(2579,'2016-10-01 10:46:43','2016-10-08 10:46:43',2016,1,'2016-11-19 09:46:15',NULL,534,4,308,NULL),(2580,'2016-10-08 09:34:58','2016-10-15 09:34:58',2016,1,'2016-10-22 09:36:08',23,NULL,4,805,NULL),(2581,'2016-10-08 10:20:29','2016-10-15 10:20:29',2016,1,'2016-10-15 09:38:25',NULL,525,4,398,NULL),(2582,'2016-10-08 10:20:49','2016-10-15 10:20:49',2016,1,'2016-10-29 09:43:34',NULL,522,4,413,NULL),(2583,'2016-10-08 10:21:30','2016-10-15 10:21:30',2016,1,'2016-10-29 10:57:55',NULL,523,4,806,NULL),(2584,'2016-10-08 10:21:45','2016-10-15 10:21:45',2016,1,'2016-10-29 10:57:24',NULL,524,4,768,NULL),(2585,'2016-10-08 10:22:15','2016-10-15 10:22:15',2016,1,'2016-10-29 10:55:47',NULL,526,4,804,NULL),(2586,'2016-10-08 10:23:46','2016-10-15 10:23:46',2016,1,'2016-11-05 10:11:12',NULL,597,4,259,NULL),(2587,'2016-10-08 10:24:07','2016-10-15 10:24:07',2016,1,'2016-10-22 10:59:42',NULL,600,4,117,NULL),(2588,'2016-10-08 10:38:53','2016-10-15 10:38:53',2016,1,'2017-03-04 09:21:23',NULL,581,4,356,NULL),(2589,'2016-10-08 10:40:20','2016-10-15 10:40:20',2016,1,'2022-03-25 23:44:00',NULL,591,4,105,'baixa_pandemia_25_03_2022'),(2590,'2016-10-08 10:42:18','2016-10-15 10:42:18',2016,1,'2016-11-05 09:40:46',30,NULL,4,736,NULL),(2591,'2016-10-08 10:42:50','2016-10-15 10:42:50',2016,1,'2016-11-05 09:45:58',30,NULL,4,746,NULL),(2592,'2016-10-08 10:59:04','2016-10-15 10:59:04',2016,1,'2016-10-15 09:37:19',NULL,599,4,681,NULL),(2593,'2016-10-08 10:59:29','2016-10-15 10:59:29',2016,1,'2016-10-15 09:40:19',NULL,546,4,69,NULL),(2594,'2016-10-08 11:00:52','2016-10-15 11:00:52',2016,1,'2016-10-15 09:37:19',NULL,547,4,794,NULL),(2595,'2016-10-15 10:28:40','2016-10-22 10:28:40',2016,1,'2016-10-22 10:12:13',NULL,616,4,400,NULL),(2596,'2016-10-15 10:28:58','2016-10-22 10:28:58',2016,1,'2016-10-29 10:57:55',NULL,523,4,786,NULL),(2597,'2016-10-15 10:30:44','2016-10-22 10:30:44',2016,1,'2016-10-29 10:19:47',NULL,526,4,802,NULL),(2598,'2016-10-15 10:31:07','2016-10-22 10:31:07',2016,1,'2016-10-29 10:56:45',NULL,525,4,788,NULL),(2599,'2016-10-15 10:31:47','2016-10-22 10:31:47',2016,1,'2016-10-29 10:09:29',NULL,521,4,155,NULL),(2600,'2016-10-15 10:32:02','2016-10-22 10:32:02',2016,1,'2016-10-29 10:57:24',NULL,524,4,337,NULL),(2601,'2016-10-15 10:33:39','2016-10-22 10:33:39',2016,1,'2016-10-22 09:35:42',NULL,546,4,58,NULL),(2602,'2016-10-15 10:34:01','2016-10-22 10:34:01',2016,1,'2016-11-05 09:40:46',NULL,599,4,787,NULL),(2603,'2016-10-15 10:58:43','2016-10-22 10:58:43',2016,1,'2022-03-25 23:44:00',NULL,617,4,275,'baixa_pandemia_25_03_2022'),(2604,'2016-10-15 10:36:18','2016-10-22 10:36:18',2016,1,'2017-03-04 11:09:59',NULL,547,4,791,NULL),(2605,'2016-10-15 10:58:06','2016-10-22 10:58:06',2016,1,'2016-10-22 09:44:01',NULL,564,4,799,NULL),(2606,'2016-10-15 10:59:06','2016-10-22 10:59:06',2016,1,'2016-10-29 09:43:34',NULL,565,4,110,NULL),(2607,'2016-10-15 11:01:58','2016-10-22 11:01:58',2016,1,'2016-10-22 09:44:01',NULL,615,4,154,NULL),(2608,'2016-10-15 11:03:27','2016-10-22 11:03:27',2016,1,'2016-10-29 09:43:34',NULL,532,4,634,NULL),(2609,'2016-10-22 09:58:01','2016-10-29 09:58:01',2016,1,'2017-03-04 09:21:23',23,NULL,4,386,NULL),(2610,'2016-10-15 09:42:38','2016-10-22 09:42:38',2016,1,'2016-10-22 09:43:14',NULL,528,4,759,NULL),(2611,'2016-10-22 11:00:50','2016-10-29 11:00:50',2016,1,'2016-10-29 09:43:34',NULL,547,4,793,NULL),(2612,'2016-10-22 09:52:29','2016-10-29 09:52:29',2016,1,'2016-10-29 10:07:54',NULL,546,4,527,NULL),(2613,'2016-10-22 09:58:38','2016-10-29 09:58:38',2016,1,'2016-11-05 09:42:16',NULL,537,4,661,NULL),(2614,'2016-10-22 09:59:08','2016-10-29 09:59:08',2016,1,'2016-10-29 09:43:34',NULL,528,4,568,NULL),(2615,'2016-10-22 10:01:28','2016-10-29 10:01:28',2016,1,'2019-04-06 09:44:16',NULL,618,4,681,NULL),(2616,'2016-10-22 10:17:04','2016-10-29 10:17:04',2016,1,'2018-03-24 10:00:34',NULL,616,4,723,NULL),(2617,'2016-10-22 10:17:46','2016-10-29 10:17:46',2016,1,'2016-10-29 10:09:29',NULL,611,4,759,NULL),(2618,'2016-10-22 10:20:18','2016-10-29 10:20:18',2016,1,'2016-11-19 09:46:15',NULL,619,4,789,NULL),(2619,'2016-10-22 10:21:57','2016-10-29 10:21:57',2016,1,'2017-03-18 09:45:54',NULL,532,4,766,NULL),(2620,'2016-10-22 11:03:22','2016-10-29 11:03:22',2016,1,'2016-10-29 11:10:09',NULL,564,4,223,NULL),(2621,'2016-10-29 10:16:05','2016-11-05 10:16:05',2016,0,NULL,NULL,619,4,803,NULL),(2622,'2016-10-29 10:16:43','2016-11-05 10:16:43',2016,1,'2016-11-05 09:42:16',NULL,521,4,289,NULL),(2623,'2016-10-29 10:17:53','2016-11-05 10:17:53',2016,1,'2022-03-25 23:44:00',NULL,620,4,152,'baixa_pandemia_25_03_2022'),(2624,'2016-10-29 10:18:16','2016-11-05 10:18:16',2016,1,'2016-11-05 09:40:46',NULL,600,4,692,NULL),(2625,'2016-10-29 10:18:40','2016-11-05 10:18:40',2016,1,'2016-11-05 09:42:16',NULL,616,4,481,NULL),(2626,'2016-10-29 10:20:04','2016-11-05 10:20:04',2016,1,'2016-11-05 09:40:46',NULL,526,4,805,NULL),(2627,'2016-10-29 10:24:37','2016-11-05 10:24:37',2016,1,'2017-03-18 09:34:32',NULL,619,4,802,NULL),(2628,'2016-10-29 10:46:26','2016-11-05 10:46:26',2016,1,'2016-11-05 09:42:16',NULL,528,4,730,NULL),(2629,'2016-10-29 10:46:43','2016-11-05 10:46:43',2016,1,'2016-11-05 09:42:16',NULL,537,4,89,NULL),(2630,'2016-10-29 10:47:06','2016-11-05 10:47:06',2016,1,'2016-11-05 09:48:44',NULL,532,4,492,NULL),(2631,'2016-10-29 10:47:47','2016-11-05 10:47:47',2016,1,'2017-06-03 09:58:25',NULL,531,4,716,NULL),(2632,'2016-10-29 10:48:55','2016-11-05 10:48:55',2016,1,'2016-11-05 10:29:53',NULL,621,4,724,NULL),(2633,'2016-10-29 10:49:26','2016-11-05 10:49:26',2016,1,'2016-11-05 10:29:05',NULL,618,4,807,NULL),(2634,'2016-10-29 10:50:59','2016-11-05 10:50:59',2016,1,'2016-11-19 09:46:15',NULL,530,4,400,NULL),(2635,'2016-10-29 10:57:00','2016-11-05 10:57:00',2016,1,'2016-11-19 10:23:15',NULL,525,4,287,NULL),(2636,'2016-10-29 10:57:36','2016-11-05 10:57:36',2016,1,'2016-11-19 10:23:33',NULL,524,4,782,NULL),(2637,'2016-10-29 10:58:13','2016-11-05 10:58:13',2016,1,'2016-11-19 10:23:52',NULL,523,4,517,NULL),(2638,'2016-10-29 11:01:46','2016-11-05 11:01:46',2016,1,'2016-11-19 09:45:05',NULL,549,4,742,NULL),(2639,'2016-10-29 11:02:23','2016-11-05 11:02:23',2016,1,'2016-11-05 10:31:51',NULL,546,4,164,NULL),(2640,'2016-10-29 11:02:49','2016-11-05 11:02:49',2016,1,'2016-11-05 09:40:46',NULL,547,4,796,NULL),(2641,'2016-10-29 11:09:15','2016-11-05 11:09:15',2016,1,'2016-11-19 10:07:01',NULL,575,4,142,NULL),(2642,'2016-10-29 11:09:36','2016-11-05 11:09:36',2016,1,'2017-04-01 11:01:34',NULL,565,4,757,NULL),(2643,'2016-10-29 11:10:31','2016-11-05 11:10:31',2016,1,'2017-03-04 09:21:23',NULL,564,4,505,NULL),(2644,'2016-11-05 10:07:21','2016-11-12 10:07:21',2016,1,'2016-11-19 09:47:33',NULL,521,4,573,NULL),(2645,'2016-11-05 10:07:46','2016-11-12 10:07:46',2016,1,'2016-11-19 09:45:05',22,NULL,4,805,NULL),(2646,'2016-11-05 10:08:48','2016-11-12 10:08:48',2016,1,'2017-03-18 10:26:19',NULL,597,4,89,NULL),(2647,'2016-11-05 10:10:18','2016-11-12 10:10:18',2016,1,'2016-11-26 09:23:03',NULL,526,4,717,NULL),(2648,'2016-11-05 10:10:49','2016-11-12 10:10:49',2016,1,'2017-03-18 09:56:23',NULL,616,4,652,NULL),(2649,'2016-11-05 10:11:48','2016-11-12 10:11:48',2016,1,'2017-03-11 10:21:23',NULL,600,4,772,NULL),(2650,'2016-11-05 10:12:33','2016-11-12 10:12:33',2016,1,'2016-11-19 10:19:58',NULL,620,4,117,NULL),(2651,'2016-11-05 10:15:38','2016-11-12 10:15:38',2016,1,'2016-11-19 09:45:05',NULL,528,4,496,NULL),(2652,'2016-11-05 10:15:59','2016-11-12 10:15:59',2016,1,'2016-11-19 09:45:05',NULL,537,4,768,NULL),(2653,'2016-11-05 10:18:46','2016-11-12 10:18:46',2016,1,'2016-11-19 10:23:02',NULL,621,4,715,NULL),(2654,'2016-11-05 10:19:10','2016-11-12 10:19:10',2016,1,'2016-11-19 09:47:33',NULL,532,4,289,NULL),(2655,'2016-11-05 10:19:48','2016-11-12 10:19:48',2016,1,'2017-03-18 11:06:56',NULL,540,4,151,NULL),(2656,'2016-11-05 10:25:50','2016-11-12 10:25:50',2016,1,'2016-11-26 09:23:03',6,NULL,4,689,NULL),(2657,'2016-11-05 10:26:38','2016-11-12 10:26:38',2016,1,'2016-11-26 09:23:03',6,NULL,4,808,NULL),(2658,'2016-11-05 10:27:04','2016-11-12 10:27:04',2016,1,'2017-03-04 09:21:23',NULL,611,4,481,NULL),(2659,'2016-11-05 10:27:54','2016-11-12 10:27:54',2016,1,'2016-11-19 09:47:33',39,NULL,4,325,NULL),(2660,'2016-11-05 10:29:26','2016-11-12 10:29:26',2016,1,'2017-03-11 10:50:21',NULL,618,4,133,NULL),(2661,'2016-11-05 10:43:13','2016-11-12 10:43:13',2016,1,'2016-11-26 09:23:03',40,NULL,4,692,NULL),(2662,'2016-11-05 11:02:13','2016-11-12 11:02:13',2016,1,'2016-11-19 10:07:01',NULL,546,4,109,NULL),(2663,'2016-11-05 10:47:21','2016-11-12 10:47:21',2016,1,'2016-11-19 09:45:05',NULL,599,4,807,NULL),(2664,'2016-11-05 10:49:19','2016-11-12 10:49:19',2016,1,'2016-11-19 09:45:05',NULL,547,4,580,NULL),(2665,'2016-11-05 10:59:05','2016-11-12 10:59:05',2016,1,'2016-11-19 10:07:01',NULL,570,4,387,NULL),(2666,'2016-11-05 11:00:17','2016-11-12 11:00:17',2016,1,'2016-11-19 09:50:06',NULL,579,4,814,NULL),(2667,'2016-11-05 11:00:50','2016-11-12 11:00:50',2016,1,'2017-03-04 11:00:07',NULL,564,4,769,NULL),(2668,'2016-11-05 11:01:40','2016-11-12 11:01:40',2016,1,'2017-04-29 09:58:30',NULL,572,4,452,NULL),(2669,'2017-03-04 09:42:21','2017-03-11 09:42:21',2017,1,'2017-05-13 09:36:21',31,NULL,4,810,NULL),(2670,'2017-03-04 11:00:28','2017-03-11 11:00:28',2017,1,'2017-04-15 11:08:15',NULL,676,4,742,NULL),(2671,'2017-03-04 11:00:54','2017-03-11 11:00:54',2017,1,'2017-03-11 09:24:02',NULL,684,4,734,NULL),(2672,'2017-03-04 11:01:39','2017-03-11 11:01:39',2017,1,'2017-04-01 09:42:16',NULL,682,4,658,NULL),(2673,'2017-03-04 11:05:55','2017-03-11 11:05:55',2017,1,'2017-03-25 09:36:40',NULL,648,4,764,NULL),(2674,'2017-03-04 11:07:26','2017-03-11 11:07:26',2017,1,'2017-03-11 09:25:20',NULL,690,4,384,NULL),(2675,'2017-03-04 11:08:22','2017-03-11 11:08:22',2017,1,'2017-03-25 09:37:22',NULL,633,4,488,NULL),(2676,'2017-03-04 11:09:15','2017-03-11 11:09:15',2017,1,'2017-05-06 09:34:24',NULL,691,4,573,NULL),(2677,'2017-03-04 11:10:13','2017-03-11 11:10:13',2017,1,'2017-03-11 09:24:31',NULL,651,4,322,NULL),(2678,'2017-03-04 11:10:36','2017-03-11 11:10:36',2017,1,'2017-04-15 10:22:30',NULL,639,4,729,NULL),(2679,'2017-03-04 11:13:08','2017-03-11 11:13:08',2017,1,'2017-03-18 09:40:42',8,NULL,4,725,NULL),(2680,'2017-03-04 11:14:13','2017-03-11 11:14:13',2017,1,'2017-06-24 09:39:15',NULL,692,4,720,NULL),(2681,'2017-03-04 11:15:10','2017-03-11 11:15:10',2017,1,'2022-03-25 23:44:00',NULL,693,4,650,'baixa_pandemia_25_03_2022'),(2682,'2017-03-11 10:06:56','2017-03-18 10:06:56',2017,1,'2017-03-25 09:49:16',NULL,694,4,805,NULL),(2683,'2017-03-11 10:09:13','2017-03-18 10:09:13',2017,1,'2017-03-18 10:25:26',NULL,695,4,705,NULL),(2684,'2017-03-11 10:10:03','2017-03-18 10:10:03',2017,1,'2017-04-01 09:42:16',NULL,696,4,661,NULL),(2685,'2017-03-11 10:10:57','2017-03-18 10:10:57',2017,1,'2017-06-10 09:48:52',NULL,697,4,799,NULL),(2686,'2017-03-11 10:11:16','2017-03-18 10:11:16',2017,1,'2017-03-25 10:06:20',NULL,643,4,779,NULL),(2687,'2017-03-11 10:14:40','2017-03-18 10:14:40',2017,1,'2017-03-18 09:40:42',NULL,639,4,551,NULL),(2688,'2017-03-11 10:15:10','2017-03-18 10:15:10',2017,1,'2017-03-18 09:43:49',NULL,640,4,637,NULL),(2689,'2017-03-11 10:15:25','2017-03-18 10:15:25',2017,1,'2017-03-18 09:40:42',NULL,628,4,680,NULL),(2690,'2017-03-11 10:16:24','2017-03-18 10:16:24',2017,1,'2017-03-18 11:13:34',NULL,698,4,308,NULL),(2691,'2017-03-11 10:16:45','2017-03-18 10:16:45',2017,1,'2017-03-18 09:43:49',NULL,634,4,812,NULL),(2692,'2017-03-11 10:17:35','2017-03-18 10:17:35',2017,1,'2017-04-01 10:08:34',NULL,699,4,730,NULL),(2693,'2017-03-11 10:18:38','2017-03-18 10:18:38',2017,1,'2017-03-18 11:13:51',NULL,700,4,714,NULL),(2694,'2017-03-11 10:19:00','2017-03-18 10:19:00',2017,1,'2017-04-15 09:40:21',NULL,635,4,763,NULL),(2695,'2017-03-11 10:19:20','2017-03-18 10:19:20',2017,1,'2017-03-18 09:41:26',NULL,637,4,337,NULL),(2696,'2017-03-11 10:19:36','2017-03-18 10:19:36',2017,1,'2017-03-18 09:41:26',NULL,638,4,768,NULL),(2697,'2017-03-11 10:21:44','2017-03-18 10:21:44',2017,1,'2017-03-18 09:41:26',NULL,636,4,772,NULL),(2698,'2017-03-11 10:22:27','2017-03-18 10:22:27',2017,1,'2017-03-18 09:43:49',NULL,645,4,724,NULL),(2699,'2017-03-11 10:58:44','2017-03-18 10:58:44',2017,1,'2017-04-08 10:35:14',NULL,651,4,160,NULL),(2700,'2017-03-11 10:59:28','2017-03-18 10:59:28',2017,1,'2017-03-18 09:43:03',NULL,647,4,314,NULL),(2701,'2017-03-18 09:34:43','2017-03-25 09:34:43',2017,0,NULL,NULL,648,4,802,NULL),(2702,'2017-03-18 09:35:07','2017-03-25 09:35:07',2017,1,'2017-04-08 09:59:58',NULL,691,4,759,NULL),(2703,'2017-03-18 09:35:19','2017-03-25 09:35:19',2017,1,'2017-03-18 09:43:03',NULL,690,4,818,NULL),(2704,'2017-03-18 09:35:43','2017-03-25 09:35:43',2017,1,'2017-03-18 09:43:03',NULL,657,4,496,NULL),(2705,'2017-03-18 09:35:56','2017-03-25 09:35:56',2017,1,'2017-03-25 11:04:23',NULL,671,4,109,NULL),(2706,'2017-03-18 09:36:58','2017-03-25 09:36:58',2017,1,'2017-03-18 11:03:36',NULL,702,4,741,NULL),(2707,'2017-03-18 09:37:37','2017-03-25 09:37:37',2017,1,'2017-03-18 09:40:42',NULL,663,4,826,NULL),(2708,'2017-03-18 09:41:42','2017-03-25 09:41:42',2017,1,'2017-04-22 09:35:43',8,NULL,4,822,NULL),(2709,'2017-03-18 10:25:54','2017-03-25 10:25:54',2017,1,'2017-03-25 09:36:40',NULL,695,4,652,NULL),(2710,'2017-03-18 10:26:46','2017-03-25 10:26:46',2017,1,'2017-04-08 09:34:39',NULL,623,4,644,NULL),(2711,'2017-03-18 10:27:05','2017-03-25 10:27:05',2017,1,'2017-03-25 10:06:20',NULL,643,4,336,NULL),(2712,'2017-03-18 10:27:30','2017-03-25 10:27:30',2017,1,'2017-03-25 09:49:37',NULL,694,4,314,NULL),(2713,'2017-03-18 10:27:54','2017-03-25 10:27:54',2017,1,'2017-04-29 09:37:14',NULL,640,4,807,NULL),(2714,'2017-03-18 10:28:17','2017-03-25 10:28:17',2017,1,'2017-03-25 09:35:29',NULL,637,4,692,NULL),(2715,'2017-03-18 10:28:37','2017-03-25 10:28:37',2017,1,'2017-03-25 09:36:40',NULL,628,4,704,NULL),(2716,'2017-03-18 10:29:16','2017-03-25 10:29:16',2017,1,'2017-03-25 09:35:29',NULL,636,4,117,NULL),(2717,'2017-03-18 10:29:35','2017-03-25 10:29:35',2017,1,'2017-03-25 09:35:29',NULL,638,4,69,NULL),(2718,'2017-03-18 10:30:36','2017-03-25 10:30:36',2017,1,'2017-08-12 10:29:46',NULL,703,4,668,NULL),(2719,'2017-03-18 10:31:02','2017-03-25 10:31:02',2017,1,'2017-04-08 10:01:29',NULL,693,4,798,NULL),(2720,'2017-03-18 10:31:23','2017-03-25 10:31:23',2017,1,'2017-03-25 09:37:22',NULL,634,4,808,NULL),(2721,'2017-03-18 10:31:42','2017-03-25 10:31:42',2017,1,'2017-03-25 09:36:40',NULL,639,4,755,NULL),(2722,'2017-03-18 10:32:40','2017-03-25 10:32:40',2017,1,'2017-04-01 09:43:32',NULL,632,4,809,NULL),(2723,'2017-03-18 10:35:31','2017-03-25 10:35:31',2017,1,'2017-03-25 09:36:40',NULL,704,4,826,NULL),(2724,'2017-03-18 11:01:39','2017-03-25 11:01:39',2017,1,'2017-03-25 11:10:26',NULL,684,4,819,NULL),(2725,'2017-03-18 11:02:01','2017-03-25 11:02:01',2017,1,'2017-04-08 11:04:18',NULL,668,4,839,NULL),(2726,'2017-03-18 11:02:26','2017-03-25 11:02:26',2017,1,'2017-03-25 11:09:00',NULL,687,4,587,NULL),(2727,'2017-03-11 11:04:24','2017-03-18 11:04:24',2017,1,'2017-03-25 09:37:22',NULL,663,4,319,NULL),(2728,'2017-03-18 11:04:44','2017-03-25 11:04:44',2017,1,'2017-03-25 11:09:57',NULL,662,4,132,NULL),(2729,'2017-03-18 11:05:05','2017-03-25 11:05:05',2017,1,'2019-03-16 10:55:32',NULL,660,4,820,NULL),(2730,'2017-03-18 11:05:38','2017-03-25 11:05:38',2017,1,'2017-03-25 11:06:16',NULL,689,4,221,NULL),(2731,'2017-03-18 11:06:24','2017-03-25 11:06:24',2017,1,'2017-03-25 09:35:29',NULL,647,4,838,NULL),(2732,'2017-03-18 11:08:32','2017-03-25 11:08:32',2017,1,'2017-04-15 09:33:40',40,NULL,4,114,NULL),(2733,'2017-03-18 11:10:14','2017-03-25 11:10:14',2017,1,'2018-09-08 09:43:37',NULL,705,4,824,NULL),(2734,'2017-03-25 10:05:12','2017-04-01 10:05:12',2017,1,'2017-04-08 09:34:39',NULL,695,4,722,NULL),(2735,'2017-03-25 10:05:39','2017-04-01 10:05:39',2017,1,'2017-04-08 09:34:39',NULL,623,4,652,NULL),(2736,'2017-03-25 10:05:56','2017-04-01 10:05:56',2017,1,'2017-04-01 09:43:54',NULL,694,4,693,NULL),(2737,'2017-03-25 11:03:43','2017-04-01 11:03:43',2017,1,'2017-04-15 10:59:21',NULL,643,4,617,NULL),(2738,'2017-03-25 10:06:58','2017-04-01 10:06:58',2017,1,'2017-04-08 09:34:39',NULL,626,4,492,NULL),(2739,'2017-03-25 10:17:26','2017-04-01 10:17:26',2017,1,'2017-04-15 09:43:38',NULL,637,4,805,NULL),(2740,'2017-03-25 10:17:48','2017-04-01 10:17:48',2017,1,'2017-04-01 09:42:16',NULL,635,4,659,NULL),(2741,'2017-03-25 10:18:18','2017-04-01 10:18:18',2017,1,'2017-08-12 10:30:22',NULL,703,4,583,NULL),(2742,'2017-03-25 10:20:24','2017-04-01 10:20:24',2017,1,'2017-04-15 10:27:16',NULL,700,4,838,NULL),(2743,'2017-03-25 10:22:56','2017-04-01 10:22:56',2017,1,'2017-04-15 10:20:12',NULL,638,4,89,NULL),(2744,'2017-03-25 10:23:17','2017-04-01 10:23:17',2017,1,'2017-04-01 09:43:32',NULL,628,4,823,NULL),(2745,'2017-03-25 10:23:43','2017-04-01 10:23:43',2017,1,'2017-04-01 09:43:32',NULL,632,4,136,NULL),(2746,'2017-03-25 10:24:17','2017-04-01 10:24:17',2017,1,'2017-04-15 09:44:42',NULL,636,4,253,NULL),(2747,'2017-03-25 10:24:53','2017-04-01 10:24:53',2017,1,'2017-04-01 09:43:32',NULL,639,4,308,NULL),(2748,'2017-03-25 10:25:18','2017-04-01 10:25:18',2017,1,'2017-04-08 09:34:39',NULL,634,4,506,NULL),(2749,'2017-03-25 10:25:44','2017-04-01 10:25:44',2017,1,'2017-04-29 09:37:14',NULL,645,4,717,NULL),(2750,'2017-03-25 11:04:38','2017-04-01 11:04:38',2017,1,'2017-04-01 09:42:16',NULL,671,4,826,NULL),(2751,'2017-03-25 11:05:06','2017-04-01 11:05:06',2017,1,'2017-04-08 10:11:51',NULL,705,4,725,NULL),(2752,'2017-03-25 11:05:47','2017-04-01 11:05:47',2017,1,'2017-04-01 11:01:34',NULL,684,4,430,NULL),(2753,'2017-03-25 11:09:15','2017-04-01 11:09:15',2017,1,'2017-04-15 09:40:21',NULL,687,4,209,NULL),(2754,'2017-04-01 09:44:22','2017-04-08 09:44:22',2017,1,'2017-04-08 09:35:34',NULL,647,4,842,NULL),(2755,'2017-04-01 10:02:08','2017-04-08 10:02:08',2017,1,'2017-04-15 09:42:20',NULL,632,4,386,NULL),(2756,'2017-04-01 10:02:32','2017-04-08 10:02:32',2017,1,'2017-04-08 09:35:57',NULL,635,4,719,NULL),(2757,'2017-04-01 10:02:56','2017-04-08 10:02:56',2017,1,'2017-04-08 09:35:34',NULL,628,4,394,NULL),(2758,'2017-04-01 10:03:28','2017-04-08 10:03:28',2017,1,'2017-04-08 11:09:42',NULL,698,4,259,NULL),(2759,'2017-04-01 10:03:54','2017-04-08 10:03:54',2017,1,'2017-04-15 09:42:20',NULL,639,4,329,NULL),(2760,'2017-04-01 10:04:31','2017-04-08 10:04:31',2017,1,'2017-04-15 10:53:06',NULL,643,4,779,NULL),(2761,'2017-04-01 10:04:55','2017-04-08 10:04:55',2017,1,'2017-08-26 10:28:57',NULL,622,4,336,NULL),(2762,'2017-04-01 10:06:00','2017-04-08 10:06:00',2017,1,'2017-05-06 09:33:38',NULL,707,4,826,NULL),(2763,'2017-04-01 10:13:55','2017-04-08 10:13:55',2017,1,'2017-04-08 09:35:34',NULL,694,4,727,NULL),(2764,'2017-04-01 10:06:49','2017-04-08 10:06:49',2017,1,'2017-04-08 09:35:34',NULL,634,4,813,NULL),(2765,'2017-04-01 10:07:13','2017-04-08 10:07:13',2017,1,'2017-04-08 09:34:39',NULL,695,4,481,NULL),(2766,'2017-04-01 10:07:39','2017-04-08 10:07:39',2017,1,'2017-04-08 09:35:34',NULL,696,4,407,NULL),(2767,'2017-04-01 10:08:54','2017-04-08 10:08:54',2017,1,'2017-04-22 11:09:43',NULL,700,4,730,NULL),(2768,'2017-04-01 10:10:21','2017-04-08 10:10:21',2017,1,'2017-04-15 10:28:55',NULL,708,4,413,NULL),(2769,'2017-04-01 10:10:51','2017-04-08 10:10:51',2017,1,'2017-04-15 10:28:39',NULL,699,4,715,NULL),(2770,'2017-04-01 10:11:16','2017-04-08 10:11:16',2017,1,'2017-04-15 10:49:47',NULL,697,4,777,NULL),(2771,'2017-04-01 10:13:01','2017-04-08 10:13:01',2017,1,'2017-05-06 09:33:38',NULL,709,4,274,NULL),(2772,'2017-04-01 10:18:25','2017-04-08 10:18:25',2017,1,'2017-04-08 09:34:39',NULL,689,4,712,NULL),(2773,'2017-04-01 10:18:50','2017-04-08 10:18:50',2017,1,'2017-04-08 10:10:42',NULL,674,4,132,NULL),(2774,'2017-04-01 10:19:38','2017-04-08 10:19:38',2017,1,'2022-03-25 23:44:00',NULL,661,4,781,'baixa_pandemia_25_03_2022'),(2775,'2017-04-01 10:20:14','2017-04-08 10:20:14',2017,1,'2017-04-08 11:09:26',NULL,662,4,84,NULL),(2776,'2017-04-01 10:21:06','2017-04-08 10:21:06',2017,1,'2017-04-08 10:11:20',NULL,671,4,796,NULL),(2777,'2017-04-01 10:22:00','2017-04-08 10:22:00',2017,1,'2017-05-06 09:34:24',NULL,710,4,818,NULL),(2778,'2017-04-01 10:23:17','2017-04-08 10:23:17',2017,1,'2022-03-25 23:44:00',NULL,711,4,714,'baixa_pandemia_25_03_2022'),(2779,'2017-04-01 10:25:58','2017-04-08 10:25:58',2017,1,'2017-04-08 09:34:39',NULL,712,4,724,NULL),(2780,'2017-04-01 10:44:27','2017-04-08 10:44:27',2017,1,'2017-04-08 10:11:02',NULL,706,4,221,NULL),(2781,'2017-04-01 10:55:45','2017-04-08 10:55:45',2017,1,'2017-04-08 09:35:34',22,NULL,4,705,NULL),(2782,'2017-04-01 11:02:39','2017-04-08 11:02:39',2017,1,'2017-06-17 10:32:19',NULL,684,4,215,NULL),(2783,'2017-04-01 11:05:14','2017-04-08 11:05:14',2017,1,'2017-04-15 09:45:19',NULL,657,4,400,NULL),(2784,'2017-04-01 11:07:16','2017-04-08 11:07:16',2017,1,'2017-04-22 09:35:43',8,NULL,4,307,NULL),(2785,'2017-04-01 11:07:50','2017-04-08 11:07:50',2017,1,'2017-04-08 09:35:34',NULL,650,4,711,NULL),(2786,'2017-04-08 09:49:50','2017-04-15 09:49:50',2017,1,'2017-05-13 09:31:47',22,NULL,4,652,NULL),(2787,'2017-04-08 09:59:12','2017-04-15 09:59:12',2017,1,'2017-04-15 09:44:42',NULL,628,4,136,NULL),(2788,'2017-04-08 10:00:23','2017-04-15 10:00:23',2017,1,'2017-04-15 09:42:20',NULL,634,4,759,NULL),(2789,'2017-04-08 10:00:36','2017-04-15 10:00:36',2017,1,'2017-04-15 09:43:38',NULL,638,4,751,NULL),(2790,'2017-04-08 10:00:51','2017-04-15 10:00:51',2017,1,'2017-04-15 09:43:38',NULL,636,4,680,NULL),(2791,'2017-04-08 10:01:51','2017-04-15 10:01:51',2017,1,'2022-03-25 23:44:00',NULL,693,4,812,'baixa_pandemia_25_03_2022'),(2792,'2017-04-08 10:02:06','2017-04-15 10:02:06',2017,1,'2017-04-15 09:43:38',NULL,637,4,705,NULL),(2793,'2017-04-08 10:02:25','2017-04-15 10:02:25',2017,1,'2017-04-29 09:54:07',NULL,698,4,314,NULL),(2794,'2017-04-08 10:02:42','2017-04-15 10:02:42',2017,1,'2017-04-15 09:44:42',NULL,635,4,407,NULL),(2795,'2017-04-08 10:02:53','2017-04-15 10:02:53',2017,1,'2017-04-22 09:35:43',NULL,632,4,308,NULL),(2796,'2017-04-08 10:04:15','2017-04-15 10:04:15',2017,1,'2022-03-25 23:44:00',5,NULL,4,454,'baixa_pandemia_25_03_2022'),(2797,'2017-04-08 10:04:45','2017-04-15 10:04:45',2017,1,'2017-05-13 09:31:47',NULL,626,4,760,NULL),(2798,'2017-04-08 10:05:01','2017-04-15 10:05:01',2017,1,'2017-04-15 09:42:20',NULL,695,4,708,NULL),(2799,'2017-04-08 10:05:15','2017-04-15 10:05:15',2017,1,'2017-04-22 09:36:19',NULL,623,4,787,NULL),(2800,'2017-04-08 10:05:37','2017-04-15 10:05:37',2017,1,'2017-04-15 09:40:21',NULL,696,4,600,NULL),(2801,'2017-04-08 10:05:53','2017-04-15 10:05:53',2017,1,'2017-04-29 10:04:07',NULL,622,4,727,NULL),(2802,'2017-04-08 10:06:20','2017-04-15 10:06:20',2017,1,'2017-04-15 09:40:21',NULL,712,4,768,NULL),(2803,'2017-04-08 10:06:43','2017-04-15 10:06:43',2017,1,'2017-04-15 10:59:54',17,NULL,4,72,NULL),(2804,'2017-04-08 10:07:03','2017-04-15 10:07:03',2017,1,'2017-04-15 09:42:20',NULL,694,4,831,NULL),(2805,'2017-04-08 10:12:10','2017-04-15 10:12:10',2017,1,'2017-04-29 10:08:41',NULL,664,4,482,NULL),(2806,'2017-04-08 11:05:35','2017-04-15 11:05:35',2017,1,'2017-04-29 10:06:34',NULL,705,4,659,NULL),(2807,'2017-04-08 10:12:44','2017-04-15 10:12:44',2017,1,'2019-03-16 10:55:32',NULL,660,4,754,NULL),(2808,'2017-04-08 10:12:58','2017-04-15 10:12:58',2017,1,'2017-04-15 11:08:15',NULL,689,4,809,NULL),(2809,'2017-04-08 10:13:15','2017-04-15 10:13:15',2017,0,NULL,NULL,674,4,501,NULL),(2810,'2017-04-08 10:13:27','2017-04-15 10:13:27',2017,1,'2017-04-29 10:01:04',NULL,662,4,164,NULL),(2811,'2017-04-08 10:13:48','2017-04-15 10:13:48',2017,1,'2017-05-13 10:46:35',NULL,706,4,721,NULL),(2812,'2017-04-08 10:14:05','2017-04-15 10:14:05',2017,1,'2017-04-15 09:44:42',NULL,671,4,711,NULL),(2813,'2017-04-08 10:35:49','2017-04-15 10:35:49',2017,1,'2017-04-22 10:29:32',NULL,633,4,160,NULL),(2814,'2017-04-08 11:04:40','2017-04-15 11:04:40',2017,1,'2017-08-19 10:57:38',NULL,682,4,815,NULL),(2815,'2017-04-08 11:04:59','2017-04-15 11:04:59',2017,1,'2017-04-15 11:08:15',NULL,668,4,198,NULL),(2816,'2017-04-08 11:07:17','2017-04-15 11:07:17',2017,1,'2017-04-15 09:42:20',NULL,648,4,823,NULL),(2817,'2017-04-08 11:07:36','2017-04-15 11:07:36',2017,1,'2017-04-29 09:37:14',NULL,647,4,466,NULL),(2818,'2017-04-08 11:08:11','2017-04-15 11:08:11',2017,1,'2017-04-22 10:24:57',NULL,650,4,540,NULL),(2819,'2017-04-08 11:08:41','2017-04-15 11:08:41',2017,1,'2017-04-22 09:35:43',NULL,656,4,151,NULL),(2820,'2017-04-15 09:38:32','2017-04-22 09:38:32',2017,1,'2017-04-29 09:37:14',40,NULL,4,538,NULL),(2821,'2017-04-15 10:21:38','2017-04-22 10:21:38',2017,1,'2017-04-29 09:38:29',NULL,639,4,749,NULL),(2822,'2017-04-15 10:22:47','2017-04-22 10:22:47',2017,1,'2017-05-06 09:20:03',NULL,638,4,729,NULL),(2823,'2017-04-15 10:23:10','2017-04-22 10:23:10',2017,1,'2017-04-22 09:35:43',NULL,632,4,69,NULL),(2824,'2017-04-15 10:23:26','2017-04-22 10:23:26',2017,1,'2017-04-22 09:36:19',NULL,628,4,324,NULL),(2825,'2017-04-15 10:23:49','2017-04-22 10:23:49',2017,1,'2017-06-17 09:50:57',NULL,637,4,814,NULL),(2826,'2017-04-15 10:24:20','2017-04-22 10:24:20',2017,1,'2017-04-29 09:37:14',NULL,635,4,149,NULL),(2827,'2017-04-15 10:24:45','2017-04-22 10:24:45',2017,1,'2017-06-17 09:46:52',NULL,636,4,480,NULL),(2828,'2017-04-15 10:25:47','2017-04-22 10:25:47',2017,1,'2017-04-22 09:36:19',NULL,713,4,839,NULL),(2829,'2017-04-15 10:26:17','2017-04-22 10:26:17',2017,1,'2017-06-10 09:48:37',NULL,708,4,221,NULL),(2830,'2017-04-15 10:26:36','2017-04-22 10:26:36',2017,1,'2017-06-17 10:07:24',NULL,634,4,329,NULL),(2831,'2017-04-15 10:27:59','2017-04-22 10:27:59',2017,1,'2017-06-10 09:49:36',NULL,699,4,838,NULL),(2832,'2017-04-15 10:38:56','2017-04-22 10:38:56',2017,1,'2017-04-22 09:35:43',NULL,633,4,706,NULL),(2833,'2017-04-15 10:39:14','2017-04-22 10:39:14',2017,1,'2017-04-22 09:35:43',NULL,648,4,235,NULL),(2834,'2017-04-15 10:43:30','2017-04-22 10:43:30',2017,1,'2017-05-06 09:34:24',NULL,657,4,391,NULL),(2835,'2017-04-15 10:41:42','2017-04-22 10:41:42',2017,1,'2017-04-22 09:36:19',NULL,690,4,715,NULL),(2836,'2017-04-15 10:47:59','2017-04-22 10:47:59',2017,1,'2017-04-22 09:35:43',NULL,623,4,615,NULL),(2837,'2017-04-15 10:48:33','2017-04-22 10:48:33',2017,1,'2018-04-14 10:03:22',NULL,696,4,634,NULL),(2838,'2017-04-15 10:49:04','2017-04-22 10:49:04',2017,1,'2017-04-22 10:04:03',NULL,626,4,488,NULL),(2839,'2017-04-15 10:50:00','2017-04-22 10:50:00',2017,1,'2017-06-10 09:49:10',NULL,697,4,319,NULL),(2840,'2017-04-15 10:50:25','2017-04-22 10:50:25',2017,1,'2017-04-29 10:18:34',NULL,712,4,840,NULL),(2841,'2017-04-15 10:54:19','2017-04-22 10:54:19',2017,1,'2017-05-06 09:33:38',NULL,714,4,661,NULL),(2842,'2017-04-15 10:52:27','2017-04-22 10:52:27',2017,1,'2017-06-17 10:02:45',NULL,695,4,142,NULL),(2843,'2017-04-15 10:53:22','2017-04-22 10:53:22',2017,1,'2017-04-29 09:35:47',NULL,643,4,772,NULL),(2844,'2017-04-15 10:53:52','2017-04-22 10:53:52',2017,1,'2017-04-29 09:39:20',NULL,694,4,544,NULL),(2845,'2017-04-15 11:00:22','2017-04-22 11:00:22',2017,1,'2017-05-13 09:31:47',22,NULL,4,335,NULL),(2846,'2017-04-15 11:03:56','2017-04-22 11:03:56',2017,1,'2017-05-13 11:01:14',NULL,689,4,763,NULL),(2847,'2017-04-15 11:04:20','2017-04-22 11:04:20',2017,1,'2017-05-13 09:17:14',NULL,666,4,193,NULL),(2848,'2017-04-15 11:04:38','2017-04-22 11:04:38',2017,1,'2017-04-29 09:35:47',NULL,671,4,844,NULL),(2849,'2017-04-15 11:05:56','2017-04-22 11:05:56',2017,1,'2017-04-29 09:46:01',NULL,684,4,738,NULL),(2850,'2017-04-15 11:06:19','2017-04-22 11:06:19',2017,1,'2017-05-20 11:03:04',NULL,676,4,85,NULL),(2851,'2017-04-22 10:03:24','2017-04-29 10:03:24',2017,1,'2017-06-17 10:02:45',NULL,695,4,511,NULL),(2852,'2017-04-22 10:04:11','2017-04-29 10:04:11',2017,1,'2019-03-30 10:45:20',NULL,626,4,779,NULL),(2853,'2017-04-22 10:04:24','2017-04-29 10:04:24',2017,1,'2017-04-29 09:35:47',NULL,712,4,644,NULL),(2854,'2017-04-22 10:04:49','2017-04-29 10:04:49',2017,1,'2017-05-20 10:15:45',NULL,623,4,483,NULL),(2855,'2017-04-22 10:05:06','2017-04-29 10:05:06',2017,1,'2017-04-29 09:39:20',NULL,694,4,89,NULL),(2856,'2017-04-22 10:17:16','2017-04-29 10:17:16',2017,1,'2017-04-29 09:38:29',NULL,628,4,312,NULL),(2857,'2017-04-22 10:18:18','2017-04-29 10:18:18',2017,1,'2017-06-03 09:57:30',NULL,632,4,718,NULL),(2858,'2017-04-22 10:19:57','2017-04-29 10:19:57',2017,1,'2017-04-22 10:58:05',NULL,634,4,788,NULL),(2859,'2017-04-22 10:20:14','2017-04-29 10:20:14',2017,1,'2017-04-29 09:35:47',NULL,700,4,308,NULL),(2860,'2017-04-22 10:20:45','2017-04-29 10:20:45',2017,1,'2017-04-29 10:08:41',NULL,664,4,398,NULL),(2861,'2017-04-22 10:21:08','2017-04-29 10:21:08',2017,1,'2018-08-18 09:45:54',NULL,689,4,637,NULL),(2862,'2017-04-22 10:29:59','2017-04-29 10:29:59',2017,1,'2017-05-20 10:02:45',NULL,633,4,732,NULL),(2863,'2017-04-22 10:57:16','2017-04-29 10:57:16',2017,1,'2017-05-13 10:24:55',NULL,648,4,777,NULL),(2864,'2017-04-22 10:58:26','2017-04-29 10:58:26',2017,1,'2017-04-29 09:38:29',NULL,690,4,788,NULL),(2865,'2017-04-22 10:58:37','2017-04-29 10:58:37',2017,1,'2017-05-20 10:36:30',NULL,650,4,822,NULL),(2866,'2017-04-22 10:58:54','2017-04-29 10:58:54',2017,1,'2017-06-03 10:46:05',NULL,656,4,680,NULL),(2867,'2017-04-22 11:10:21','2017-04-29 11:10:21',2017,1,'2017-08-12 11:06:19',NULL,668,4,236,NULL),(2868,'2017-04-29 09:45:19','2017-05-06 09:45:19',2017,1,'2017-05-27 09:58:09',8,NULL,4,751,NULL),(2869,'2017-04-29 10:06:46','2017-05-06 10:06:46',2017,1,'2017-05-20 11:06:47',NULL,705,4,807,NULL),(2870,'2017-04-29 10:19:26','2017-05-06 10:19:26',2017,1,'2017-05-13 10:46:52',NULL,674,4,840,NULL),(2871,'2017-04-29 10:09:00','2017-05-06 10:09:00',2017,1,'2017-05-20 11:07:23',NULL,664,4,843,NULL),(2872,'2017-04-29 10:09:27','2017-05-06 10:09:27',2017,1,'2017-05-20 10:02:23',NULL,643,4,706,NULL),(2873,'2017-04-29 10:10:33','2017-05-06 10:10:33',2017,1,'2017-05-13 09:30:55',NULL,712,4,844,NULL),(2874,'2017-04-29 10:10:52','2017-05-06 10:10:52',2017,1,'2017-06-03 10:45:43',NULL,623,4,164,NULL),(2875,'2017-04-29 10:11:13','2017-05-06 10:11:13',2017,1,'2017-05-27 10:32:02',NULL,622,4,725,NULL),(2876,'2017-04-29 10:11:35','2017-05-06 10:11:35',2017,1,'2017-06-03 09:56:28',NULL,625,4,235,NULL),(2877,'2017-04-29 10:13:50','2017-05-06 10:13:50',2017,1,'2017-05-27 11:02:56',NULL,662,4,401,NULL),(2878,'2017-04-29 10:15:24','2017-05-06 10:15:24',2017,1,'2017-05-06 09:34:45',NULL,710,4,819,NULL),(2879,'2017-04-29 10:15:46','2017-05-06 10:15:46',2017,1,'2017-05-13 09:17:14',NULL,671,4,730,NULL),(2880,'2017-04-29 10:20:48','2017-05-06 10:20:48',2017,1,'2017-05-20 10:02:23',NULL,694,4,389,NULL),(2881,'2017-04-29 10:26:13','2017-05-06 10:26:13',2017,1,'2017-05-06 09:19:10',NULL,635,4,368,NULL),(2882,'2017-04-29 10:26:36','2017-05-06 10:26:36',2017,1,'2017-06-03 09:59:03',NULL,640,4,719,NULL),(2883,'2017-04-29 10:27:00','2017-05-06 10:27:00',2017,1,'2017-05-13 09:31:47',NULL,713,4,715,NULL),(2884,'2017-04-29 10:28:19','2017-05-06 10:28:19',2017,1,'2017-05-06 09:19:10',NULL,628,4,756,NULL),(2885,'2017-04-29 10:28:41','2017-05-06 10:28:41',2017,0,NULL,NULL,698,4,749,NULL),(2886,'2017-04-29 10:29:09','2017-05-06 10:29:09',2017,1,'2017-06-10 09:47:08',NULL,645,4,823,NULL),(2887,'2017-04-29 10:29:32','2017-05-06 10:29:32',2017,1,'2017-05-06 10:56:41',NULL,632,4,804,NULL),(2888,'2017-04-29 10:32:17','2017-05-06 10:32:17',2017,1,'2017-05-06 09:20:39',NULL,639,4,455,NULL),(2889,'2017-04-29 10:53:05','2017-05-06 10:53:05',2017,1,'2017-05-06 09:34:24',NULL,647,4,308,NULL),(2890,'2017-04-29 10:53:22','2017-05-06 10:53:22',2017,1,'2017-05-20 10:03:20',NULL,656,4,768,NULL),(2891,'2017-04-29 10:53:40','2017-05-06 10:53:40',2017,1,'2017-05-06 09:33:38',NULL,691,4,788,NULL),(2892,'2017-04-29 10:54:37','2017-05-06 10:54:37',2017,1,'2017-05-06 09:19:10',NULL,690,4,314,NULL),(2893,'2017-04-29 10:55:35','2017-05-06 10:55:35',2017,1,'2017-06-24 09:39:15',41,NULL,4,801,NULL),(2894,'2017-05-06 09:55:31','2017-05-13 09:55:31',2017,1,'2017-05-13 09:31:47',NULL,715,4,705,NULL),(2895,'2017-05-06 09:55:46','2017-05-13 09:55:46',2017,1,'2017-05-20 10:02:23',NULL,694,4,175,NULL),(2896,'2017-05-06 09:56:03','2017-05-13 09:56:03',2017,1,'2017-05-13 09:30:55',NULL,712,4,694,NULL),(2897,'2017-05-06 09:56:17','2017-05-13 09:56:17',2017,1,'2017-05-13 10:08:32',NULL,643,4,274,NULL),(2898,'2017-05-06 10:27:42','2017-05-13 10:27:42',2017,1,'2017-06-03 10:16:22',NULL,639,4,759,NULL),(2899,'2017-05-06 10:28:19','2017-05-13 10:28:19',2017,1,'2017-05-13 09:17:14',NULL,628,4,826,NULL),(2900,'2017-05-06 10:29:01','2017-05-13 10:29:01',2017,1,'2017-06-17 10:13:46',NULL,635,4,729,NULL),(2901,'2017-05-06 10:55:49','2017-05-13 10:55:49',2017,1,'2017-05-27 09:59:35',NULL,648,4,475,NULL),(2902,'2017-05-06 10:56:04','2017-05-13 10:56:04',2017,1,'2022-03-25 23:44:00',NULL,691,4,154,'baixa_pandemia_25_03_2022'),(2903,'2017-05-06 10:56:15','2017-05-13 10:56:15',2017,1,'2017-09-09 09:29:31',NULL,690,4,482,NULL),(2904,'2017-05-06 10:57:06','2017-05-13 10:57:06',2017,1,'2017-05-13 09:31:47',NULL,632,4,660,NULL),(2905,'2017-05-06 11:04:20','2017-05-13 11:04:20',2017,1,'2017-05-13 10:24:40',NULL,684,4,436,NULL),(2906,'2017-05-06 11:06:01','2017-05-13 11:06:01',2017,1,'2017-05-20 11:06:32',NULL,671,4,739,NULL),(2907,'2017-05-06 11:06:26','2017-05-13 11:06:26',2017,1,'2017-08-26 09:47:06',NULL,710,4,473,NULL),(2908,'2017-05-13 09:36:37','2017-05-20 09:36:37',2017,1,'2018-03-17 09:46:29',31,NULL,4,727,NULL),(2909,'2017-05-13 10:08:48','2017-05-20 10:08:48',2017,1,'2017-05-20 10:02:23',NULL,643,4,573,NULL),(2910,'2017-05-13 10:09:08','2017-05-20 10:09:08',2017,0,NULL,NULL,709,4,136,NULL),(2911,'2017-05-13 10:10:36','2017-05-20 10:10:36',2017,1,'2017-06-03 09:57:30',NULL,715,4,136,NULL),(2912,'2017-05-13 10:10:53','2017-05-20 10:10:53',2017,1,'2017-05-20 10:02:23',NULL,712,4,661,NULL),(2913,'2017-05-13 10:18:06','2017-05-20 10:18:06',2017,1,'2017-05-20 10:02:23',NULL,639,4,660,NULL),(2914,'2017-05-13 10:18:37','2017-05-20 10:18:37',2017,1,'2017-05-27 09:55:50',NULL,628,4,826,NULL),(2915,'2017-05-13 10:18:51','2017-05-20 10:18:51',2017,1,'2017-06-03 10:46:48',NULL,713,4,760,NULL),(2916,'2017-05-13 10:19:06','2017-05-20 10:19:06',2017,1,'2017-06-03 09:58:25',NULL,635,4,291,NULL),(2917,'2017-05-13 10:19:32','2017-05-20 10:19:32',2017,1,'2022-03-25 23:44:00',NULL,634,4,687,'baixa_pandemia_25_03_2022'),(2918,'2017-05-13 10:20:22','2017-05-20 10:20:22',2017,1,'2017-05-20 10:02:23',NULL,632,4,804,NULL),(2919,'2017-05-13 10:20:51','2017-05-20 10:20:51',2017,1,'2017-05-27 09:58:09',NULL,637,4,652,NULL),(2920,'2017-05-13 10:21:07','2017-05-20 10:21:07',2017,1,'2017-05-27 09:58:09',NULL,638,4,730,NULL),(2921,'2017-05-13 10:21:23','2017-05-20 10:21:23',2017,1,'2017-06-03 09:57:30',NULL,698,4,659,NULL),(2922,'2017-05-13 10:23:12','2017-05-20 10:23:12',2017,1,'2017-05-20 10:02:23',36,NULL,4,62,NULL),(2923,'2017-05-13 10:23:33','2017-05-20 10:23:33',2017,1,'2018-09-29 09:43:03',36,NULL,4,138,NULL),(2924,'2017-05-13 10:38:23','2017-05-20 10:38:23',2017,1,'2017-11-18 09:40:18',NULL,647,4,845,NULL),(2925,'2017-05-13 10:39:13','2017-05-20 10:39:13',2017,1,'2017-05-27 09:55:50',NULL,648,4,846,NULL),(2926,'2017-05-13 10:40:36','2017-05-20 10:40:36',2017,1,'2022-03-25 23:44:00',NULL,691,4,847,'baixa_pandemia_25_03_2022'),(2927,'2017-05-13 10:59:09','2017-05-20 10:59:09',2017,1,'2017-06-10 09:45:02',NULL,666,4,568,NULL),(2928,'2017-05-13 10:59:27','2017-05-20 10:59:27',2017,1,'2017-05-20 11:07:05',NULL,664,4,274,NULL),(2929,'2017-05-13 10:59:51','2017-05-20 10:59:51',2017,1,'2017-08-26 10:03:30',NULL,662,4,705,NULL),(2930,'2017-05-13 11:01:22','2017-05-20 11:01:22',2017,1,'2017-05-20 10:02:23',NULL,689,4,308,NULL),(2931,'2017-05-13 11:01:34','2017-05-20 11:01:34',2017,1,'2017-06-03 09:57:30',NULL,663,4,314,NULL),(2932,'2017-05-20 10:13:12','2017-05-27 10:13:12',2017,1,'2017-05-27 10:33:33',NULL,715,4,772,NULL),(2933,'2017-05-20 10:13:36','2017-05-27 10:13:36',2017,1,'2017-06-03 09:56:28',NULL,625,4,777,NULL),(2934,'2017-05-20 10:13:55','2017-05-27 10:13:55',2017,1,'2017-05-27 10:31:04',NULL,712,4,386,NULL),(2935,'2017-05-20 10:14:22','2017-05-27 10:14:22',2017,1,'2017-05-27 09:58:09',NULL,643,4,540,NULL),(2936,'2017-05-20 10:16:16','2017-05-27 10:16:16',2017,1,'2017-08-19 10:04:55',NULL,623,4,780,NULL),(2937,'2017-05-20 10:16:30','2017-05-27 10:16:30',2017,1,'2017-06-24 10:32:25',NULL,694,4,175,NULL),(2938,'2017-05-20 10:16:49','2017-05-27 10:16:49',2017,1,'2017-05-27 09:59:12',8,NULL,4,455,NULL),(2939,'2017-05-20 10:17:13','2017-05-27 10:17:13',2017,1,'2017-06-24 09:42:12',NULL,632,4,617,NULL),(2940,'2017-05-20 10:17:51','2017-05-27 10:17:51',2017,1,'2017-05-27 09:58:09',NULL,636,4,842,NULL),(2941,'2017-05-20 10:18:44','2017-05-27 10:18:44',2017,1,'2017-06-17 09:37:17',NULL,713,4,237,NULL),(2942,'2017-05-20 10:19:04','2017-05-27 10:19:04',2017,1,'2017-05-27 10:31:20',NULL,639,4,711,NULL),(2943,'2017-05-20 10:19:22','2017-05-27 10:19:22',2017,1,'2017-05-27 09:58:09',NULL,638,4,134,NULL),(2944,'2017-05-20 10:36:50','2017-05-27 10:36:50',2017,1,'2017-05-27 09:55:50',NULL,650,4,844,NULL),(2945,'2017-05-20 11:04:21','2017-05-27 11:04:21',2017,1,'2017-06-03 09:56:28',NULL,671,4,818,NULL),(2946,'2017-05-20 11:04:39','2017-05-27 11:04:39',2017,1,'2017-06-03 09:56:28',NULL,633,4,308,NULL),(2947,'2017-05-20 11:04:53','2017-05-27 11:04:53',2017,1,'2017-06-24 10:16:35',NULL,656,4,483,NULL),(2948,'2017-05-27 10:32:23','2017-06-03 10:32:23',2017,1,'2017-09-23 10:16:18',NULL,622,4,789,NULL),(2949,'2017-05-27 10:32:42','2017-06-03 10:32:42',2017,1,'2017-06-24 09:55:59',NULL,643,4,652,NULL),(2950,'2017-05-27 10:33:57','2017-06-03 10:33:57',2017,1,'2017-06-03 09:58:25',NULL,712,4,79,NULL),(2951,'2017-05-27 11:03:28','2017-06-03 11:03:28',2017,1,'2017-06-03 09:56:28',NULL,650,4,826,NULL),(2952,'2017-05-27 11:04:01','2017-06-03 11:04:01',2017,1,'2017-06-24 09:39:49',NULL,662,4,72,NULL),(2953,'2017-05-27 11:04:30','2017-06-03 11:04:30',2017,1,'2017-06-10 09:42:21',NULL,657,4,844,NULL),(2954,'2017-05-27 11:04:51','2017-06-03 11:04:51',2017,1,'2017-09-23 10:15:47',NULL,684,4,608,NULL),(2955,'2017-05-27 11:05:03','2017-06-03 11:05:03',2017,1,'2017-06-03 09:58:25',NULL,690,4,807,NULL),(2956,'2017-05-27 11:05:27','2017-06-03 11:05:27',2017,1,'2017-06-10 09:44:29',NULL,666,4,596,NULL),(2957,'2017-05-27 11:05:41','2017-06-03 11:05:41',2017,1,'2017-11-18 09:39:14',NULL,647,4,843,NULL),(2958,'2017-05-27 11:06:28','2017-06-03 11:06:28',2017,1,'2017-10-28 09:53:20',NULL,716,4,644,NULL),(2959,'2017-05-27 11:06:48','2017-06-03 11:06:48',2017,1,'2017-06-03 09:59:03',NULL,639,4,661,NULL),(2960,'2017-05-27 11:07:04','2017-06-03 11:07:04',2017,1,'2017-06-03 09:59:03',NULL,628,4,513,NULL),(2961,'2017-05-27 11:07:51','2017-06-03 11:07:51',2017,1,'2017-10-07 09:26:26',NULL,676,4,509,NULL),(2962,'2017-05-27 11:08:04','2017-06-03 11:08:04',2017,1,'2017-11-18 09:44:51',NULL,679,4,58,NULL),(2963,'2017-05-27 11:08:21','2017-06-03 11:08:21',2017,1,'2017-08-12 09:45:37',NULL,640,4,591,NULL),(2964,'2017-05-27 11:09:17','2017-06-03 11:09:17',2017,1,'2017-08-19 09:31:58',NULL,717,4,782,NULL),(2965,'2017-06-03 10:11:01','2017-06-10 10:11:01',2017,1,'2017-06-10 09:47:29',NULL,650,4,597,NULL),(2966,'2017-06-03 10:12:05','2017-06-10 10:12:05',2017,1,'2017-06-17 09:38:46',NULL,633,4,826,NULL),(2967,'2017-06-03 10:12:19','2017-06-10 10:12:19',2017,1,'2017-06-10 09:42:21',NULL,628,4,411,NULL),(2968,'2017-06-03 10:12:33','2017-06-10 10:12:33',2017,1,'2017-06-10 09:43:58',NULL,632,4,184,NULL),(2969,'2017-06-03 10:13:23','2017-06-10 10:13:23',2017,1,'2017-08-05 10:41:31',NULL,700,4,466,NULL),(2970,'2017-06-03 10:13:38','2017-06-10 10:13:38',2017,1,'2017-06-17 09:50:57',NULL,637,4,337,NULL),(2971,'2017-06-03 10:13:50','2017-06-10 10:13:50',2017,1,'2017-06-10 09:43:58',NULL,639,4,198,NULL),(2972,'2017-06-03 10:14:01','2017-06-10 10:14:01',2017,1,'2017-06-10 09:50:22',NULL,635,4,840,NULL),(2973,'2017-06-03 10:14:48','2017-06-10 10:14:48',2017,1,'2017-06-17 09:46:52',NULL,638,4,287,NULL),(2974,'2017-06-03 10:16:51','2017-06-10 10:16:51',2017,1,'2017-06-17 09:50:34',NULL,636,4,759,NULL),(2975,'2017-06-03 10:30:24','2017-06-10 10:30:24',2017,1,'2017-06-10 09:45:19',NULL,712,4,481,NULL),(2976,'2017-06-03 10:31:11','2017-06-10 10:31:11',2017,1,'2017-06-10 09:45:54',NULL,625,4,808,NULL),(2977,'2017-06-03 10:31:58','2017-06-10 10:31:58',2017,1,'2017-06-17 09:44:52',NULL,643,4,580,NULL),(2978,'2017-06-03 10:32:16','2017-06-10 10:32:16',2017,1,'2017-06-10 09:42:21',NULL,715,4,274,NULL),(2979,'2017-06-03 10:33:18','2017-06-10 10:33:18',2017,1,'2017-10-07 10:06:47',30,NULL,4,168,NULL),(2980,'2017-06-10 10:12:45','2017-06-17 10:12:45',2017,1,'2017-08-26 10:31:32',NULL,694,4,314,NULL),(2981,'2017-06-10 10:15:52','2017-06-17 10:15:52',2017,1,'2017-06-17 09:38:46',NULL,712,4,726,NULL),(2982,'2017-06-10 10:16:14','2017-06-17 10:16:14',2017,1,'2017-06-17 09:40:13',NULL,625,4,615,NULL),(2983,'2017-06-10 10:17:29','2017-06-17 10:17:29',2017,1,'2018-08-04 10:02:32',NULL,697,4,831,NULL),(2984,'2017-06-10 10:17:52','2017-06-17 10:17:52',2017,1,'2017-08-05 09:58:04',NULL,715,4,763,NULL),(2985,'2017-06-10 10:22:59','2017-06-17 10:22:59',2017,1,'2019-04-06 09:45:23',NULL,699,4,838,NULL),(2986,'2017-06-10 10:23:21','2017-06-17 10:23:21',2017,1,'2017-08-05 09:59:54',NULL,645,4,680,NULL),(2987,'2017-06-10 10:24:01','2017-06-17 10:24:01',2017,1,'2017-06-17 09:40:13',NULL,639,4,252,NULL),(2988,'2017-06-10 10:24:17','2017-06-17 10:24:17',2017,1,'2017-08-05 09:58:51',NULL,628,4,642,NULL),(2989,'2017-06-10 10:24:40','2017-06-17 10:24:40',2017,1,'2017-06-24 09:39:49',NULL,632,4,394,NULL),(2990,'2017-06-10 10:25:03','2017-06-17 10:25:03',2017,1,'2017-06-17 09:50:34',NULL,638,4,768,NULL),(2991,'2017-06-10 10:25:26','2017-06-17 10:25:26',2017,1,'2017-06-24 09:40:31',NULL,631,4,660,NULL),(2992,'2017-06-10 10:25:47','2017-06-17 10:25:47',2017,1,'2018-08-04 10:02:32',NULL,708,4,289,NULL),(2993,'2017-06-10 10:26:28','2017-06-17 10:26:28',2017,1,'2017-06-17 09:40:13',NULL,635,4,517,NULL),(2994,'2017-06-10 10:50:22','2017-06-17 10:50:22',2017,1,'2017-06-24 09:40:31',NULL,648,4,732,NULL),(2995,'2017-06-10 10:50:50','2017-06-17 10:50:50',2017,1,'2017-08-12 09:35:39',NULL,657,4,844,NULL),(2996,'2017-06-10 10:51:12','2017-06-17 10:51:12',2017,1,'2017-06-17 09:38:46',NULL,650,4,777,NULL),(2997,'2017-06-10 10:51:43','2017-06-17 10:51:43',2017,1,'2017-06-17 09:40:38',NULL,718,4,798,NULL),(2998,'2017-06-10 10:53:56','2017-06-17 10:53:56',2017,1,'2017-08-05 10:42:31',8,NULL,4,822,NULL),(2999,'2017-06-17 09:58:53','2017-06-24 09:58:53',2017,1,'2017-06-24 09:41:19',NULL,712,4,694,NULL),(3000,'2017-06-17 09:59:29','2017-06-24 09:59:29',2017,1,'2017-08-26 09:39:07',NULL,625,4,89,NULL),(3001,'2017-06-17 10:00:13','2017-06-24 10:00:13',2017,1,'2017-06-24 09:55:59',NULL,643,4,770,NULL),(3002,'2017-06-17 10:00:47','2017-06-24 10:00:47',2017,1,'2017-06-24 09:41:46',NULL,715,4,386,NULL),(3003,'2017-06-17 10:03:04','2017-06-24 10:03:04',2017,1,'2022-03-25 23:44:00',NULL,695,4,724,'baixa_pandemia_25_03_2022'),(3004,'2017-06-17 10:06:24','2017-06-24 10:06:24',2017,1,'2017-06-24 09:41:19',NULL,639,4,391,NULL),(3005,'2017-06-17 10:06:52','2017-06-24 10:06:52',2017,1,'2017-06-24 09:39:49',NULL,628,4,726,NULL),(3006,'2017-06-17 10:07:36','2017-06-24 10:07:36',2017,1,'2017-08-19 09:30:15',NULL,634,4,686,NULL),(3007,'2017-06-17 10:07:55','2017-06-24 10:07:55',2017,1,'2017-06-24 09:39:15',NULL,635,4,287,NULL),(3008,'2017-06-17 10:08:15','2017-06-24 10:08:15',2017,1,'2017-08-19 09:36:50',NULL,636,4,786,NULL),(3009,'2017-06-17 10:08:34','2017-06-24 10:08:34',2017,1,'2017-06-24 09:41:19',NULL,698,4,131,NULL),(3010,'2017-06-17 10:08:52','2017-06-24 10:08:52',2017,1,'2017-08-05 09:58:34',NULL,637,4,189,NULL),(3011,'2017-06-17 10:57:25','2017-06-24 10:57:25',2017,1,'2017-06-24 09:40:31',NULL,671,4,848,NULL),(3012,'2017-06-17 11:02:25','2017-06-24 11:02:25',2017,1,'2017-06-24 09:42:12',NULL,650,4,807,NULL),(3013,'2017-06-17 11:05:28','2017-06-24 11:05:28',2017,1,'2017-06-24 09:41:19',NULL,674,4,839,NULL),(3014,'2017-06-24 10:14:07','2017-07-01 10:14:07',2017,1,'2017-08-05 09:59:06',NULL,712,4,617,NULL),(3015,'2017-06-24 10:14:32','2017-07-01 10:14:32',2017,1,'2017-08-19 09:43:45',NULL,715,4,840,NULL),(3016,'2017-06-24 10:14:55','2017-07-01 10:14:55',2017,1,'2017-09-09 09:29:31',NULL,623,4,506,NULL),(3017,'2017-06-24 10:15:18','2017-07-01 10:15:18',2017,1,'2017-09-09 09:43:19',NULL,643,4,842,NULL),(3018,'2017-06-24 10:16:05','2017-07-01 10:16:05',2017,1,'2017-08-05 10:14:16',NULL,717,4,768,NULL),(3019,'2017-06-24 10:42:33','2017-07-01 10:42:33',2017,1,'2017-09-02 09:50:53',NULL,639,4,770,NULL),(3020,'2017-06-24 10:42:56','2017-07-01 10:42:56',2017,1,'2017-08-12 09:36:39',NULL,635,4,325,NULL),(3021,'2017-06-24 10:43:17','2017-07-01 10:43:17',2017,1,'2017-08-05 09:57:33',NULL,637,4,131,NULL),(3022,'2017-06-24 10:43:46','2017-07-01 10:43:46',2017,1,'2017-08-19 09:37:13',NULL,638,4,788,NULL),(3023,'2017-06-24 10:44:10','2017-07-01 10:44:10',2017,1,'2017-08-05 09:59:36',NULL,632,4,164,NULL),(3024,'2017-06-24 10:44:42','2017-07-01 10:44:42',2017,1,'2017-08-12 09:51:55',NULL,640,4,694,NULL),(3025,'2017-06-24 10:45:01','2017-07-01 10:45:01',2017,1,'2017-08-19 09:30:46',NULL,628,4,841,NULL),(3026,'2017-06-24 10:47:20','2017-07-01 10:47:20',2017,1,'2017-08-05 10:29:37',NULL,636,4,772,NULL),(3027,'2017-06-24 10:47:42','2017-07-01 10:47:42',2017,1,'2017-08-26 11:10:30',NULL,698,4,706,NULL),(3028,'2017-06-24 10:48:09','2017-07-01 10:48:09',2017,1,'2017-08-05 09:58:18',NULL,631,4,660,NULL),(3029,'2017-08-04 22:46:52','2017-08-11 22:46:52',2017,0,NULL,NULL,625,4,517,NULL),(3030,'2017-08-05 10:10:28','2017-08-12 10:10:28',2017,1,'2017-08-19 09:30:15',NULL,712,4,725,NULL),(3031,'2017-08-05 10:10:50','2017-08-12 10:10:50',2017,1,'2017-08-12 09:35:39',NULL,643,4,749,NULL),(3032,'2017-08-05 10:11:20','2017-08-12 10:11:20',2017,1,'2017-08-12 09:35:39',NULL,696,4,717,NULL),(3033,'2017-08-05 10:12:48','2017-08-12 10:12:48',2017,1,'2017-08-19 09:43:45',NULL,715,4,389,NULL),(3034,'2017-08-05 10:14:25','2017-08-12 10:14:25',2017,1,'2017-09-02 09:51:42',NULL,717,4,751,NULL),(3035,'2017-08-05 10:27:14','2017-08-12 10:27:14',2017,1,'2017-08-19 09:44:00',NULL,632,4,760,NULL),(3036,'2017-08-05 10:27:31','2017-08-12 10:27:31',2017,1,'2017-08-12 09:36:22',NULL,628,4,729,NULL),(3037,'2017-08-05 10:28:23','2017-08-12 10:28:23',2017,1,'2017-08-26 09:37:12',NULL,645,4,615,NULL),(3038,'2017-08-05 10:28:45','2017-08-12 10:28:45',2017,1,'2017-08-19 09:38:01',NULL,637,4,308,NULL),(3039,'2017-08-05 10:28:59','2017-08-12 10:28:59',2017,1,'2017-08-19 09:30:15',NULL,635,4,814,NULL),(3040,'2017-08-05 10:29:15','2017-08-12 10:29:15',2017,1,'2017-08-12 09:36:22',NULL,638,4,826,NULL),(3041,'2017-08-05 10:29:44','2017-08-12 10:29:44',2017,1,'2017-10-28 09:36:03',NULL,636,4,540,NULL),(3042,'2017-08-05 10:29:57','2017-08-12 10:29:57',2017,1,'2017-08-12 09:36:22',NULL,639,4,486,NULL),(3043,'2017-08-05 10:30:11','2017-08-12 10:30:11',2017,1,'2017-08-26 00:00:00',NULL,648,4,659,NULL),(3044,'2017-08-05 10:30:21','2017-08-12 10:30:21',2017,1,'2017-08-12 09:38:28',NULL,650,4,324,NULL),(3045,'2017-08-12 09:58:53','2017-08-19 09:58:53',2017,1,'2017-08-19 10:14:50',NULL,696,4,680,NULL),(3046,'2017-08-12 10:00:08','2017-08-19 10:00:08',2017,1,'2017-08-26 09:39:43',NULL,625,4,844,NULL),(3047,'2017-08-12 10:00:38','2017-08-19 10:00:38',2017,1,'2017-08-26 09:39:43',NULL,643,4,715,NULL),(3048,'2017-08-12 10:01:45','2017-08-19 10:01:45',2017,1,'2017-09-02 09:53:36',NULL,694,4,704,NULL),(3049,'2017-08-12 10:50:30','2017-08-19 10:50:30',2017,1,'2017-08-19 11:00:51',40,NULL,4,661,NULL),(3050,'2017-08-12 11:01:34','2017-08-19 11:01:34',2017,1,'2017-08-19 10:18:40',NULL,690,4,811,NULL),(3051,'2017-08-12 11:01:50','2017-08-19 11:01:50',2017,1,'2017-08-26 10:01:25',NULL,650,4,144,NULL),(3052,'2017-08-12 11:02:28','2017-08-19 11:02:28',2017,1,'2017-08-19 09:33:04',NULL,657,4,826,NULL),(3053,'2017-08-12 11:04:00','2017-08-19 11:04:00',2017,1,'2017-08-19 09:30:15',NULL,639,4,854,NULL),(3054,'2017-08-12 11:04:47','2017-08-19 11:04:47',2017,1,'2017-08-26 11:10:04',NULL,674,4,377,NULL),(3055,'2017-08-12 11:05:05','2017-08-19 11:05:05',2017,1,'2017-08-19 09:30:15',NULL,671,4,839,NULL),(3056,'2017-08-12 11:05:30','2017-08-19 11:05:30',2017,1,'2017-08-19 09:30:15',NULL,689,4,759,NULL),(3057,'2017-08-12 11:07:43','2017-08-19 11:07:43',2017,1,'2017-08-19 09:37:42',NULL,637,4,822,NULL),(3058,'2017-08-12 11:08:03','2017-08-19 11:08:03',2017,1,'2017-08-19 09:37:28',NULL,638,4,589,NULL),(3059,'2017-08-12 11:09:54','2017-08-19 11:09:54',2017,1,'2017-09-02 10:16:56',NULL,705,4,633,NULL),(3060,'2017-08-19 10:11:28','2017-08-26 10:11:28',2017,1,'2017-09-02 09:50:53',NULL,712,4,749,NULL),(3061,'2017-08-19 10:12:00','2017-08-26 10:12:00',2017,1,'2017-08-26 09:40:06',NULL,715,4,652,NULL),(3062,'2017-08-19 10:12:56','2017-08-26 10:12:56',2017,1,'2022-03-25 23:44:00',NULL,719,4,807,'baixa_pandemia_25_03_2022'),(3063,'2017-08-19 10:14:02','2017-08-26 10:14:02',2017,1,'2017-11-11 09:44:54',NULL,623,4,400,NULL),(3064,'2017-08-19 10:14:22','2017-08-26 10:14:22',2017,1,'2017-09-02 09:51:55',NULL,717,4,307,NULL),(3065,'2017-08-19 10:15:01','2017-08-26 10:15:01',2017,1,'2017-08-26 09:39:07',NULL,696,4,822,NULL),(3066,'2017-08-19 10:18:48','2017-08-26 10:18:48',2017,1,'2017-09-02 09:50:53',NULL,690,4,839,NULL),(3067,'2017-08-19 10:19:04','2017-08-26 10:19:04',2017,1,'2017-08-26 09:37:12',NULL,628,4,335,NULL),(3068,'2017-08-19 10:19:17','2017-08-26 10:19:17',2017,1,'2017-09-02 09:52:57',NULL,640,4,782,NULL),(3069,'2017-08-19 10:19:33','2017-08-26 10:19:33',2017,1,'2017-08-26 09:37:12',NULL,657,4,777,NULL),(3070,'2017-08-19 10:19:50','2017-08-26 10:19:50',2017,1,'2017-08-26 09:40:06',NULL,632,4,854,NULL),(3071,'2017-08-19 10:20:02','2017-08-26 10:20:02',2017,1,'2017-09-02 09:50:53',NULL,639,4,841,NULL),(3072,'2017-08-19 10:20:15','2017-08-26 10:20:15',2017,1,'2017-08-26 09:39:43',NULL,635,4,729,NULL),(3073,'2017-08-19 10:21:13','2017-08-26 10:21:13',2017,1,'2017-09-02 09:50:53',NULL,633,4,384,NULL),(3074,'2017-08-19 10:21:24','2017-08-26 10:21:24',2017,1,'2017-08-26 09:40:27',NULL,637,4,401,NULL),(3075,'2017-08-19 10:21:40','2017-08-26 10:21:40',2017,1,'2017-08-26 09:40:27',NULL,638,4,702,NULL),(3076,'2017-08-19 10:21:59','2017-08-26 10:21:59',2017,1,'2017-08-26 09:40:44',NULL,636,4,814,NULL),(3077,'2017-08-19 10:22:34','2017-08-26 10:22:34',2017,1,'2017-10-14 09:28:16',NULL,631,4,605,NULL),(3078,'2017-08-19 10:22:47','2017-08-26 10:22:47',2017,1,'2017-09-09 09:39:01',NULL,700,4,678,NULL),(3079,'2017-08-19 10:57:53','2017-08-26 10:57:53',2017,1,'2017-09-09 09:30:49',NULL,666,4,815,NULL),(3080,'2017-08-19 10:58:57','2017-08-26 10:58:57',2017,1,'2017-08-26 09:39:07',NULL,689,4,466,NULL),(3081,'2017-08-19 10:59:29','2017-08-26 10:59:29',2017,1,'2018-06-30 09:56:00',NULL,664,4,124,NULL),(3082,'2017-08-19 11:00:10','2017-08-26 11:00:10',2017,1,'2017-09-02 09:50:53',NULL,681,4,858,NULL),(3083,'2017-08-19 11:00:29','2017-08-26 11:00:29',2017,1,'2017-10-07 09:11:12',NULL,684,4,855,NULL),(3084,'2017-08-19 11:01:16','2017-08-26 11:01:16',2017,1,'2017-08-26 09:39:07',NULL,671,4,819,NULL),(3085,'2017-08-19 11:01:47','2017-08-26 11:01:47',2017,1,'2017-08-26 10:03:30',NULL,710,4,857,NULL),(3086,'2017-08-19 11:02:10','2017-08-26 11:02:10',2017,1,'2019-11-09 10:47:17',40,NULL,4,756,NULL),(3087,'2017-08-19 11:02:37','2017-08-26 11:02:37',2017,1,'2017-08-26 10:03:30',NULL,662,4,818,NULL),(3088,'2017-08-19 11:03:51','2017-08-26 11:03:51',2017,1,'2017-08-26 09:37:12',NULL,682,4,826,NULL),(3089,'2017-08-26 10:14:40','2017-09-02 10:14:40',2017,1,'2017-09-09 09:31:51',NULL,648,4,475,NULL),(3090,'2017-08-26 10:15:00','2017-09-02 10:15:00',2017,1,'2017-09-09 09:31:07',NULL,650,4,642,NULL),(3091,'2017-08-26 10:15:18','2017-09-02 10:15:18',2017,1,'2017-09-09 09:38:47',NULL,657,4,811,NULL),(3092,'2017-08-26 10:27:51','2017-09-02 10:27:51',2017,1,'2018-03-10 09:51:38',NULL,715,4,668,NULL),(3093,'2017-08-26 10:28:12','2017-09-02 10:28:12',2017,1,'2017-09-16 09:47:42',NULL,625,4,759,NULL),(3094,'2017-08-26 10:28:34','2017-09-02 10:28:34',2017,1,'2018-04-14 10:03:22',NULL,696,4,816,NULL),(3095,'2017-08-26 10:29:14','2017-09-02 10:29:14',2017,1,'2017-09-23 11:08:57',NULL,622,4,652,NULL),(3096,'2017-08-26 10:30:56','2017-09-02 10:30:56',2017,1,'2017-09-09 09:43:38',NULL,643,4,329,NULL),(3097,'2017-08-26 10:31:54','2017-09-02 10:31:54',2017,1,'2017-09-02 09:53:23',NULL,694,4,544,NULL),(3098,'2017-08-26 10:32:20','2017-09-02 10:32:20',2017,1,'2017-09-02 09:50:53',NULL,635,4,308,NULL),(3099,'2017-08-26 10:32:48','2017-09-02 10:32:48',2017,1,'2017-09-02 09:52:44',NULL,645,4,325,NULL),(3100,'2017-08-26 10:33:03','2017-09-02 10:33:03',2017,1,'2017-09-16 09:46:24',NULL,632,4,189,NULL),(3101,'2017-08-26 10:33:23','2017-09-02 10:33:23',2017,1,'2017-09-02 09:53:09',NULL,628,4,768,NULL),(3102,'2017-08-26 10:33:38','2017-09-02 10:33:38',2017,1,'2017-09-02 09:50:53',NULL,637,4,287,NULL),(3103,'2017-08-26 10:35:08','2017-09-02 10:35:08',2017,1,'2017-09-02 09:50:53',NULL,636,4,790,NULL),(3104,'2017-08-26 10:35:30','2017-09-02 10:35:30',2017,1,'2017-09-09 09:30:32',NULL,698,4,617,NULL),(3105,'2017-08-26 10:35:52','2017-09-02 10:35:52',2017,1,'2017-10-14 09:28:01',NULL,700,4,729,NULL),(3106,'2017-08-26 10:38:18','2017-09-02 10:38:18',2017,1,'2018-03-03 10:16:41',NULL,638,4,659,NULL),(3107,'2017-08-26 11:06:06','2017-09-02 11:06:06',2017,1,'2022-03-25 23:44:00',NULL,706,4,466,'baixa_pandemia_25_03_2022'),(3108,'2017-08-26 11:07:03','2017-09-02 11:07:03',2017,1,'2017-09-02 09:50:53',NULL,671,4,857,NULL),(3109,'2017-08-26 11:07:49','2017-09-02 11:07:49',2017,1,'2017-09-02 10:18:13',NULL,674,4,827,NULL),(3110,'2017-08-26 11:08:46','2017-09-02 11:08:46',2017,1,'2017-09-30 10:14:54',NULL,668,4,856,NULL),(3111,'2017-08-26 11:09:19','2017-09-02 11:09:19',2017,1,'2017-09-23 11:08:33',NULL,662,4,818,NULL),(3112,'2017-08-26 11:09:43','2017-09-02 11:09:43',2017,1,'2017-09-16 09:48:47',NULL,682,4,844,NULL),(3113,'2017-09-02 10:12:32','2017-09-09 10:12:32',2017,1,'2022-03-25 23:44:00',NULL,697,4,340,'baixa_pandemia_25_03_2022'),(3114,'2017-09-02 10:13:32','2017-09-09 10:13:32',2017,1,'2017-09-09 09:31:28',NULL,712,4,768,NULL),(3115,'2017-09-02 10:13:56','2017-09-09 10:13:56',2017,1,'2017-09-16 09:48:01',NULL,625,4,749,NULL),(3116,'2017-09-02 10:14:20','2017-09-09 10:14:20',2017,1,'2017-09-09 09:29:31',NULL,694,4,809,NULL),(3117,'2017-09-02 10:14:34','2017-09-09 10:14:34',2017,1,'2017-09-16 09:56:32',NULL,715,4,705,NULL),(3118,'2017-09-02 10:14:55','2017-09-09 10:14:55',2017,1,'2017-09-30 10:11:01',NULL,717,4,822,NULL),(3119,'2017-09-02 10:16:00','2017-09-09 10:16:00',2017,1,'2017-11-18 10:13:23',NULL,666,4,106,NULL),(3120,'2017-09-02 10:16:30','2017-09-09 10:16:30',2017,1,'2017-10-07 09:26:41',NULL,664,4,184,NULL),(3121,'2017-09-02 10:17:02','2017-09-09 10:17:02',2017,1,'2017-09-16 11:07:42',NULL,705,4,420,NULL),(3122,'2017-09-02 10:17:45','2017-09-09 10:17:45',2017,1,'2017-09-09 09:38:22',NULL,689,4,858,NULL),(3123,'2017-09-02 10:19:07','2017-09-09 10:19:07',2017,1,'2017-09-23 09:33:05',NULL,674,4,519,NULL),(3124,'2017-09-02 10:19:08','2017-09-09 10:19:08',2017,1,'2017-09-09 09:30:10',NULL,674,4,519,NULL),(3125,'2017-09-02 10:23:36','2017-09-09 10:23:36',2017,1,'2018-03-24 11:04:29',NULL,710,4,371,NULL),(3126,'2017-09-02 10:23:53','2017-09-09 10:23:53',2017,1,'2017-10-07 10:48:07',NULL,671,4,783,NULL),(3127,'2017-09-02 10:24:37','2017-09-09 10:24:37',2017,1,'2017-09-09 09:39:17',NULL,721,4,198,NULL),(3128,'2017-09-02 10:45:45','2017-09-09 10:45:45',2017,1,'2017-09-16 09:48:18',NULL,633,4,633,NULL),(3129,'2017-09-09 09:39:54','2017-09-16 09:39:54',2017,1,'2018-03-17 09:46:29',31,NULL,4,635,NULL),(3130,'2017-09-09 10:12:50','2017-09-16 10:12:50',2017,1,'2017-09-30 10:06:42',NULL,643,4,861,NULL),(3131,'2017-09-09 10:13:21','2017-09-16 10:13:21',2017,1,'2017-09-16 09:46:24',NULL,712,4,826,NULL),(3132,'2017-09-09 10:13:36','2017-09-16 10:13:36',2017,1,'2018-03-03 09:55:45',NULL,623,4,777,NULL),(3133,'2017-09-09 10:13:51','2017-09-16 10:13:51',2017,1,'2017-10-07 09:24:58',NULL,694,4,398,NULL),(3134,'2017-09-09 10:40:00','2017-09-16 10:40:00',2017,1,'2018-03-24 10:07:29',NULL,645,4,656,NULL),(3135,'2017-09-09 10:36:54','2017-09-16 10:36:54',2017,1,'2017-10-07 10:05:29',NULL,632,4,655,NULL),(3136,'2017-09-09 10:37:05','2017-09-16 10:37:05',2017,1,'2017-09-16 09:47:09',NULL,628,4,136,NULL),(3137,'2017-09-09 10:37:22','2017-09-16 10:37:22',2017,1,'2017-09-16 09:46:24',NULL,639,4,706,NULL),(3138,'2017-09-09 10:38:26','2017-09-16 10:38:26',2017,1,'2017-09-16 09:49:13',NULL,698,4,175,NULL),(3139,'2017-09-09 11:01:24','2017-09-16 11:01:24',2017,1,'2017-09-30 10:11:51',NULL,657,4,798,NULL),(3140,'2017-09-09 11:01:40','2017-09-16 11:01:40',2017,1,'2017-09-16 09:47:25',NULL,648,4,482,NULL),(3141,'2017-09-09 11:02:02','2017-09-16 11:02:02',2017,1,'2017-10-07 09:12:06',NULL,650,4,241,NULL),(3142,'2017-09-09 11:02:19','2017-09-16 11:02:19',2017,1,'2017-11-11 09:44:54',NULL,656,4,496,NULL),(3143,'2017-09-09 11:02:52','2017-09-16 11:02:52',2017,1,'2017-09-30 10:12:30',NULL,668,4,858,NULL),(3144,'2017-09-09 11:06:22','2017-09-16 11:06:22',2017,1,'2017-11-18 09:44:51',NULL,679,4,720,NULL),(3145,'2017-09-16 09:54:13','2017-09-23 09:54:13',2017,1,'2017-09-23 09:33:05',NULL,694,4,842,NULL),(3146,'2017-09-16 09:55:53','2017-09-23 09:55:53',2017,1,'2017-09-30 10:09:16',NULL,712,4,511,NULL),(3147,'2017-09-16 09:56:12','2017-09-23 09:56:12',2017,1,'2017-09-30 10:13:46',NULL,643,4,759,NULL),(3148,'2017-09-16 09:56:59','2017-09-23 09:56:59',2017,1,'2017-09-23 09:33:05',NULL,715,4,772,NULL),(3149,'2017-09-16 09:57:11','2017-09-23 09:57:11',2017,1,'2017-09-23 09:33:05',NULL,625,4,136,NULL),(3150,'2017-09-16 10:10:10','2017-09-23 10:10:10',2017,1,'2017-10-07 09:09:34',NULL,639,4,287,NULL),(3151,'2017-09-16 10:10:32','2017-09-23 10:10:32',2017,1,'2017-09-30 10:31:52',NULL,698,4,476,NULL),(3152,'2017-09-16 10:10:48','2017-09-23 10:10:48',2017,1,'2017-09-23 09:31:56',NULL,628,4,853,NULL),(3153,'2017-09-16 10:11:05','2017-09-23 10:11:05',2017,1,'2017-09-23 09:33:38',NULL,632,4,538,NULL),(3154,'2017-09-16 10:11:17','2017-09-23 10:11:17',2017,1,'2017-09-30 10:14:17',NULL,640,4,78,NULL),(3155,'2017-09-16 10:12:09','2017-09-23 10:12:09',2017,1,'2017-09-30 10:11:31',NULL,722,4,131,NULL),(3156,'2017-09-16 10:12:23','2017-09-23 10:12:23',2017,1,'2017-09-23 09:34:11',NULL,635,4,597,NULL),(3157,'2017-09-16 10:12:44','2017-09-23 10:12:44',2017,1,'2018-11-17 10:03:18',NULL,699,4,678,NULL),(3158,'2017-09-16 11:01:38','2017-09-23 11:01:38',2017,1,'2017-09-30 10:12:17',NULL,648,4,827,NULL),(3159,'2017-09-16 11:01:55','2017-09-23 11:01:55',2017,1,'2017-09-23 09:33:55',NULL,671,4,482,NULL),(3160,'2017-09-16 11:02:49','2017-09-23 11:02:49',2017,1,'2017-10-07 09:27:19',NULL,633,4,844,NULL),(3161,'2017-09-16 11:07:51','2017-09-23 11:07:51',2017,1,'2017-09-23 10:19:13',NULL,705,4,680,NULL),(3162,'2017-09-23 10:16:03','2017-09-30 10:16:03',2017,1,'2017-09-30 10:14:40',NULL,717,4,384,NULL),(3163,'2017-09-23 10:16:26','2017-09-30 10:16:26',2017,1,'2018-03-17 10:31:23',NULL,622,4,308,NULL),(3164,'2017-09-23 10:16:36','2017-09-30 10:16:36',2017,1,'2017-11-04 10:07:35',NULL,694,4,314,NULL),(3165,'2017-09-23 10:17:03','2017-09-30 10:17:03',2017,1,'2017-09-30 10:08:55',NULL,712,4,394,NULL),(3166,'2017-09-23 10:17:42','2017-09-30 10:17:42',2017,1,'2017-10-07 09:25:46',NULL,625,4,842,NULL),(3167,'2017-09-23 10:18:34','2017-09-30 10:18:34',2017,1,'2017-09-30 10:15:18',NULL,723,4,236,NULL),(3168,'2017-09-23 10:21:37','2017-09-30 10:21:37',2017,1,'2017-10-07 09:09:57',NULL,639,4,680,NULL),(3169,'2017-09-23 10:22:03','2017-09-30 10:22:03',2017,1,'2017-09-30 10:11:17',NULL,628,4,763,NULL),(3170,'2017-09-23 10:22:42','2017-09-30 10:22:42',2017,1,'2017-11-11 09:44:54',NULL,640,4,768,NULL),(3171,'2017-09-23 10:22:55','2017-09-30 10:22:55',2017,1,'2017-09-30 10:28:06',NULL,638,4,730,NULL),(3172,'2017-09-23 10:23:08','2017-09-30 10:23:08',2017,1,'2017-09-30 10:13:29',NULL,635,4,852,NULL),(3173,'2017-09-23 10:23:20','2017-09-30 10:23:20',2017,1,'2017-10-14 09:30:41',NULL,632,4,848,NULL),(3174,'2017-09-23 10:23:29','2017-09-30 10:23:29',2017,1,'2017-09-30 10:28:18',NULL,637,4,517,NULL),(3175,'2017-09-23 10:23:41','2017-09-30 10:23:41',2017,1,'2017-09-30 10:31:44',NULL,698,4,772,NULL),(3176,'2017-09-23 10:24:26','2017-09-30 10:24:26',2017,1,'2017-09-30 10:14:02',NULL,724,4,811,NULL),(3177,'2017-09-23 10:24:48','2017-09-30 10:24:48',2017,1,'2017-09-30 10:27:50',NULL,636,4,788,NULL),(3178,'2017-09-23 10:25:00','2017-09-30 10:25:00',2017,1,'2017-09-30 10:27:35',NULL,722,4,142,NULL),(3179,'2017-09-23 10:27:50','2017-09-30 10:27:50',2017,1,'2017-10-14 09:29:10',8,NULL,4,431,NULL),(3180,'2017-09-23 10:59:04','2017-09-30 10:59:04',2017,1,'2017-09-30 10:32:15',NULL,674,4,839,NULL),(3181,'2017-09-23 11:01:42','2017-09-30 11:01:42',2017,1,'2017-09-30 10:12:56',NULL,671,4,486,NULL),(3182,'2017-09-23 11:01:59','2017-09-30 11:01:59',2017,1,'2017-09-30 11:01:04',NULL,720,4,519,NULL),(3183,'2017-09-23 11:02:43','2017-09-30 11:02:43',2017,1,'2017-10-07 09:13:10',NULL,650,4,198,NULL),(3184,'2017-09-30 10:08:04','2017-10-07 10:08:04',2017,1,'2017-10-07 10:05:44',NULL,715,4,705,NULL),(3185,'2017-09-30 10:08:28','2017-10-07 10:08:28',2017,1,'2018-03-17 10:21:15',NULL,643,4,130,NULL),(3186,'2017-09-30 10:09:45','2017-10-07 10:09:45',2017,1,'2017-10-14 09:19:41',NULL,712,4,787,NULL),(3187,'2017-09-30 10:29:45','2017-10-07 10:29:45',2017,1,'2017-10-14 09:29:43',NULL,640,4,599,NULL),(3188,'2017-09-30 10:29:59','2017-10-07 10:29:59',2017,1,'2017-10-07 09:09:14',NULL,628,4,814,NULL),(3189,'2017-09-30 10:30:30','2017-10-07 10:30:30',2017,1,'2018-03-17 09:51:47',NULL,704,4,789,NULL),(3190,'2017-09-30 10:30:55','2017-10-07 10:30:55',2017,1,'2017-10-07 09:11:41',NULL,637,4,717,NULL),(3191,'2017-09-30 10:31:06','2017-10-07 10:31:06',2017,1,'2017-10-07 09:10:55',NULL,638,4,840,NULL),(3192,'2017-09-30 10:31:25','2017-10-07 10:31:25',2017,1,'2017-10-07 09:11:25',NULL,636,4,189,NULL),(3193,'2017-09-30 10:32:03','2017-10-07 10:32:03',2017,1,'2017-10-14 10:18:49',NULL,698,4,377,NULL),(3194,'2017-09-30 10:33:38','2017-10-07 10:33:38',2017,1,'2017-10-07 09:24:36',NULL,635,4,782,NULL),(3195,'2017-09-30 10:49:32','2017-10-07 10:49:32',2017,1,'2017-10-07 09:25:26',NULL,690,4,615,NULL),(3196,'2017-09-30 10:50:00','2017-10-07 10:50:00',2017,1,'2017-10-28 09:38:54',8,NULL,4,234,NULL),(3197,'2017-09-30 10:52:28','2017-10-07 10:52:28',2017,1,'2017-10-07 09:26:55',NULL,648,4,751,NULL),(3198,'2017-09-30 10:52:50','2017-10-07 10:52:50',2017,1,'2017-11-11 09:44:54',NULL,656,4,642,NULL),(3199,'2017-09-30 10:59:32','2017-10-07 10:59:32',2017,1,'2017-10-14 11:04:41',NULL,674,4,858,NULL),(3200,'2017-09-30 11:00:48','2017-10-07 11:00:48',2017,1,'2017-10-14 09:27:30',NULL,671,4,72,NULL),(3201,'2017-09-30 11:01:16','2017-10-07 11:01:16',2017,1,'2017-10-14 09:32:54',NULL,720,4,827,NULL),(3202,'2017-10-07 10:04:06','2017-10-14 10:04:06',2017,1,'2017-11-11 10:05:39',NULL,717,4,822,NULL),(3203,'2017-10-07 10:04:27','2017-10-14 10:04:27',2017,1,'2017-10-28 09:39:17',NULL,694,4,175,NULL),(3204,'2017-10-07 10:04:39','2017-10-14 10:04:39',2017,1,'2017-11-04 10:08:22',NULL,643,4,401,NULL),(3205,'2017-10-07 10:06:15','2017-10-14 10:06:15',2017,1,'2017-10-14 09:19:13',NULL,625,4,717,NULL),(3206,'2017-10-07 10:06:28','2017-10-14 10:06:28',2017,1,'2017-10-14 09:30:28',NULL,715,4,840,NULL),(3207,'2017-10-07 10:30:36','2017-10-14 10:30:36',2017,1,'2017-11-04 10:23:03',NULL,639,4,825,NULL),(3208,'2017-10-07 10:32:22','2017-10-14 10:32:22',2017,1,'2017-10-14 09:29:28',NULL,628,4,755,NULL),(3209,'2017-10-07 10:32:34','2017-10-14 10:32:34',2017,1,'2017-10-14 09:27:46',NULL,635,4,322,NULL),(3210,'2017-10-07 10:32:50','2017-10-14 10:32:50',2017,1,'2017-10-14 09:30:03',NULL,638,4,788,NULL),(3211,'2017-10-07 10:33:10','2017-10-14 10:33:10',2017,1,'2017-10-28 09:36:03',NULL,637,4,142,NULL),(3212,'2017-10-07 10:33:31','2017-10-14 10:33:31',2017,1,'2017-10-28 09:36:03',NULL,636,4,661,NULL),(3213,'2017-10-07 10:39:35','2017-10-14 10:39:35',2017,1,'2017-10-14 09:35:48',NULL,632,4,862,NULL),(3214,'2017-10-07 10:47:03','2017-10-14 10:47:03',2017,1,'2017-10-14 09:35:21',NULL,666,4,64,NULL),(3215,'2017-10-07 10:47:46','2017-10-14 10:47:46',2017,1,'2017-10-14 09:31:56',NULL,664,4,633,NULL),(3216,'2017-10-07 10:48:14','2017-10-14 10:48:14',2017,1,'2017-10-14 09:27:13',NULL,671,4,484,NULL),(3217,'2017-10-07 10:48:51','2017-10-14 10:48:51',2017,1,'2017-10-14 09:31:29',NULL,689,4,368,NULL),(3218,'2017-10-07 11:04:46','2017-10-14 11:04:46',2017,1,'2017-10-28 09:37:33',NULL,650,4,844,NULL),(3219,'2017-10-07 11:05:06','2017-10-14 11:05:06',2017,1,'2018-06-02 09:52:59',NULL,633,4,326,NULL),(3220,'2017-10-14 09:26:52','2017-10-21 09:26:52',2017,0,NULL,NULL,717,4,307,NULL),(3221,'2017-10-14 09:49:09','2017-10-21 09:49:09',2017,1,'2017-10-28 09:39:30',NULL,712,4,841,NULL),(3222,'2017-10-14 09:49:33','2017-10-21 09:49:33',2017,1,'2017-10-28 09:38:36',NULL,717,4,680,NULL),(3223,'2017-10-14 09:50:31','2017-10-21 09:50:31',2017,1,'2017-10-28 09:37:51',NULL,625,4,480,NULL),(3224,'2017-10-14 09:52:30','2017-10-21 09:52:30',2017,1,'2018-03-17 10:31:23',NULL,622,4,725,NULL),(3225,'2017-10-14 09:52:46','2017-10-21 09:52:46',2017,1,'2017-11-04 08:15:05',NULL,715,4,863,NULL),(3226,'2017-10-14 10:11:38','2017-10-21 10:11:38',2017,1,'2017-10-28 09:39:05',NULL,639,4,307,NULL),(3227,'2017-10-14 10:14:34','2017-10-21 10:14:34',2017,1,'2017-10-28 09:36:03',NULL,638,4,114,NULL),(3228,'2017-10-14 10:14:47','2017-10-21 10:14:47',2017,1,'2017-11-04 09:29:43',NULL,628,4,853,NULL),(3229,'2017-10-14 10:15:06','2017-10-21 10:15:06',2017,1,'2017-10-28 09:53:07',NULL,632,4,763,NULL),(3230,'2017-10-14 10:15:17','2017-10-21 10:15:17',2017,1,'2017-10-28 09:36:19',NULL,637,4,854,NULL),(3231,'2017-10-14 10:15:59','2017-10-21 10:15:59',2017,1,'2017-11-11 09:44:54',NULL,698,4,729,NULL),(3232,'2017-10-14 10:16:17','2017-10-21 10:16:17',2017,1,'2017-10-28 09:38:20',NULL,635,4,517,NULL),(3233,'2017-10-14 10:18:16','2017-10-21 10:18:16',2017,1,'2017-11-11 09:44:54',NULL,640,4,864,NULL),(3234,'2017-10-14 10:46:52','2017-10-21 10:46:52',2017,1,'2017-10-28 09:36:35',NULL,657,4,798,NULL),(3235,'2017-10-14 11:03:46','2017-10-21 11:03:46',2017,1,'2017-11-04 09:30:32',NULL,668,4,734,NULL),(3236,'2017-10-14 11:04:56','2017-10-21 11:04:56',2017,1,'2017-10-28 09:38:07',NULL,671,4,858,NULL),(3237,'2017-10-14 11:05:23','2017-10-21 11:05:23',2017,1,'2017-10-28 09:37:00',NULL,720,4,306,NULL),(3238,'2017-10-28 09:54:38','2017-11-04 09:54:38',2017,1,'2022-03-25 23:44:00',NULL,716,4,193,'baixa_pandemia_25_03_2022'),(3239,'2017-10-28 09:55:27','2017-11-04 09:55:27',2017,1,'2022-03-25 23:44:00',NULL,725,4,811,'baixa_pandemia_25_03_2022'),(3240,'2017-10-28 10:00:38','2017-11-04 10:00:38',2017,1,'2017-11-04 09:31:58',NULL,712,4,798,NULL),(3241,'2017-10-28 10:01:39','2017-11-04 10:01:39',2017,1,'2017-11-25 09:46:52',NULL,694,4,705,NULL),(3242,'2017-10-28 10:01:50','2017-11-04 10:01:50',2017,1,'2017-11-04 09:32:20',NULL,717,4,786,NULL),(3243,'2017-10-28 10:21:22','2017-11-04 10:21:22',2017,1,'2017-11-11 09:46:16',NULL,722,4,307,NULL),(3244,'2017-10-28 10:21:40','2017-11-04 10:21:40',2017,1,'2017-11-11 09:46:04',NULL,638,4,841,NULL),(3245,'2017-10-28 10:21:52','2017-11-04 10:21:52',2017,1,'2017-11-04 09:30:17',NULL,635,4,844,NULL),(3246,'2017-10-28 10:22:12','2017-11-04 10:22:12',2017,1,'2017-11-18 09:43:47',22,NULL,4,773,NULL),(3247,'2017-10-28 10:22:24','2017-11-04 10:22:24',2017,1,'2017-11-18 09:48:00',NULL,639,4,476,NULL),(3248,'2017-10-28 10:22:53','2017-11-04 10:22:53',2017,1,'2017-11-04 09:29:58',NULL,628,4,544,NULL),(3249,'2017-10-28 10:23:09','2017-11-04 10:23:09',2017,1,'2017-11-04 08:14:49',NULL,632,4,823,NULL),(3250,'2017-10-28 10:23:23','2017-11-04 10:23:23',2017,1,'2017-11-11 09:45:49',NULL,637,4,644,NULL),(3251,'2017-10-28 10:26:00','2017-11-04 10:26:00',2017,1,'2017-11-11 09:45:13',NULL,636,4,865,NULL),(3252,'2017-10-28 10:54:02','2017-11-04 10:54:02',2017,1,'2018-03-24 10:05:46',NULL,648,4,483,NULL),(3253,'2017-10-28 10:54:21','2017-11-04 10:54:21',2017,1,'2017-11-04 09:29:27',NULL,657,4,861,NULL),(3254,'2017-11-04 10:06:42','2017-11-11 10:06:42',2017,1,'2017-11-11 09:46:47',NULL,712,4,680,NULL),(3255,'2017-11-04 10:07:00','2017-11-11 10:07:00',2017,1,'2022-03-25 23:44:00',NULL,719,4,480,'baixa_pandemia_25_03_2022'),(3256,'2017-11-04 10:07:47','2017-11-11 10:07:47',2017,1,'2017-11-18 10:13:23',NULL,694,4,842,NULL),(3257,'2017-11-04 10:08:34','2017-11-11 10:08:34',2017,1,'2017-11-11 09:58:06',NULL,643,4,122,NULL),(3258,'2017-11-04 10:09:01','2017-11-11 10:09:01',2017,1,'2017-11-25 09:46:00',NULL,717,4,726,NULL),(3259,'2017-11-04 10:11:36','2017-11-11 10:11:36',2017,1,'2017-11-11 09:44:54',NULL,633,4,160,NULL),(3260,'2017-11-04 10:13:40','2017-11-11 10:13:40',2017,1,'2017-11-11 09:44:54',NULL,650,4,801,NULL),(3261,'2017-11-04 10:18:24','2017-11-11 10:18:24',2017,1,'2017-11-11 09:45:36',NULL,631,4,589,NULL),(3262,'2017-11-04 10:18:36','2017-11-11 10:18:36',2017,1,'2017-11-18 09:43:47',NULL,632,4,435,NULL),(3263,'2017-11-04 10:18:59','2017-11-11 10:18:59',2017,1,'2018-03-03 09:55:45',NULL,628,4,492,NULL),(3264,'2017-11-04 10:19:10','2017-11-11 10:19:10',2017,1,'2017-11-11 09:44:54',NULL,637,4,287,NULL),(3265,'2017-11-04 10:20:34','2017-11-11 10:20:34',2017,1,'2017-11-18 09:48:29',NULL,636,4,717,NULL),(3266,'2017-11-04 10:20:45','2017-11-11 10:20:45',2017,1,'2017-11-18 09:47:19',NULL,635,4,860,NULL),(3267,'2017-11-04 10:21:04','2017-11-11 10:21:04',2017,1,'2017-11-11 09:46:30',NULL,722,4,661,NULL),(3268,'2017-11-04 11:01:35','2017-11-11 11:01:35',2017,1,'2017-11-18 09:48:00',NULL,720,4,798,NULL),(3269,'2017-11-04 11:01:55','2017-11-11 11:01:55',2017,1,'2017-11-25 09:46:38',NULL,671,4,343,NULL),(3270,'2017-11-11 09:54:27','2017-11-18 09:54:27',2017,1,'2018-03-17 09:45:44',NULL,623,4,827,NULL),(3271,'2017-11-11 09:55:23','2017-11-18 09:55:23',2017,1,'2018-08-25 10:23:03',23,NULL,4,704,NULL),(3272,'2017-11-11 09:57:03','2017-11-18 09:57:03',2017,1,'2017-11-25 09:44:49',NULL,625,4,519,NULL),(3273,'2017-11-11 09:58:22','2017-11-18 09:58:22',2017,1,'2018-03-17 10:21:15',NULL,643,4,413,NULL),(3274,'2017-11-11 09:58:34','2017-11-18 09:58:34',2017,1,'2017-11-18 09:44:51',NULL,712,4,511,NULL),(3275,'2017-11-11 10:05:50','2017-11-18 10:05:50',2017,1,'2017-11-18 10:13:23',NULL,717,4,307,NULL),(3276,'2017-11-11 10:13:53','2017-11-18 10:13:53',2017,1,'2017-11-18 10:58:05',NULL,648,4,829,NULL),(3277,'2017-11-11 10:14:17','2017-11-18 10:14:17',2017,1,'2018-03-03 09:55:45',NULL,656,4,122,NULL),(3278,'2017-11-11 10:28:11','2017-11-18 10:28:11',2017,1,'2017-11-18 09:48:50',NULL,638,4,841,NULL),(3279,'2017-11-11 10:28:32','2017-11-18 10:28:32',2017,1,'2018-03-17 09:43:56',NULL,628,4,768,NULL),(3280,'2017-11-11 10:28:43','2017-11-18 10:28:43',2017,1,'2017-11-18 09:43:47',NULL,632,4,287,NULL),(3281,'2017-11-11 10:28:59','2017-11-18 10:28:59',2017,1,'2018-03-03 09:56:35',NULL,698,4,660,NULL),(3282,'2017-11-11 10:29:16','2017-11-18 10:29:16',2017,1,'2017-11-18 09:48:29',NULL,637,4,132,NULL),(3283,'2017-11-11 10:29:29','2017-11-18 10:29:29',2017,1,'2018-03-03 10:17:54',NULL,636,4,863,NULL),(3284,'2018-03-03 10:14:43','2018-03-10 10:14:43',2018,1,'2018-03-10 09:54:05',NULL,737,4,870,NULL),(3285,'2018-03-03 10:15:00','2018-03-10 10:15:00',2018,1,'2018-03-10 09:54:05',NULL,736,4,868,NULL),(3286,'2018-03-03 10:16:08','2018-03-10 10:16:08',2018,1,'2018-03-10 09:54:05',NULL,734,4,822,NULL),(3287,'2018-03-03 10:16:49','2018-03-10 10:16:49',2018,1,'2018-03-10 09:54:05',NULL,735,4,869,NULL),(3288,'2018-03-03 10:17:39','2018-03-10 10:17:39',2018,1,'2018-03-10 10:34:51',NULL,787,4,175,NULL),(3289,'2018-03-03 10:18:03','2018-03-10 10:18:03',2018,1,'2018-03-10 09:54:05',NULL,733,4,744,NULL),(3290,'2018-03-03 10:23:50','2018-03-10 10:23:50',2018,1,'2018-03-17 09:45:44',NULL,790,4,494,NULL),(3291,'2018-03-03 10:24:40','2018-03-10 10:24:40',2018,1,'2018-03-10 11:08:50',NULL,789,4,866,NULL),(3292,'2018-03-03 11:08:08','2018-03-10 11:08:08',2018,1,'2018-03-10 09:50:20',NULL,748,4,814,NULL),(3293,'2018-03-03 11:09:15','2018-03-10 11:09:15',2018,1,'2018-03-10 11:08:23',NULL,759,4,160,NULL),(3294,'2018-03-03 11:09:33','2018-03-10 11:09:33',2018,1,'2018-03-10 09:54:05',NULL,788,4,705,NULL),(3295,'2018-03-10 10:35:34','2018-03-17 10:35:34',2018,1,'2018-06-02 09:57:05',NULL,736,4,822,NULL),(3296,'2018-03-10 10:35:51','2018-03-17 10:35:51',2018,1,'2018-03-24 09:34:54',NULL,737,4,697,NULL),(3297,'2018-03-10 10:36:06','2018-03-17 10:36:06',2018,1,'2018-03-17 09:44:47',NULL,735,4,702,NULL),(3298,'2018-03-10 10:36:21','2018-03-17 10:36:21',2018,1,'2018-03-17 09:43:56',NULL,734,4,287,NULL),(3299,'2018-03-10 10:37:09','2018-03-17 10:37:09',2018,1,'2018-03-17 09:44:47',NULL,733,4,871,NULL),(3300,'2018-03-10 10:37:40','2018-03-17 10:37:40',2018,1,'2018-03-24 10:20:32',NULL,740,4,336,NULL),(3301,'2018-03-10 10:38:23','2018-03-17 10:38:23',2018,1,'2018-03-17 09:43:27',NULL,787,4,864,NULL),(3302,'2018-03-10 11:00:58','2018-03-17 11:00:58',2018,1,'2018-03-17 09:43:27',NULL,771,4,839,NULL),(3303,'2018-03-10 11:01:48','2018-03-17 11:01:48',2018,1,'2018-03-24 11:04:53',NULL,768,4,869,NULL),(3304,'2018-03-10 11:02:14','2018-03-17 11:02:14',2018,1,'2018-03-24 09:34:10',NULL,770,4,735,NULL),(3305,'2018-03-10 11:03:27','2018-03-17 11:03:27',2018,1,'2018-03-17 10:34:07',NULL,759,4,844,NULL),(3306,'2018-03-10 11:04:00','2018-03-17 11:04:00',2018,1,'2018-03-17 09:47:22',NULL,769,4,744,NULL),(3307,'2018-03-10 11:04:27','2018-03-17 11:04:27',2018,1,'2018-03-17 09:44:47',NULL,764,4,377,NULL),(3308,'2018-03-10 11:04:46','2018-03-17 11:04:46',2018,1,'2018-03-17 09:46:29',NULL,788,4,693,NULL),(3309,'2018-03-10 11:05:56','2018-03-17 11:05:56',2018,1,'2018-03-17 09:47:22',NULL,729,4,874,NULL),(3310,'2018-03-10 11:06:28','2018-03-17 11:06:28',2018,1,'2018-03-17 09:43:27',NULL,782,4,868,NULL),(3311,'2018-03-10 11:06:55','2018-03-17 11:06:55',2018,1,'2018-03-31 09:43:23',NULL,775,4,431,NULL),(3312,'2018-03-10 11:07:19','2018-03-17 11:07:19',2018,1,'2018-05-05 09:53:58',NULL,774,4,855,NULL),(3313,'2018-03-10 11:07:39','2018-03-17 11:07:39',2018,1,'2018-03-17 10:59:30',NULL,777,4,720,NULL),(3314,'2018-03-10 11:09:55','2018-03-17 11:09:55',2018,1,'2018-03-17 09:47:22',NULL,748,4,435,NULL),(3315,'2018-03-17 09:50:57','2018-03-24 09:50:57',2018,1,'2018-06-16 09:44:07',NULL,742,4,659,NULL),(3316,'2018-03-17 10:17:09','2018-03-24 10:17:09',2018,1,'2018-03-24 09:28:57',NULL,732,4,744,NULL),(3317,'2018-03-17 10:17:32','2018-03-24 10:17:32',2018,1,'2018-03-31 09:43:23',NULL,788,4,661,NULL),(3318,'2018-03-17 10:17:52','2018-03-24 10:17:52',2018,1,'2018-03-24 09:34:54',NULL,790,4,307,NULL),(3319,'2018-03-17 10:18:15','2018-03-24 10:18:15',2018,1,'2018-03-31 09:44:15',NULL,731,4,874,NULL),(3320,'2018-03-17 10:18:34','2018-03-24 10:18:34',2018,1,'2018-03-24 09:28:57',NULL,726,4,864,NULL),(3321,'2018-03-17 10:18:53','2018-03-24 10:18:53',2018,1,'2018-03-24 10:42:37',NULL,729,4,693,NULL),(3322,'2018-03-17 10:19:17','2018-03-24 10:19:17',2018,1,'2018-03-31 09:44:15',NULL,736,4,871,NULL),(3323,'2018-03-17 10:19:42','2018-03-24 10:19:42',2018,1,'2018-03-24 10:20:48',NULL,740,4,782,NULL),(3324,'2018-03-17 10:21:33','2018-03-24 10:21:33',2018,1,'2018-04-07 09:51:30',NULL,727,4,768,NULL),(3325,'2018-03-17 10:22:32','2018-03-24 10:22:32',2018,1,'2018-03-24 09:34:54',NULL,791,4,867,NULL),(3326,'2018-03-17 10:25:33','2018-03-24 10:25:33',2018,1,'2018-03-24 09:28:57',NULL,733,4,862,NULL),(3327,'2018-03-17 10:25:58','2018-03-24 10:25:58',2018,1,'2018-03-24 09:28:57',NULL,734,4,788,NULL),(3328,'2018-03-17 10:26:17','2018-03-24 10:26:17',2018,1,'2018-03-24 10:21:13',NULL,787,4,706,NULL),(3329,'2018-03-17 10:26:36','2018-03-24 10:26:36',2018,1,'2018-03-24 09:28:57',NULL,735,4,842,NULL),(3330,'2018-03-17 10:26:57','2018-03-24 10:26:57',2018,1,'2018-03-24 09:34:54',8,NULL,4,488,NULL),(3331,'2018-03-17 10:59:53','2018-03-24 10:59:53',2018,1,'2018-03-24 09:34:54',NULL,777,4,868,NULL),(3332,'2018-03-17 11:05:06','2018-03-24 11:05:06',2018,1,'2018-03-31 09:44:15',NULL,748,4,655,NULL),(3333,'2018-03-17 11:05:40','2018-03-24 11:05:40',2018,1,'2018-04-07 09:42:08',NULL,769,4,413,NULL),(3334,'2018-03-17 11:07:09','2018-03-24 11:07:09',2018,1,'2018-03-24 09:34:10',NULL,759,4,581,NULL),(3335,'2018-03-17 11:07:27','2018-03-24 11:07:27',2018,1,'2018-03-24 09:34:10',NULL,789,4,114,NULL),(3336,'2018-03-24 10:02:23','2018-03-31 10:02:23',2018,1,'2018-03-31 09:45:12',NULL,751,4,680,NULL),(3337,'2018-03-24 10:03:26','2018-03-31 10:03:26',2018,1,'2018-04-21 09:38:54',NULL,792,4,827,NULL),(3338,'2018-03-24 10:05:13','2018-03-31 10:05:13',2018,1,'2018-03-31 09:44:15',NULL,748,4,369,NULL),(3339,'2018-03-24 10:05:29','2018-03-31 10:05:29',2018,1,'2018-04-07 09:50:30',15,NULL,4,735,NULL),(3340,'2018-03-24 10:06:58','2018-03-31 10:06:58',2018,1,'2018-04-14 09:48:58',NULL,749,4,868,NULL),(3341,'2018-03-24 10:07:45','2018-03-31 10:07:45',2018,1,'2018-04-21 10:29:48',NULL,747,4,656,NULL),(3342,'2018-03-24 10:08:16','2018-03-31 10:08:16',2018,1,'2018-04-21 11:04:26',NULL,793,4,771,NULL),(3343,'2018-03-24 10:21:29','2018-03-31 10:21:29',2018,1,'2018-04-14 09:43:55',NULL,731,4,513,NULL),(3344,'2018-03-24 10:21:40','2018-03-31 10:21:40',2018,0,NULL,NULL,732,4,863,NULL),(3345,'2018-03-24 10:22:16','2018-03-31 10:22:16',2018,1,'2019-04-06 09:42:31',NULL,738,4,863,NULL),(3346,'2018-03-24 10:22:34','2018-03-31 10:22:34',2018,1,'2018-03-31 09:43:23',NULL,732,4,780,NULL),(3347,'2018-03-24 10:23:01','2018-03-31 10:23:01',2018,1,'2018-03-31 09:44:58',NULL,735,4,78,NULL),(3348,'2018-03-24 10:23:16','2018-03-31 10:23:16',2018,1,'2018-03-31 09:44:58',NULL,734,4,870,NULL),(3349,'2018-03-24 10:23:52','2018-03-31 10:23:52',2018,1,'2018-04-21 09:39:33',NULL,740,4,492,NULL),(3350,'2018-03-24 10:24:06','2018-03-31 10:24:06',2018,1,'2018-04-07 09:39:54',NULL,737,4,829,NULL),(3351,'2018-03-24 10:25:08','2018-03-31 10:25:08',2018,1,'2018-03-31 09:44:58',NULL,733,4,787,NULL),(3352,'2018-03-24 10:27:51','2018-03-31 10:27:51',2018,1,'2018-03-31 09:43:23',NULL,789,4,189,NULL),(3353,'2018-03-24 10:41:15','2018-03-31 10:41:15',2018,1,'2018-04-07 09:39:54',NULL,726,4,175,NULL),(3354,'2018-03-24 10:41:28','2018-03-31 10:41:28',2018,1,'2018-04-07 09:38:56',NULL,790,4,726,NULL),(3355,'2018-03-24 10:41:42','2018-03-31 10:41:42',2018,1,'2018-03-31 09:43:23',NULL,729,4,866,NULL),(3356,'2018-03-24 10:41:56','2018-03-31 10:41:56',2018,1,'2018-04-07 09:51:13',NULL,727,4,823,NULL),(3357,'2018-03-24 10:42:26','2018-03-31 10:42:26',2018,1,'2018-04-07 10:05:06',NULL,791,4,658,NULL),(3358,'2018-03-24 11:00:22','2018-03-31 11:00:22',2018,1,'2018-04-07 09:39:54',NULL,771,4,134,NULL),(3359,'2018-03-24 11:01:00','2018-03-31 11:01:00',2018,1,'2018-03-31 09:44:15',NULL,768,4,843,NULL),(3360,'2018-03-24 11:01:47','2018-03-31 11:01:47',2018,1,'2018-04-07 09:48:08',NULL,759,4,635,NULL),(3361,'2018-03-31 09:57:37','2018-04-07 09:57:37',2018,1,'2018-04-07 09:44:22',NULL,735,4,864,NULL),(3362,'2018-03-31 09:57:50','2018-04-07 09:57:50',2018,1,'2018-04-07 09:43:29',NULL,736,4,369,NULL),(3363,'2018-03-31 09:58:03','2018-04-07 09:58:03',2018,1,'2018-04-07 09:38:56',NULL,740,4,760,NULL),(3364,'2018-03-31 09:58:17','2018-04-07 09:58:17',2018,1,'2018-04-07 09:44:22',NULL,732,4,398,NULL),(3365,'2018-03-31 09:58:28','2018-04-07 09:58:28',2018,1,'2018-04-14 09:43:55',NULL,731,4,79,NULL),(3366,'2018-03-31 09:58:40','2018-04-07 09:58:40',2018,1,'2018-04-07 09:44:22',NULL,733,4,814,NULL),(3367,'2018-03-31 09:58:57','2018-04-07 09:58:57',2018,1,'2018-04-07 09:44:22',NULL,734,4,131,NULL),(3368,'2018-03-31 10:46:10','2018-04-07 10:46:10',2018,1,'2018-04-28 09:57:29',NULL,726,4,842,NULL),(3369,'2018-03-31 10:46:54','2018-04-07 10:46:54',2018,1,'2018-04-14 09:45:04',NULL,794,4,722,NULL),(3370,'2018-03-31 10:47:29','2018-04-07 10:47:29',2018,1,'2018-04-07 09:43:29',NULL,729,4,517,NULL),(3371,'2018-03-31 10:47:45','2018-04-07 10:47:45',2018,1,'2018-04-07 09:38:56',NULL,790,4,680,NULL),(3372,'2018-03-31 10:48:16','2018-04-07 10:48:16',2018,1,'2018-04-14 10:53:19',NULL,788,4,287,NULL),(3373,'2018-03-31 10:49:43','2018-04-07 10:49:43',2018,1,'2018-04-07 09:48:08',NULL,789,4,880,NULL),(3374,'2018-03-31 10:58:51','2018-04-07 10:58:51',2018,1,'2018-04-07 09:42:08',NULL,768,4,843,NULL),(3375,'2018-03-31 10:59:01','2018-04-07 10:59:01',2018,1,'2018-04-07 09:48:08',NULL,759,4,865,NULL),(3376,'2018-03-31 10:59:14','2018-04-07 10:59:14',2018,1,'2018-04-07 09:49:36',NULL,764,4,482,NULL),(3377,'2018-03-31 11:00:01','2018-04-07 11:00:01',2018,1,'2018-04-07 11:12:18',NULL,768,4,869,NULL),(3378,'2018-03-31 11:00:37','2018-04-07 11:00:37',2018,1,'2018-04-21 11:00:33',NULL,795,4,484,NULL),(3379,'2018-03-31 11:04:56','2018-04-07 11:04:56',2018,1,'2018-04-21 09:38:54',NULL,773,4,505,NULL),(3380,'2018-03-31 11:05:05','2018-04-07 11:05:05',2018,1,'2018-04-21 11:02:50',NULL,780,4,133,NULL),(3381,'2018-03-31 11:05:23','2018-04-07 11:05:23',2018,1,'2018-04-07 09:43:29',NULL,748,4,744,NULL),(3382,'2018-04-07 10:30:21','2018-04-14 10:30:21',2018,1,'2018-04-14 09:56:47',NULL,732,4,435,NULL),(3383,'2018-04-07 10:30:43','2018-04-14 10:30:43',2018,1,'2018-04-14 09:45:04',NULL,736,4,744,NULL),(3384,'2018-04-07 10:32:05','2018-04-14 10:32:05',2018,1,'2018-04-14 09:50:05',NULL,735,4,658,NULL),(3385,'2018-04-07 10:32:18','2018-04-14 10:32:18',2018,1,'2018-04-14 09:56:47',NULL,734,4,874,NULL),(3386,'2018-04-07 10:32:31','2018-04-14 10:32:31',2018,1,'2018-04-14 09:50:05',NULL,733,4,680,NULL),(3387,'2018-04-07 10:32:49','2018-04-14 10:32:49',2018,1,'2018-04-28 09:57:29',NULL,787,4,702,NULL),(3388,'2018-04-07 10:33:00','2018-04-14 10:33:00',2018,1,'2018-04-21 09:39:33',NULL,740,4,760,NULL),(3389,'2018-04-07 10:34:04','2018-04-14 10:34:04',2018,1,'2018-04-21 09:41:12',NULL,737,4,782,NULL),(3390,'2018-04-07 10:35:33','2018-04-14 10:35:33',2018,1,'2018-04-28 10:02:15',NULL,730,4,336,NULL),(3391,'2018-04-07 10:51:29','2018-04-14 10:51:29',2018,1,'2018-04-14 09:43:55',NULL,727,4,753,NULL),(3392,'2018-04-07 10:51:52','2018-04-14 10:51:52',2018,1,'2018-04-14 09:45:04',NULL,794,4,809,NULL),(3393,'2018-04-07 10:52:04','2018-04-14 10:52:04',2018,1,'2018-04-28 09:57:29',NULL,790,4,131,NULL),(3394,'2018-04-07 10:52:16','2018-04-14 10:52:16',2018,1,'2018-04-21 09:40:42',NULL,791,4,712,NULL),(3395,'2018-04-07 10:52:27','2018-04-14 10:52:27',2018,1,'2018-04-28 09:57:29',NULL,726,4,864,NULL),(3396,'2018-04-07 10:52:37','2018-04-14 10:52:37',2018,1,'2018-04-21 09:44:07',NULL,789,4,109,NULL),(3397,'2018-04-07 10:53:07','2018-04-14 10:53:07',2018,1,'2018-04-14 09:56:47',NULL,729,4,110,NULL),(3398,'2018-04-07 10:57:24','2018-04-14 10:57:24',2018,1,'2018-04-14 09:48:58',NULL,749,4,878,NULL),(3399,'2018-04-07 10:58:15','2018-04-14 10:58:15',2018,1,'2018-04-14 09:45:48',NULL,742,4,517,NULL),(3400,'2018-04-07 10:59:59','2018-04-14 10:59:59',2018,1,'2018-04-14 09:50:05',NULL,748,4,506,NULL),(3401,'2018-04-07 11:05:02','2018-04-14 11:05:02',2018,1,'2018-04-21 09:40:42',NULL,752,4,870,NULL),(3402,'2018-04-07 11:07:50','2018-04-14 11:07:50',2018,1,'2018-04-14 09:48:58',NULL,759,4,394,NULL),(3403,'2018-04-07 11:09:00','2018-04-14 11:09:00',2018,1,'2018-04-14 09:45:48',NULL,769,4,860,NULL),(3404,'2018-04-07 11:09:10','2018-04-14 11:09:10',2018,1,'2018-04-14 11:04:31',NULL,764,4,371,NULL),(3405,'2018-04-07 11:09:50','2018-04-14 11:09:50',2018,1,'2018-04-28 09:57:29',NULL,771,4,858,NULL),(3406,'2018-04-14 10:16:15','2018-04-21 10:16:15',2018,1,'2018-04-21 09:40:08',NULL,732,4,307,NULL),(3407,'2018-04-14 10:16:38','2018-04-21 10:16:38',2018,1,'2019-05-25 10:22:25',NULL,731,4,852,NULL),(3408,'2018-04-14 10:17:04','2018-04-21 10:17:04',2018,1,'2018-04-21 09:39:33',NULL,736,4,680,NULL),(3409,'2018-04-14 10:17:32','2018-04-21 10:17:32',2018,1,'2018-04-21 09:38:54',NULL,733,4,770,NULL),(3410,'2018-04-14 10:17:52','2018-04-21 10:17:52',2018,1,'2018-06-02 09:55:24',NULL,735,4,744,NULL),(3411,'2018-04-14 10:18:12','2018-04-21 10:18:12',2018,1,'2018-04-21 09:41:29',NULL,734,4,517,NULL),(3412,'2018-04-14 10:18:31','2018-04-21 10:18:31',2018,1,'2018-04-21 09:40:08',NULL,727,4,363,NULL),(3413,'2018-04-14 10:18:57','2018-04-21 10:18:57',2018,1,'2018-04-21 09:44:52',NULL,789,4,861,NULL),(3414,'2018-04-14 10:19:26','2018-04-21 10:19:26',2018,1,'2018-05-05 09:36:24',NULL,729,4,580,NULL),(3415,'2018-04-14 10:19:41','2018-04-21 10:19:41',2018,1,'2018-06-02 09:55:24',NULL,788,4,389,NULL),(3416,'2018-04-14 10:20:05','2018-04-21 10:20:05',2018,1,'2018-04-21 09:41:12',NULL,790,4,164,NULL),(3417,'2018-04-14 10:20:22','2018-04-21 10:20:22',2018,1,'2018-04-28 09:57:29',NULL,794,4,134,NULL),(3418,'2018-04-14 11:05:20','2018-04-21 11:05:20',2018,1,'2018-04-28 09:57:29',NULL,769,4,371,NULL),(3419,'2018-04-14 11:05:45','2018-04-21 11:05:45',2018,1,'2018-04-21 09:44:07',NULL,759,4,868,NULL),(3420,'2018-04-14 11:06:06','2018-04-21 11:06:06',2018,1,'2018-09-29 09:39:35',NULL,764,4,818,NULL),(3421,'2018-04-14 11:06:36','2018-04-21 11:06:36',2018,1,'2018-06-16 09:44:07',NULL,742,4,763,NULL),(3422,'2018-04-21 10:23:04','2018-04-28 10:23:04',2018,1,'2018-06-02 09:43:10',NULL,727,4,866,NULL),(3423,'2018-04-21 10:23:33','2018-04-28 10:23:33',2018,1,'2018-06-02 09:35:19',NULL,728,4,827,NULL),(3424,'2018-04-21 10:24:44','2018-04-28 10:24:44',2018,1,'2018-04-28 09:57:29',NULL,790,4,184,NULL),(3425,'2018-04-21 10:25:05','2018-04-28 10:25:05',2018,1,'2018-04-28 09:41:50',NULL,791,4,291,NULL),(3426,'2018-04-21 10:25:22','2018-04-28 10:25:22',2018,1,'2018-05-05 10:30:40',NULL,789,4,716,NULL),(3427,'2018-04-21 10:26:30','2018-04-28 10:26:30',2018,1,'2022-03-25 23:44:00',NULL,797,4,777,'baixa_pandemia_25_03_2022'),(3428,'2018-04-21 10:26:48','2018-04-28 10:26:48',2018,1,'2018-04-28 09:57:29',NULL,732,4,706,NULL),(3429,'2018-04-21 10:27:28','2018-04-28 10:27:28',2018,1,'2018-04-28 09:57:29',NULL,737,4,722,NULL),(3430,'2018-04-21 10:27:51','2018-04-28 10:27:51',2018,1,'2018-05-05 09:55:44',NULL,740,4,517,NULL),(3431,'2018-04-21 10:28:18','2018-04-28 10:28:18',2018,1,'2018-06-02 09:57:05',NULL,734,4,287,NULL),(3432,'2018-04-21 10:28:36','2018-04-28 10:28:36',2018,1,'2018-06-02 09:45:30',NULL,735,4,551,NULL),(3433,'2018-04-21 10:28:57','2018-04-28 10:28:57',2018,1,'2018-04-28 09:57:44',NULL,736,4,823,NULL),(3434,'2018-04-21 10:29:17','2018-04-28 10:29:17',2018,1,'2018-06-02 09:47:22',NULL,733,4,110,NULL),(3435,'2018-04-21 10:30:04','2018-04-28 10:30:04',2018,1,'2018-04-28 11:03:37',NULL,729,4,656,NULL),(3436,'2018-04-21 11:01:36','2018-04-28 11:01:36',2018,1,'2018-05-05 10:31:44',NULL,759,4,867,NULL),(3437,'2018-04-21 11:02:00','2018-04-28 11:02:00',2018,1,'2018-06-02 09:57:05',NULL,771,4,369,NULL),(3438,'2018-04-21 11:02:20','2018-04-28 11:02:20',2018,1,'2018-05-05 09:54:48',NULL,768,4,844,NULL),(3439,'2018-04-21 11:05:19','2018-04-28 11:05:19',2018,1,'2018-04-28 10:01:58',NULL,764,4,791,NULL),(3440,'2018-04-28 09:42:07','2018-05-05 09:42:07',2018,1,'2018-06-02 09:55:24',NULL,791,4,768,NULL),(3441,'2018-04-28 10:12:00','2018-05-05 10:12:00',2018,1,'2018-05-05 09:53:58',NULL,736,4,870,NULL),(3442,'2018-04-28 10:12:17','2018-05-05 10:12:17',2018,1,'2018-05-05 09:54:48',NULL,732,4,680,NULL),(3443,'2018-04-28 10:12:34','2018-05-05 10:12:34',2018,1,'2018-09-29 10:05:51',NULL,730,4,131,NULL),(3444,'2018-04-28 10:12:56','2018-05-05 10:12:56',2018,1,'2018-06-02 09:55:24',NULL,737,4,661,NULL),(3445,'2018-04-28 10:41:59','2018-05-05 10:41:59',2018,1,'2018-10-20 09:52:56',NULL,748,4,494,NULL),(3446,'2018-04-28 10:42:23','2018-05-05 10:42:23',2018,1,'2018-06-23 09:46:53',NULL,752,4,644,NULL),(3447,'2018-04-28 10:42:34','2018-05-05 10:42:34',2018,1,'2018-04-28 11:12:20',NULL,746,4,307,NULL),(3448,'2018-04-28 10:42:49','2018-05-05 10:42:49',2018,1,'2018-06-16 09:44:07',NULL,796,4,413,NULL),(3449,'2018-04-28 10:43:02','2018-05-05 10:43:02',2018,1,'2018-04-28 11:12:38',NULL,743,4,336,NULL),(3450,'2018-04-28 10:45:50','2018-05-05 10:45:50',2018,1,'2018-06-23 09:37:53',NULL,741,4,868,NULL),(3451,'2018-04-28 11:04:22','2018-05-05 11:04:22',2018,1,'2018-05-05 09:53:58',NULL,769,4,878,NULL),(3452,'2018-04-28 11:05:34','2018-05-05 11:05:34',2018,1,'2018-06-02 09:35:19',NULL,770,4,858,NULL),(3453,'2018-04-28 11:11:50','2018-05-05 11:11:50',2018,1,'2018-06-02 09:41:38',NULL,726,4,861,NULL),(3454,'2018-04-28 11:19:27','2018-05-05 11:19:27',2018,1,'2018-05-05 09:36:10',NULL,729,4,842,NULL),(3455,'2018-04-28 11:19:42','2018-05-05 11:19:42',2018,1,'2018-06-02 09:43:10',NULL,727,4,722,NULL),(3456,'2018-05-05 10:05:06','2018-05-12 10:05:06',2018,1,'2018-06-02 09:44:08',NULL,732,4,842,NULL),(3457,'2018-05-05 10:05:15','2018-05-12 10:05:15',2018,1,'2018-06-02 09:55:24',NULL,740,4,655,NULL),(3458,'2018-05-05 10:05:59','2018-05-12 10:05:59',2018,1,'2018-06-02 09:46:34',NULL,736,4,878,NULL),(3459,'2018-05-05 10:06:33','2018-05-12 10:06:33',2018,1,'2018-09-29 10:05:51',NULL,730,4,660,NULL),(3460,'2018-05-05 10:20:45','2018-05-12 10:20:45',2018,1,'2018-06-02 09:35:19',NULL,768,4,844,NULL),(3461,'2018-05-05 10:22:16','2018-05-12 10:22:16',2018,1,'2018-06-02 09:58:18',NULL,767,4,431,NULL),(3462,'2018-05-05 10:23:05','2018-05-12 10:23:05',2018,1,'2022-03-25 23:44:00',NULL,798,4,759,'baixa_pandemia_25_03_2022'),(3463,'2018-05-05 10:23:16','2018-05-12 10:23:16',2018,1,'2018-06-02 09:48:12',NULL,769,4,496,NULL),(3464,'2018-05-05 10:23:38','2018-05-12 10:23:38',2018,1,'2022-03-25 23:44:00',NULL,764,4,815,'baixa_pandemia_25_03_2022'),(3465,'2018-05-05 10:29:22','2018-05-12 10:29:22',2018,1,'2018-06-16 10:02:26',NULL,789,4,693,NULL),(3466,'2018-05-05 10:29:45','2018-05-12 10:29:45',2018,1,'2018-06-02 09:41:46',NULL,726,4,391,NULL),(3467,'2018-05-05 10:30:08','2018-05-12 10:30:08',2018,1,'2018-06-23 10:40:24',NULL,794,4,794,NULL),(3468,'2018-05-05 10:30:55','2018-05-12 10:30:55',2018,1,'2018-06-02 09:35:19',NULL,729,4,435,NULL),(3469,'2018-05-05 10:31:08','2018-05-12 10:31:08',2018,1,'2018-06-02 09:57:05',17,NULL,4,869,NULL),(3470,'2018-05-05 10:31:27','2018-05-12 10:31:27',2018,1,'2018-06-02 09:39:50',NULL,788,4,486,NULL),(3471,'2018-05-05 11:08:30','2018-05-12 11:08:30',2018,1,'2019-03-23 09:41:23',NULL,774,4,440,NULL),(3472,'2018-06-02 00:17:45','2018-06-09 00:17:45',2018,0,NULL,NULL,789,4,415,NULL),(3473,'2018-06-02 09:39:31','2018-06-09 09:39:31',2018,1,'2018-06-02 09:57:05',NULL,729,4,617,NULL),(3474,'2018-06-02 09:40:03','2018-06-09 09:40:03',2018,1,'2018-08-04 10:02:32',NULL,788,4,134,NULL),(3475,'2018-06-02 09:40:26','2018-06-09 09:40:26',2018,1,'2018-06-02 09:58:56',NULL,790,4,853,NULL),(3476,'2018-06-02 09:40:56','2018-06-09 09:40:56',2018,1,'2018-06-30 10:56:56',NULL,794,4,875,NULL),(3477,'2018-06-02 09:42:08','2018-06-09 09:42:08',2018,1,'2018-06-02 09:42:22',NULL,726,4,864,NULL),(3478,'2018-06-02 09:43:21','2018-06-09 09:43:21',2018,1,'2018-06-02 09:43:38',NULL,727,4,719,NULL),(3479,'2018-06-02 09:44:17','2018-06-09 09:44:17',2018,1,'2018-06-02 09:57:39',NULL,732,4,840,NULL),(3480,'2018-06-02 09:44:54','2018-06-09 09:44:54',2018,1,'2018-06-02 09:45:14',NULL,734,4,534,NULL),(3481,'2018-06-02 09:45:40','2018-06-09 09:45:40',2018,1,'2018-06-02 09:45:53',NULL,735,4,133,NULL),(3482,'2018-06-02 09:46:11','2018-06-09 09:46:11',2018,1,'2018-06-02 09:55:24',NULL,787,4,377,NULL),(3483,'2018-06-02 09:46:47','2018-06-09 09:46:47',2018,1,'2018-06-02 09:47:01',NULL,736,4,839,NULL),(3484,'2018-06-02 09:47:32','2018-06-09 09:47:32',2018,1,'2018-06-02 09:55:24',NULL,733,4,568,NULL),(3485,'2018-06-02 09:48:24','2018-06-09 09:48:24',2018,1,'2018-06-16 09:49:59',NULL,769,4,804,NULL),(3486,'2018-06-02 09:49:01','2018-06-09 09:49:01',2018,1,'2018-06-02 09:55:24',NULL,771,4,336,NULL),(3487,'2018-06-02 09:49:50','2018-06-09 09:49:50',2018,1,'2018-06-02 09:50:00',NULL,748,4,307,NULL),(3488,'2018-06-02 09:50:30','2018-06-09 09:50:30',2018,1,'2018-06-23 09:37:53',NULL,743,4,535,NULL),(3489,'2018-06-02 09:53:11','2018-06-09 09:53:11',2018,1,'2018-06-16 09:50:30',NULL,758,4,843,NULL),(3490,'2018-06-02 10:36:13','2018-06-09 10:36:13',2018,1,'2018-06-23 09:38:29',NULL,748,4,344,NULL),(3491,'2018-06-02 10:36:38','2018-06-09 10:36:38',2018,1,'2019-03-16 09:40:15',NULL,792,4,869,NULL),(3492,'2018-06-02 10:37:59','2018-06-09 10:37:59',2018,1,'2018-06-23 09:39:18',NULL,790,4,878,NULL),(3493,'2018-06-02 10:38:14','2018-06-09 10:38:14',2018,1,'2018-06-23 09:44:33',NULL,728,4,844,NULL),(3494,'2018-06-02 10:43:07','2018-06-09 10:43:07',2018,1,'2018-06-23 09:38:29',NULL,729,4,398,NULL),(3495,'2018-06-02 10:38:44','2018-06-09 10:38:44',2018,1,'2018-06-23 10:19:21',NULL,727,4,827,NULL),(3496,'2018-06-02 10:39:52','2018-06-09 10:39:52',2018,1,'2018-08-25 10:17:19',NULL,789,4,109,NULL),(3497,'2018-06-02 10:40:14','2018-06-09 10:40:14',2018,1,'2018-06-30 09:50:43',NULL,726,4,798,NULL),(3498,'2018-06-02 10:40:43','2018-06-09 10:40:43',2018,1,'2018-06-23 10:39:33',NULL,788,4,708,NULL),(3499,'2018-06-02 10:43:23','2018-06-09 10:43:23',2018,1,'2018-06-16 09:45:31',NULL,800,4,839,NULL),(3500,'2018-06-02 10:44:30','2018-06-09 10:44:30',2018,1,'2018-06-16 09:44:48',NULL,799,4,272,NULL),(3501,'2018-06-02 10:57:23','2018-06-09 10:57:23',2018,1,'2018-06-16 09:46:54',NULL,740,4,744,NULL),(3502,'2018-06-02 10:57:54','2018-06-09 10:57:54',2018,1,'2018-06-16 09:47:24',NULL,736,4,822,NULL),(3503,'2018-06-02 10:58:13','2018-06-09 10:58:13',2018,1,'2018-06-16 09:46:00',NULL,735,4,866,NULL),(3504,'2018-06-02 10:58:39','2018-06-09 10:58:39',2018,1,'2018-06-16 09:46:00',NULL,734,4,253,NULL),(3505,'2018-06-02 10:58:57','2018-06-09 10:58:57',2018,1,'2018-06-16 09:45:31',NULL,733,4,506,NULL),(3506,'2018-06-02 10:59:15','2018-06-09 10:59:15',2018,1,'2018-06-16 09:44:48',NULL,787,4,840,NULL),(3507,'2018-06-16 09:51:40','2018-06-23 09:51:40',2018,1,'2019-03-16 09:53:28',NULL,732,4,786,NULL),(3508,'2018-06-16 09:51:54','2018-06-23 09:51:54',2018,1,'2018-06-23 09:37:53',NULL,740,4,336,NULL),(3509,'2018-06-16 09:52:10','2018-06-23 09:52:10',2018,1,'2018-06-23 09:38:29',NULL,737,4,680,NULL),(3510,'2018-06-16 09:52:39','2018-06-23 09:52:39',2018,1,'2018-06-23 09:39:45',NULL,736,4,718,NULL),(3511,'2018-06-16 09:52:57','2018-06-23 09:52:57',2018,1,'2018-06-30 10:57:07',NULL,787,4,287,NULL),(3512,'2018-06-16 10:07:12','2018-06-23 10:07:12',2018,1,'2018-06-30 10:07:22',42,NULL,4,833,NULL),(3513,'2018-06-16 10:59:32','2018-06-23 10:59:32',2018,1,'2018-06-23 09:38:47',NULL,791,4,291,NULL),(3514,'2018-06-16 10:33:29','2018-06-23 10:33:29',2018,1,'2018-06-23 09:39:18',NULL,778,4,890,NULL),(3515,'2018-06-16 10:33:53','2018-06-23 10:33:53',2018,1,'2018-06-30 09:50:03',NULL,777,4,817,NULL),(3516,'2018-06-16 10:34:17','2018-06-23 10:34:17',2018,1,'2018-06-30 10:57:19',NULL,781,4,856,NULL),(3517,'2018-06-16 10:35:37','2018-06-23 10:35:37',2018,1,'2022-03-25 23:44:00',NULL,782,4,752,'baixa_pandemia_25_03_2022'),(3518,'2018-06-16 10:35:59','2018-06-23 10:35:59',2018,1,'2018-09-29 09:40:28',NULL,775,4,430,NULL),(3519,'2018-06-16 10:38:50','2018-06-23 10:38:50',2018,1,'2022-03-25 23:44:00',6,NULL,4,452,'baixa_pandemia_25_03_2022'),(3520,'2018-06-16 10:54:36','2018-06-23 10:54:36',2018,1,'2018-08-18 10:33:36',NULL,729,4,236,NULL),(3521,'2018-06-16 10:54:58','2018-06-23 10:54:58',2018,1,'2018-06-30 09:48:48',NULL,727,4,517,NULL),(3522,'2018-06-16 10:56:14','2018-06-23 10:56:14',2018,1,'2018-06-23 09:44:33',NULL,790,4,706,NULL),(3523,'2018-06-16 10:57:07','2018-06-23 10:57:07',2018,1,'2018-08-25 10:17:19',NULL,789,4,114,NULL),(3524,'2018-06-16 10:59:02','2018-06-23 10:59:02',2018,1,'2018-06-23 09:42:55',NULL,759,4,858,NULL),(3525,'2018-06-16 11:01:07','2018-06-23 11:01:07',2018,1,'2018-06-23 09:39:45',NULL,769,4,814,NULL),(3526,'2018-06-23 10:22:06','2018-06-30 10:22:06',2018,1,'2018-08-04 10:51:52',NULL,787,4,840,NULL),(3527,'2018-06-23 10:22:29','2018-06-30 10:22:29',2018,1,'2018-06-30 09:51:56',NULL,736,4,164,NULL),(3528,'2018-06-23 10:22:50','2018-06-30 10:22:50',2018,1,'2018-08-04 10:02:32',NULL,734,4,336,NULL),(3529,'2018-06-23 10:23:01','2018-06-30 10:23:01',2018,1,'2018-08-11 09:37:04',NULL,732,4,344,NULL),(3530,'2018-06-23 10:23:11','2018-06-30 10:23:11',2018,1,'2018-08-04 10:02:32',NULL,740,4,722,NULL),(3531,'2018-06-23 10:23:59','2018-06-30 10:23:59',2018,1,'2018-08-04 10:52:13',NULL,802,4,870,NULL),(3532,'2018-06-23 10:24:17','2018-06-30 10:24:17',2018,1,'2018-06-30 09:50:03',NULL,737,4,706,NULL),(3533,'2018-06-23 10:24:28','2018-06-30 10:24:28',2018,1,'2018-08-04 10:02:32',NULL,733,4,325,NULL),(3534,'2018-06-23 10:25:04','2018-06-30 10:25:04',2018,1,'2018-08-04 10:02:32',NULL,735,4,744,NULL),(3535,'2018-06-23 10:29:23','2018-06-30 10:29:23',2018,1,'2018-06-30 09:51:40',8,NULL,4,843,NULL),(3536,'2018-06-23 10:38:06','2018-06-30 10:38:06',2018,1,'2018-08-11 09:37:59',NULL,729,4,755,NULL),(3537,'2018-06-23 10:38:36','2018-06-30 10:38:36',2018,1,'2018-08-04 10:02:32',NULL,799,4,868,NULL),(3538,'2018-06-23 10:38:49','2018-06-30 10:38:49',2018,1,'2018-06-30 09:48:48',NULL,727,4,874,NULL),(3539,'2018-06-23 10:39:14','2018-06-30 10:39:14',2018,1,'2018-08-04 10:02:32',NULL,800,4,861,NULL),(3540,'2018-06-23 10:39:51','2018-06-30 10:39:51',2018,1,'2018-06-30 09:51:40',NULL,790,4,782,NULL),(3541,'2018-06-23 10:40:45','2018-06-30 10:40:45',2018,1,'2018-09-01 09:45:01',NULL,794,4,866,NULL),(3542,'2018-06-23 10:40:58','2018-06-30 10:40:58',2018,1,'2019-03-16 09:53:46',NULL,796,4,768,NULL),(3543,'2018-06-23 10:41:15','2018-06-30 10:41:15',2018,1,'2018-06-30 09:50:43',NULL,791,4,391,NULL),(3544,'2018-06-23 10:41:42','2018-06-30 10:41:42',2018,1,'2018-06-30 09:49:32',NULL,752,4,853,NULL),(3545,'2018-06-23 10:42:05','2018-06-30 10:42:05',2018,1,'2018-06-30 09:51:02',NULL,726,4,272,NULL),(3546,'2018-06-23 10:42:15','2018-06-30 10:42:15',2018,1,'2018-06-30 09:50:43',NULL,788,4,319,NULL),(3547,'2018-06-23 10:44:26','2018-06-30 10:44:26',2018,1,'2018-06-30 09:49:32',NULL,741,4,878,NULL),(3548,'2018-06-23 10:45:23','2018-06-30 10:45:23',2018,1,'2018-08-11 09:37:04',NULL,748,4,172,NULL),(3549,'2018-06-23 10:56:47','2018-06-30 10:56:47',2018,1,'2022-03-25 23:44:00',NULL,753,4,827,'baixa_pandemia_25_03_2022'),(3550,'2018-06-23 10:57:09','2018-06-30 10:57:09',2018,1,'2018-09-29 09:56:30',NULL,749,4,844,NULL),(3551,'2018-06-23 11:02:20','2018-06-30 11:02:20',2018,1,'2018-06-30 10:02:39',NULL,759,4,127,NULL),(3552,'2018-06-23 11:03:58','2018-06-30 11:03:58',2018,1,'2018-08-11 09:37:59',NULL,769,4,832,NULL),(3553,'2018-08-04 10:17:04','2018-08-11 10:17:04',2018,1,'2018-09-08 09:43:37',NULL,788,4,336,NULL),(3554,'2018-08-04 10:17:20','2018-08-11 10:17:20',2018,1,'2018-08-11 09:38:39',NULL,726,4,861,NULL),(3555,'2018-08-04 10:17:46','2018-08-11 10:17:46',2018,1,'2018-08-11 10:05:05',NULL,790,4,680,NULL),(3556,'2018-08-04 10:19:24','2018-08-11 10:19:24',2018,1,'2018-08-11 09:39:05',NULL,800,4,134,NULL),(3557,'2018-08-04 10:19:58','2018-08-11 10:19:58',2018,1,'2018-08-11 09:39:05',NULL,799,4,617,NULL),(3558,'2018-08-04 10:22:00','2018-08-11 10:22:00',2018,1,'2018-08-18 09:46:46',NULL,791,4,839,NULL),(3559,'2018-08-04 10:22:11','2018-08-11 10:22:11',2018,1,'2018-09-01 09:44:36',NULL,727,4,729,NULL),(3560,'2018-08-04 10:23:39','2018-08-11 10:23:39',2018,1,'2022-03-25 23:44:00',NULL,798,4,764,'baixa_pandemia_25_03_2022'),(3561,'2018-08-04 10:24:18','2018-08-11 10:24:18',2018,1,'2019-03-09 09:45:58',NULL,767,4,868,NULL),(3562,'2018-08-04 10:24:56','2018-08-11 10:24:56',2018,1,'2018-09-01 10:50:51',NULL,759,4,701,NULL),(3563,'2018-08-04 10:25:26','2018-08-11 10:25:26',2018,1,'2018-08-11 10:05:28',NULL,802,4,391,NULL),(3564,'2018-08-04 10:25:40','2018-08-11 10:25:40',2018,1,'2018-08-11 09:41:44',NULL,740,4,833,NULL),(3565,'2018-08-04 10:26:10','2018-08-11 10:26:10',2018,1,'2018-08-18 09:46:46',NULL,770,4,878,NULL),(3566,'2018-08-04 10:26:22','2018-08-11 10:26:22',2018,1,'2018-10-06 10:03:53',NULL,757,4,744,NULL),(3567,'2018-08-04 10:26:39','2018-08-11 10:26:39',2018,1,'2018-08-11 09:39:23',NULL,736,4,731,NULL),(3568,'2018-08-04 10:26:50','2018-08-11 10:26:50',2018,1,'2018-08-18 09:50:45',NULL,735,4,884,NULL),(3569,'2018-08-04 10:27:36','2018-08-11 10:27:36',2018,1,'2018-10-06 10:03:53',NULL,733,4,708,NULL),(3570,'2018-08-04 10:27:58','2018-08-11 10:27:58',2018,1,'2018-08-18 09:46:46',NULL,737,4,407,NULL),(3571,'2018-08-04 10:28:13','2018-08-11 10:28:13',2018,1,'2018-08-18 09:58:34',NULL,738,4,843,NULL),(3572,'2018-08-11 10:04:03','2018-08-18 10:04:03',2018,1,'2018-08-18 09:47:55',NULL,740,4,814,NULL),(3573,'2018-08-11 10:03:38','2018-08-18 10:03:38',2018,1,'2018-09-01 10:41:16',NULL,802,4,492,NULL),(3574,'2018-08-11 10:04:34','2018-08-18 10:04:34',2018,1,'2018-08-18 09:47:05',NULL,736,4,840,NULL),(3575,'2018-08-11 10:49:40','2018-08-18 10:49:40',2018,1,'2018-09-08 09:43:37',NULL,788,4,716,NULL),(3576,'2018-08-11 10:50:34','2018-08-18 10:50:34',2018,1,'2018-09-15 09:40:07',NULL,790,4,151,NULL),(3577,'2018-08-11 10:50:58','2018-08-18 10:50:58',2018,1,'2018-08-18 09:45:54',NULL,800,4,635,NULL),(3578,'2018-08-11 10:51:32','2018-08-18 10:51:32',2018,1,'2018-08-18 09:54:23',NULL,799,4,888,NULL),(3579,'2018-08-11 10:51:56','2018-08-18 10:51:56',2018,1,'2018-08-18 09:47:55',NULL,726,4,391,NULL),(3580,'2018-08-11 10:52:46','2018-08-18 10:52:46',2018,1,'2018-09-01 09:43:23',NULL,748,4,697,NULL),(3581,'2018-08-11 10:53:08','2018-08-18 10:53:08',2018,1,'2018-09-01 09:45:28',NULL,729,4,164,NULL),(3582,'2018-08-11 10:53:37','2018-08-18 10:53:37',2018,1,'2018-09-29 09:56:12',NULL,749,4,435,NULL),(3583,'2018-08-11 10:53:58','2018-08-18 10:53:58',2018,1,'2018-08-25 09:38:18',NULL,742,4,861,NULL),(3584,'2018-08-11 10:54:17','2018-08-18 10:54:17',2018,1,'2018-09-08 09:45:13',NULL,793,4,132,NULL),(3585,'2018-08-11 11:01:08','2018-08-18 11:01:08',2018,1,'2018-08-18 09:48:22',NULL,777,4,885,NULL),(3586,'2018-08-18 09:57:20','2018-08-25 09:57:20',2018,1,'2018-08-25 09:39:37',NULL,740,4,325,NULL),(3587,'2018-08-18 09:58:55','2018-08-25 09:58:55',2018,1,'2018-09-15 10:40:44',NULL,738,4,798,NULL),(3588,'2018-08-18 09:59:34','2018-08-25 09:59:34',2018,1,'2018-08-25 09:40:23',NULL,736,4,482,NULL),(3589,'2018-08-18 09:59:58','2018-08-25 09:59:58',2018,1,'2018-09-15 09:39:49',NULL,737,4,483,NULL),(3590,'2018-08-18 10:00:32','2018-08-25 10:00:32',2018,1,'2018-08-25 09:39:37',NULL,734,4,534,NULL),(3591,'2018-08-18 10:00:55','2018-08-25 10:00:55',2018,1,'2018-08-25 09:39:02',NULL,735,4,715,NULL),(3592,'2018-08-18 10:34:01','2018-08-25 10:34:01',2018,1,'2018-08-25 09:40:59',NULL,726,4,842,NULL),(3593,'2018-08-18 10:34:31','2018-08-25 10:34:31',2018,1,'2018-09-01 09:45:01',NULL,794,4,692,NULL),(3594,'2018-08-18 10:34:59','2018-08-25 10:34:59',2018,1,'2018-09-01 09:43:23',NULL,729,4,705,NULL),(3595,'2018-08-18 10:36:15','2018-08-25 10:36:15',2018,1,'2018-08-25 10:22:34',NULL,803,4,78,NULL),(3596,'2018-08-18 10:36:40','2018-08-25 10:36:40',2018,1,'2018-08-25 09:40:59',NULL,800,4,168,NULL),(3597,'2018-08-18 10:37:08','2018-08-25 10:37:08',2018,1,'2018-08-25 09:40:59',NULL,799,4,413,NULL),(3598,'2018-08-18 11:05:45','2018-08-25 11:05:45',2018,1,'2018-08-25 09:39:54',NULL,769,4,877,NULL),(3599,'2018-08-18 11:06:19','2018-08-25 11:06:19',2018,1,'2018-08-25 09:38:18',NULL,777,4,855,NULL),(3600,'2018-08-18 11:07:18','2018-08-25 11:07:18',2018,1,'2018-08-25 09:39:02',NULL,804,4,878,NULL),(3601,'2018-08-18 11:08:09','2018-08-25 11:08:09',2018,1,'2018-08-25 09:38:18',NULL,771,4,775,NULL),(3602,'2018-08-25 10:12:51','2018-09-01 10:12:51',2018,1,'2018-09-01 09:45:28',NULL,736,4,363,NULL),(3603,'2018-08-25 10:13:13','2018-09-01 10:13:13',2018,1,'2018-09-01 09:39:22',NULL,732,4,534,NULL),(3604,'2018-08-25 10:13:38','2018-09-01 10:13:38',2018,0,NULL,NULL,802,4,178,NULL),(3605,'2018-08-25 10:15:03','2018-09-01 10:15:03',2018,0,NULL,NULL,805,4,730,NULL),(3606,'2018-08-25 10:15:21','2018-09-01 10:15:21',2018,1,'2018-09-01 09:43:51',NULL,740,4,658,NULL),(3607,'2018-08-25 10:16:08','2018-09-01 10:16:08',2018,1,'2018-09-08 09:41:54',NULL,733,4,839,NULL),(3608,'2018-08-25 10:16:31','2018-09-01 10:16:31',2018,1,'2018-09-08 09:41:54',NULL,735,4,861,NULL),(3609,'2018-08-25 10:16:51','2018-09-01 10:16:51',2018,1,'2018-09-08 09:41:54',NULL,734,4,142,NULL),(3610,'2018-08-25 10:17:30','2018-09-01 10:17:30',2018,1,'2018-09-08 10:12:24',NULL,789,4,389,NULL),(3611,'2018-08-25 10:18:26','2018-09-01 10:18:26',2018,1,'2018-09-01 09:43:51',NULL,726,4,831,NULL),(3612,'2018-08-25 10:18:49','2018-09-01 10:18:49',2018,1,'2018-09-01 09:44:36',NULL,727,4,718,NULL),(3613,'2018-08-25 10:19:24','2018-09-01 10:19:24',2018,1,'2018-09-29 09:53:55',NULL,803,4,870,NULL),(3614,'2018-08-25 10:21:17','2018-09-01 10:21:17',2018,1,'2018-09-01 09:44:11',NULL,800,4,763,NULL),(3615,'2018-08-25 10:21:40','2018-09-01 10:21:40',2018,1,'2018-09-01 09:44:11',NULL,799,4,760,NULL),(3616,'2018-08-25 11:06:27','2018-09-01 11:06:27',2018,1,'2018-09-01 10:55:45',NULL,804,4,833,NULL),(3617,'2018-08-25 11:06:51','2018-09-01 11:06:51',2018,1,'2018-09-01 10:55:12',NULL,777,4,892,NULL),(3618,'2018-08-25 11:12:05','2018-09-01 11:12:05',2018,1,'2018-09-01 10:50:51',NULL,759,4,696,NULL),(3619,'2018-09-01 09:39:36','2018-09-08 09:39:36',2018,1,'2018-09-08 09:43:37',NULL,732,4,69,NULL),(3620,'2018-09-01 09:40:14','2018-09-08 09:40:14',2018,1,'2018-09-29 10:00:33',NULL,736,4,829,NULL),(3621,'2018-09-01 09:40:35','2018-09-08 09:40:35',2018,1,'2018-09-29 11:05:46',NULL,740,4,731,NULL),(3622,'2018-09-01 09:41:00','2018-09-08 09:41:00',2018,1,'2018-09-08 09:41:54',NULL,734,4,659,NULL),(3623,'2018-09-01 09:41:17','2018-09-08 09:41:17',2018,1,'2018-09-08 09:45:00',NULL,735,4,840,NULL),(3624,'2018-09-01 10:26:54','2018-09-08 10:26:54',2018,1,'2018-09-08 09:45:27',NULL,790,4,878,NULL),(3625,'2018-09-01 10:27:29','2018-09-08 10:27:29',2018,1,'2018-09-15 09:38:55',NULL,729,4,782,NULL),(3626,'2018-09-01 10:27:57','2018-09-08 10:27:57',2018,1,'2018-09-29 10:08:43',NULL,794,4,134,NULL),(3627,'2018-09-01 10:28:15','2018-09-08 10:28:15',2018,1,'2018-09-29 09:39:35',NULL,726,4,831,NULL),(3628,'2018-09-01 10:28:37','2018-09-08 10:28:37',2018,1,'2018-09-15 10:44:52',NULL,727,4,661,NULL),(3629,'2018-09-01 10:29:03','2018-09-08 10:29:03',2018,1,'2018-10-06 10:01:18',NULL,789,4,843,NULL),(3630,'2018-09-01 10:29:23','2018-09-08 10:29:23',2018,1,'2018-09-08 09:43:37',NULL,800,4,706,NULL),(3631,'2018-09-01 10:33:45','2018-09-08 10:33:45',2018,1,'2018-11-17 09:42:17',NULL,799,4,588,NULL),(3632,'2018-09-01 10:50:32','2018-09-08 10:50:32',2018,1,'2018-10-13 09:39:15',NULL,757,4,649,NULL),(3633,'2018-09-01 10:51:01','2018-09-08 10:51:01',2018,1,'2018-09-08 09:41:54',NULL,759,4,484,NULL),(3634,'2018-09-01 10:55:26','2018-09-08 10:55:26',2018,1,'2018-09-08 09:43:37',NULL,777,4,527,NULL),(3635,'2018-09-08 10:04:44','2018-09-15 10:04:44',2018,1,'2018-09-15 09:39:49',NULL,790,4,706,NULL),(3636,'2018-09-08 10:05:05','2018-09-15 10:05:05',2018,1,'2018-09-15 09:39:23',NULL,732,4,568,NULL),(3637,'2018-09-08 10:05:20','2018-09-15 10:05:20',2018,1,'2018-09-15 09:38:26',NULL,736,4,184,NULL),(3638,'2018-09-08 10:05:34','2018-09-15 10:05:34',2018,1,'2018-09-15 09:39:23',NULL,740,4,659,NULL),(3639,'2018-09-08 10:06:03','2018-09-15 10:06:03',2018,1,'2018-09-29 09:41:20',NULL,733,4,330,NULL),(3640,'2018-09-08 10:06:23','2018-09-15 10:06:23',2018,1,'2018-09-29 09:41:53',NULL,735,4,751,NULL),(3641,'2018-09-08 10:06:32','2018-09-15 10:06:32',2018,1,'2018-10-13 09:40:18',NULL,734,4,319,NULL),(3642,'2018-09-08 10:10:54','2018-09-15 10:10:54',2018,1,'2018-09-15 09:40:31',NULL,788,4,866,NULL),(3643,'2018-09-08 10:11:15','2018-09-15 10:11:15',2018,1,'2018-10-06 10:04:58',NULL,727,4,726,NULL),(3644,'2018-09-08 10:11:29','2018-09-15 10:11:29',2018,1,'2018-09-15 09:38:55',NULL,729,4,336,NULL),(3645,'2018-09-08 10:11:57','2018-09-15 10:11:57',2018,1,'2018-09-15 09:40:47',NULL,800,4,842,NULL),(3646,'2018-09-08 10:12:39','2018-09-15 10:12:39',2018,0,NULL,NULL,789,4,789,NULL),(3647,'2018-09-08 10:13:15','2018-09-15 10:13:15',2018,1,'2018-09-15 09:40:31',NULL,799,4,164,NULL),(3648,'2018-09-08 10:13:29','2018-09-15 10:13:29',2018,1,'2018-09-15 10:37:37',NULL,794,4,637,NULL),(3649,'2018-09-08 10:13:44','2018-09-15 10:13:44',2018,1,'2018-09-15 09:38:26',NULL,726,4,704,NULL),(3650,'2018-09-08 11:02:11','2018-09-15 11:02:11',2018,1,'2018-09-29 10:52:30',NULL,759,4,804,NULL),(3651,'2018-09-15 10:26:15','2018-09-22 10:26:15',2018,1,'2018-09-29 09:41:53',NULL,729,4,772,NULL),(3652,'2018-09-15 10:27:26','2018-09-22 10:27:26',2018,1,'2019-03-16 10:18:54',NULL,800,4,722,NULL),(3653,'2018-09-15 10:28:12','2018-09-22 10:28:12',2018,1,'2018-11-17 10:03:33',NULL,790,4,142,NULL),(3654,'2018-09-15 10:28:48','2018-09-22 10:28:48',2018,1,'2018-09-29 09:54:06',NULL,803,4,705,NULL),(3655,'2018-09-15 10:29:13','2018-09-22 10:29:13',2018,1,'2018-09-29 09:49:18',NULL,799,4,535,NULL),(3656,'2018-09-15 10:29:37','2018-09-22 10:29:37',2018,1,'2018-09-29 09:54:22',NULL,726,4,861,NULL),(3657,'2018-09-15 10:30:14','2018-09-22 10:30:14',2018,1,'2018-09-29 10:10:04',NULL,788,4,789,NULL),(3658,'2018-09-15 10:37:13','2018-09-22 10:37:13',2018,1,'2018-09-29 09:55:26',NULL,740,4,763,NULL),(3659,'2018-09-15 10:33:49','2018-09-22 10:33:49',2018,1,'2018-09-29 09:40:28',NULL,735,4,658,NULL),(3660,'2018-09-15 10:34:13','2018-09-22 10:34:13',2018,1,'2018-10-13 09:39:58',NULL,787,4,476,NULL),(3661,'2018-09-15 10:34:29','2018-09-22 10:34:29',2018,1,'2018-09-29 10:27:54',NULL,736,4,583,NULL),(3662,'2018-09-15 10:35:28','2018-09-22 10:35:28',2018,1,'2018-09-29 09:55:09',NULL,737,4,325,NULL),(3663,'2018-09-15 10:35:57','2018-09-22 10:35:57',2018,1,'2018-09-29 09:55:58',NULL,732,4,496,NULL),(3664,'2018-09-15 10:36:19','2018-09-22 10:36:19',2018,1,'2018-09-29 09:41:20',NULL,734,4,336,NULL),(3665,'2018-09-15 10:36:46','2018-09-22 10:36:46',2018,1,'2018-09-29 09:53:31',NULL,731,4,894,NULL),(3666,'2018-09-15 10:37:48','2018-09-22 10:37:48',2018,1,'2018-09-29 10:08:24',NULL,794,4,706,NULL),(3667,'2018-09-15 10:45:03','2018-09-22 10:45:03',2018,1,'2018-09-29 10:07:02',NULL,727,4,782,NULL),(3668,'2018-09-15 10:57:34','2018-09-22 10:57:34',2018,1,'2018-09-29 09:55:40',NULL,777,4,110,NULL),(3669,'2018-09-15 11:07:24','2018-09-22 11:07:24',2018,1,'2018-09-29 09:39:35',NULL,748,4,387,NULL),(3670,'2018-09-15 11:07:49','2018-09-22 11:07:49',2018,1,'2018-09-29 09:40:28',NULL,796,4,289,NULL),(3671,'2018-09-29 09:45:22','2018-10-06 09:45:22',2018,1,'2018-10-20 09:49:36',22,NULL,4,387,NULL),(3672,'2018-09-29 09:46:31','2018-10-06 09:46:31',2018,1,'2018-10-06 10:01:18',NULL,788,4,831,NULL),(3673,'2018-09-29 09:46:52','2018-10-06 09:46:52',2018,1,'2018-10-20 09:52:13',NULL,729,4,823,NULL),(3674,'2018-09-29 09:47:21','2018-10-06 09:47:21',2018,1,'2018-10-06 10:01:18',NULL,726,4,391,NULL),(3675,'2018-09-29 09:48:30','2018-10-06 09:48:30',2018,1,'2018-10-06 10:05:33',NULL,800,4,866,NULL),(3676,'2018-09-29 09:49:36','2018-10-06 09:49:36',2018,1,'2018-10-06 10:05:47',NULL,799,4,854,NULL),(3677,'2018-09-29 09:52:25','2018-10-06 09:52:25',2018,1,'2018-10-06 09:59:23',NULL,789,4,336,NULL),(3678,'2018-09-29 09:58:31','2018-10-06 09:58:31',2018,1,'2018-10-20 10:16:59',NULL,732,4,801,NULL),(3679,'2018-09-29 09:59:47','2018-10-06 09:59:47',2018,1,'2018-10-06 10:03:53',NULL,733,4,164,NULL),(3680,'2018-09-29 10:00:08','2018-10-06 10:00:08',2018,1,'2018-10-06 10:01:18',NULL,734,4,289,NULL),(3681,'2018-09-29 10:00:56','2018-10-06 10:00:56',2018,1,'2018-10-06 10:04:58',NULL,736,4,809,NULL),(3682,'2018-09-29 10:01:17','2018-10-06 10:01:17',2018,1,'2018-10-06 10:04:58',NULL,740,4,655,NULL),(3683,'2018-09-29 10:01:40','2018-10-06 10:01:40',2018,1,'2018-10-06 10:09:48',NULL,731,4,661,NULL),(3684,'2018-09-29 10:03:36','2018-10-06 10:03:36',2018,1,'2018-10-06 10:05:17',NULL,735,4,658,NULL),(3685,'2018-09-29 10:07:18','2018-10-06 10:07:18',2018,1,'2018-10-06 10:04:58',NULL,727,4,772,NULL),(3686,'2018-09-29 11:03:06','2018-10-06 11:03:06',2018,1,'2018-11-17 09:50:20',NULL,804,4,729,NULL),(3687,'2018-09-29 11:03:26','2018-10-06 11:03:26',2018,1,'2018-10-06 10:05:59',NULL,777,4,608,NULL),(3688,'2018-09-29 11:04:24','2018-10-06 11:04:24',2018,1,'2018-10-20 09:54:17',NULL,796,4,325,NULL),(3689,'2018-09-29 11:06:09','2018-10-06 11:06:09',2018,1,'2018-10-06 10:04:58',NULL,758,4,731,NULL),(3690,'2018-09-29 11:06:42','2018-10-06 11:06:42',2018,1,'2018-10-06 10:04:58',NULL,769,4,862,NULL),(3691,'2018-09-29 11:07:16','2018-10-06 11:07:16',2018,1,'2018-10-06 10:01:18',NULL,751,4,705,NULL),(3692,'2018-09-29 11:07:36','2018-10-06 11:07:36',2018,1,'2018-10-06 10:01:18',NULL,759,4,79,NULL),(3693,'2018-10-06 10:08:40','2018-10-13 10:08:40',2018,1,'2018-10-20 10:23:16',NULL,736,4,435,NULL),(3694,'2018-10-06 10:09:03','2018-10-13 10:09:03',2018,1,'2019-03-09 09:45:31',NULL,734,4,289,NULL),(3695,'2018-10-06 10:09:58','2018-10-13 10:09:58',2018,1,'2018-10-13 09:39:15',NULL,731,4,895,NULL),(3696,'2018-10-06 10:11:37','2018-10-13 10:11:37',2018,1,'2018-10-20 09:54:04',NULL,740,4,517,NULL),(3697,'2018-10-06 10:11:52','2018-10-13 10:11:52',2018,1,'2018-10-13 09:39:58',NULL,735,4,744,NULL),(3698,'2018-10-06 10:12:03','2018-10-13 10:12:03',2018,1,'2018-10-20 09:47:08',NULL,733,4,286,NULL),(3699,'2018-10-06 10:12:13','2018-10-13 10:12:13',2018,1,'2019-03-30 10:46:05',NULL,730,4,125,NULL),(3700,'2018-10-06 10:21:53','2018-10-13 10:21:53',2018,0,NULL,NULL,803,4,843,NULL),(3701,'2018-10-06 10:20:50','2018-10-13 10:20:50',2018,1,'2018-10-20 10:03:33',NULL,788,4,769,NULL),(3702,'2018-10-06 10:22:06','2018-10-13 10:22:06',2018,1,'2018-10-13 09:38:08',NULL,726,4,844,NULL),(3703,'2018-10-06 10:22:23','2018-10-13 10:22:23',2018,1,'2018-10-20 09:47:08',NULL,789,4,894,NULL),(3704,'2018-10-06 10:22:48','2018-10-13 10:22:48',2018,1,'2018-10-20 10:43:00',NULL,727,4,809,NULL),(3705,'2018-10-06 10:24:03','2018-10-13 10:24:03',2018,1,'2018-10-13 09:38:08',NULL,800,4,772,NULL),(3706,'2018-10-06 10:24:29','2018-10-13 10:24:29',2018,1,'2018-10-13 09:38:48',NULL,799,4,94,NULL),(3707,'2018-10-06 10:25:04','2018-10-13 10:25:04',2018,1,'2018-10-20 09:49:36',NULL,729,4,843,NULL),(3708,'2018-10-06 10:29:39','2018-10-13 10:29:39',2018,1,'2018-11-17 09:46:56',NULL,803,4,897,NULL),(3709,'2018-10-06 10:58:23','2018-10-13 10:58:23',2018,1,'2018-10-20 09:53:41',NULL,777,4,883,NULL),(3710,'2018-10-06 11:02:01','2018-10-13 11:02:01',2018,1,'2018-10-20 10:09:34',NULL,751,4,615,NULL),(3711,'2018-10-06 11:11:55','2018-10-13 11:11:55',2018,1,'2018-10-20 09:53:27',NULL,769,4,730,NULL),(3712,'2018-10-06 11:12:44','2018-10-13 11:12:44',2018,1,'2018-10-20 09:47:08',NULL,759,4,534,NULL),(3713,'2018-10-06 11:12:59','2018-10-13 11:12:59',2018,1,'2022-03-25 23:44:00',NULL,764,4,122,'baixa_pandemia_25_03_2022'),(3714,'2018-10-13 10:17:37','2018-10-20 10:17:37',2018,1,'2018-10-20 09:48:07',NULL,800,4,656,NULL),(3715,'2018-10-13 10:18:07','2018-10-20 10:18:07',2018,1,'2018-10-20 09:48:07',NULL,726,4,794,NULL),(3716,'2018-10-13 10:18:54','2018-10-20 10:18:54',2018,1,'2018-10-20 10:03:54',NULL,788,4,617,NULL),(3717,'2018-10-13 10:19:15','2018-10-20 10:19:15',2018,1,'2018-10-20 09:47:08',NULL,789,4,903,NULL),(3718,'2018-10-13 10:19:34','2018-10-20 10:19:34',2018,1,'2019-03-09 10:32:23',NULL,790,4,605,NULL),(3719,'2018-10-13 10:19:53','2018-10-20 10:19:53',2018,1,'2018-10-20 09:48:07',NULL,799,4,697,NULL),(3720,'2018-10-13 10:20:09','2018-10-20 10:20:09',2018,1,'2018-11-17 09:46:32',NULL,727,4,902,NULL),(3721,'2018-10-13 10:56:18','2018-10-20 10:56:18',2018,1,'2018-11-17 09:49:33',NULL,736,4,899,NULL),(3722,'2018-10-13 10:57:06','2018-10-20 10:57:06',2018,1,'2019-04-06 09:42:31',NULL,738,4,900,NULL),(3723,'2018-10-13 10:57:28','2018-10-20 10:57:28',2018,1,'2018-11-17 09:48:06',NULL,733,4,901,NULL),(3724,'2018-10-13 10:57:49','2018-10-20 10:57:49',2018,1,'2019-03-09 09:44:38',NULL,730,4,180,NULL),(3725,'2018-10-13 10:58:00','2018-10-20 10:58:00',2018,1,'2018-11-17 09:48:32',NULL,735,4,744,NULL),(3726,'2018-10-13 10:58:11','2018-10-20 10:58:11',2018,1,'2018-10-20 09:47:08',NULL,734,4,839,NULL),(3727,'2018-10-13 11:03:58','2018-10-20 11:03:58',2018,1,'2019-03-16 10:01:23',NULL,759,4,898,NULL),(3728,'2018-10-13 11:04:29','2018-10-20 11:04:29',2018,1,'2018-10-20 09:51:05',NULL,771,4,833,NULL),(3729,'2018-10-20 10:09:56','2018-10-27 10:09:56',2018,0,NULL,NULL,748,4,492,NULL),(3730,'2018-10-20 10:10:25','2018-10-27 10:10:25',2018,1,'2018-11-17 09:45:31',NULL,751,4,644,NULL),(3731,'2018-10-20 10:10:42','2018-10-27 10:10:42',2018,1,'2019-03-16 09:54:29',NULL,796,4,476,NULL),(3732,'2018-10-20 10:11:12','2018-10-27 10:11:12',2018,1,'2019-04-06 09:58:59',NULL,752,4,307,NULL),(3733,'2018-10-20 10:12:38','2018-10-27 10:12:38',2018,1,'2018-11-17 09:47:49',NULL,735,4,198,NULL),(3734,'2018-10-20 10:13:43','2018-10-27 10:13:43',2018,1,'2019-05-25 09:47:32',NULL,737,4,717,NULL),(3735,'2018-10-20 10:14:11','2018-10-27 10:14:11',2018,1,'2019-03-09 10:34:36',NULL,733,4,695,NULL),(3736,'2018-10-20 10:14:31','2018-10-27 10:14:31',2018,1,'2018-11-17 09:48:53',NULL,731,4,903,NULL),(3737,'2018-10-20 10:16:01','2018-10-27 10:16:01',2018,1,'2018-11-17 09:51:03',NULL,787,4,753,NULL),(3738,'2018-10-20 10:16:16','2018-10-27 10:16:16',2018,1,'2018-11-17 09:49:55',NULL,740,4,894,NULL),(3739,'2018-10-20 10:16:32','2018-10-27 10:16:32',2018,1,'2018-11-17 09:47:26',NULL,734,4,895,NULL),(3740,'2018-10-20 10:17:15','2018-10-27 10:17:15',2018,1,'2018-11-17 09:45:31',NULL,732,4,79,NULL),(3741,'2018-10-20 10:43:27','2018-10-27 10:43:27',2018,1,'2019-06-15 10:11:56',NULL,794,4,886,NULL),(3742,'2018-10-20 10:47:39','2018-10-27 10:47:39',2018,1,'2018-11-17 09:42:17',NULL,789,4,391,NULL),(3743,'2018-10-20 10:44:28','2018-10-27 10:44:28',2018,1,'2018-11-17 09:51:54',NULL,726,4,798,NULL),(3744,'2018-10-20 10:45:38','2018-10-27 10:45:38',2018,1,'2018-11-17 09:50:38',NULL,800,4,661,NULL),(3745,'2018-10-20 10:46:00','2018-10-27 10:46:00',2018,1,'2018-11-17 09:49:12',NULL,799,4,74,NULL),(3746,'2018-10-20 10:46:20','2018-10-27 10:46:20',2018,1,'2019-03-16 09:54:16',NULL,788,4,496,NULL),(3747,'2018-10-20 10:46:39','2018-10-27 10:46:39',2018,1,'2018-11-17 09:46:13',NULL,727,4,870,NULL),(3748,'2018-10-20 10:47:08','2018-10-27 10:47:08',2018,1,'2019-03-16 09:43:36',NULL,729,4,517,NULL),(3749,'2018-10-20 11:06:14','2018-10-27 11:06:14',2018,1,'2018-11-17 09:51:54',NULL,771,4,839,NULL),(3750,'2018-10-20 11:09:06','2018-10-27 11:09:06',2018,1,'2019-03-16 10:08:35',NULL,759,4,286,NULL),(3751,'2018-11-03 09:56:23','2018-11-10 09:56:23',2018,1,'2018-11-17 10:00:36',NULL,800,4,787,NULL),(3752,'2018-11-03 09:57:12','2018-11-10 09:57:12',2018,1,'2019-03-09 09:45:13',NULL,803,4,435,NULL),(3753,'2018-11-17 09:57:46','2018-11-24 09:57:46',2018,1,'2018-11-17 10:01:25',NULL,726,4,871,NULL),(3754,'2018-11-17 09:58:11','2018-11-24 09:58:11',2018,1,'2018-11-17 10:01:59',NULL,727,4,492,NULL),(3755,'2018-11-17 09:59:10','2018-11-24 09:59:10',2018,1,'2018-11-17 09:59:29',NULL,799,4,474,NULL),(3756,'2019-03-09 10:16:08','2019-03-16 10:16:08',2019,1,'2019-03-16 09:39:43',NULL,819,4,903,NULL),(3757,'2019-03-09 10:50:02','2019-03-16 10:50:02',2019,1,'2019-03-16 09:53:59',NULL,868,4,69,NULL),(3758,'2019-03-09 10:50:52','2019-03-16 10:50:52',2019,1,'2019-03-23 09:47:39',NULL,806,4,788,NULL),(3759,'2019-03-09 10:51:52','2019-03-16 10:51:52',2019,1,'2019-03-16 10:14:04',NULL,869,4,853,NULL),(3760,'2019-03-09 10:52:13','2019-03-16 10:52:13',2019,1,'2019-03-16 10:22:39',NULL,809,4,866,NULL),(3761,'2019-03-09 10:53:18','2019-03-16 10:53:18',2019,1,'2019-03-23 09:47:59',NULL,870,4,744,NULL),(3762,'2019-03-09 11:10:22','2019-03-16 11:10:22',2019,1,'2019-03-16 09:40:32',NULL,826,4,131,NULL),(3763,'2019-03-09 11:12:15','2019-03-16 11:12:15',2019,1,'2019-03-16 09:40:51',NULL,825,4,907,NULL),(3764,'2019-03-16 10:02:03','2019-03-23 10:02:03',2019,1,'2019-03-23 09:42:09',NULL,819,4,842,NULL),(3765,'2019-03-16 10:04:38','2019-03-23 10:04:38',2019,1,'2019-03-23 09:41:04',NULL,810,4,588,NULL),(3766,'2019-03-16 10:12:07','2019-03-23 10:12:07',2019,1,'2019-04-06 09:47:45',NULL,807,4,760,NULL),(3767,'2019-03-16 10:12:31','2019-03-23 10:12:31',2019,1,'2019-03-30 09:41:55',NULL,808,4,617,NULL),(3768,'2019-03-16 10:13:45','2019-03-23 10:13:45',2019,1,'2019-03-23 09:40:49',NULL,868,4,680,NULL),(3769,'2019-03-16 10:14:19','2019-03-23 10:14:19',2019,1,'2019-04-06 09:47:17',NULL,869,4,492,NULL),(3770,'2019-03-16 10:14:42','2019-03-23 10:14:42',2019,1,'2019-03-23 09:46:24',NULL,806,4,387,NULL),(3771,'2019-03-16 10:15:07','2019-03-23 10:15:07',2019,1,'2019-03-23 09:47:05',NULL,870,4,854,NULL),(3772,'2019-03-16 10:16:23','2019-03-23 10:16:23',2019,1,'2019-03-23 09:42:44',NULL,809,4,902,NULL),(3773,'2019-03-16 10:19:09','2019-03-23 10:19:09',2019,1,'2019-03-23 09:45:26',NULL,812,4,903,NULL),(3774,'2019-03-16 10:20:43','2019-03-23 10:20:43',2019,1,'2019-03-23 09:42:31',NULL,872,4,912,NULL),(3775,'2019-03-16 10:22:15','2019-03-23 10:22:15',2019,1,'2019-03-23 09:45:41',NULL,811,4,913,NULL),(3776,'2019-03-16 10:52:31','2019-03-23 10:52:31',2019,1,'2019-04-06 09:57:53',NULL,856,4,431,NULL),(3777,'2019-03-16 10:54:30','2019-03-23 10:54:30',2019,1,'2019-03-30 09:43:29',NULL,857,4,916,NULL),(3778,'2019-03-16 10:56:08','2019-03-23 10:56:08',2019,1,'2019-03-30 09:39:43',NULL,866,4,818,NULL),(3779,'2019-03-16 10:56:24','2019-03-23 10:56:24',2019,1,'2019-04-06 09:59:28',NULL,867,4,915,NULL),(3780,'2019-03-16 10:56:55','2019-03-23 10:56:55',2019,1,'2019-05-11 09:43:05',NULL,865,4,608,NULL),(3781,'2019-03-16 10:57:20','2019-03-23 10:57:20',2019,1,'2019-03-23 09:45:59',NULL,864,4,430,NULL),(3782,'2019-03-16 10:58:42','2019-03-23 10:58:42',2019,1,'2022-03-25 23:44:00',NULL,852,4,730,'baixa_pandemia_25_03_2022'),(3783,'2019-03-16 10:59:16','2019-03-23 10:59:16',2019,1,'2019-04-06 09:58:31',NULL,860,4,712,NULL),(3784,'2019-03-16 11:04:00','2019-03-23 11:04:00',2019,1,'2019-08-10 10:58:58',NULL,834,4,356,NULL),(3785,'2019-03-16 11:05:55','2019-03-23 11:05:55',2019,1,'2019-03-30 09:40:15',NULL,826,4,496,NULL),(3786,'2019-03-16 11:06:28','2019-03-23 11:06:28',2019,1,'2019-03-30 09:42:40',NULL,825,4,801,NULL),(3787,'2019-03-16 11:06:54','2019-03-23 11:06:54',2019,1,'2019-03-30 09:40:38',NULL,824,4,132,NULL),(3788,'2019-03-16 11:07:24','2019-03-23 11:07:24',2019,1,'2019-03-23 09:41:40',NULL,828,4,867,NULL),(3789,'2019-03-16 11:07:48','2019-03-23 11:07:48',2019,1,'2019-05-04 10:05:48',NULL,823,4,209,NULL),(3790,'2019-03-16 11:08:06','2019-03-23 11:08:06',2019,1,'2019-03-23 09:41:52',NULL,827,4,435,NULL),(3791,'2019-03-16 11:08:24','2019-03-23 11:08:24',2019,1,'2019-03-30 09:42:51',NULL,821,4,839,NULL),(3792,'2019-03-16 11:09:20','2019-03-23 11:09:20',2019,1,'2019-04-27 09:55:26',NULL,836,4,921,NULL),(3793,'2019-03-16 11:10:53','2019-03-23 11:10:53',2019,1,'2019-04-06 09:46:45',NULL,844,4,885,NULL),(3794,'2019-03-23 10:24:12','2019-03-30 10:24:12',2019,1,'2019-03-30 09:40:56',NULL,806,4,718,NULL),(3795,'2019-03-23 10:28:58','2019-03-30 10:28:58',2019,1,'2019-03-30 09:41:12',NULL,868,4,924,NULL),(3796,'2019-03-23 10:25:04','2019-03-30 10:25:04',2019,1,'2019-04-13 10:23:45',NULL,809,4,922,NULL),(3797,'2019-03-23 10:25:27','2019-03-30 10:25:27',2019,1,'2019-04-06 09:47:31',NULL,807,4,902,NULL),(3798,'2019-03-23 10:25:51','2019-03-30 10:25:51',2019,1,'2019-03-30 09:39:56',NULL,870,4,519,NULL),(3799,'2019-03-23 10:26:11','2019-03-30 10:26:11',2019,1,'2019-04-06 10:40:03',NULL,810,4,680,NULL),(3800,'2019-03-23 10:26:37','2019-03-30 10:26:37',2019,1,'2019-03-30 10:11:13',NULL,811,4,589,NULL),(3801,'2019-03-23 10:26:59','2019-03-30 10:26:59',2019,1,'2019-03-30 10:11:33',NULL,812,4,912,NULL),(3802,'2019-03-23 10:29:17','2019-03-30 10:29:17',2019,1,'2019-03-30 09:42:21',NULL,808,4,903,NULL),(3803,'2019-03-23 10:49:39','2019-03-30 10:49:39',2019,1,'2019-03-30 09:41:34',NULL,819,4,744,NULL),(3804,'2019-03-23 11:05:29','2019-03-30 11:05:29',2019,1,'2020-03-14 09:41:20',NULL,845,4,441,NULL),(3805,'2019-03-23 11:09:32','2019-03-30 11:09:32',2019,1,'2019-03-30 09:43:04',NULL,827,4,913,NULL),(3806,'2019-03-23 11:14:55','2019-03-30 11:14:55',2019,1,'2022-03-19 10:03:43',22,NULL,4,110,NULL),(3807,'2019-03-30 10:18:41','2019-04-06 10:18:41',2019,1,'2019-04-13 09:55:41',NULL,870,4,511,NULL),(3808,'2019-03-30 10:19:06','2019-04-06 10:19:06',2019,1,'2019-04-06 10:05:55',NULL,868,4,912,NULL),(3809,'2019-03-30 10:19:27','2019-04-06 10:19:27',2019,1,'2019-04-06 10:05:30',NULL,808,4,708,NULL),(3810,'2019-03-30 10:19:54','2019-04-06 10:19:54',2019,1,'2019-04-06 11:05:37',NULL,811,4,904,NULL),(3811,'2019-03-30 10:20:15','2019-04-06 10:20:15',2019,1,'2019-04-06 09:47:02',NULL,809,4,134,NULL),(3812,'2019-03-30 10:20:35','2019-04-06 10:20:35',2019,1,'2019-04-06 11:05:45',NULL,812,4,637,NULL),(3813,'2019-03-30 10:25:48','2019-04-06 10:25:48',2019,1,'2019-04-13 09:39:19',NULL,806,4,694,NULL),(3814,'2019-03-30 10:45:39','2019-04-06 10:45:39',2019,1,'2019-04-13 09:40:34',NULL,871,4,940,NULL),(3815,'2019-03-30 10:46:34','2019-04-06 10:46:34',2019,1,'2019-05-04 10:26:58',NULL,815,4,394,NULL),(3816,'2019-03-30 10:47:03','2019-04-06 10:47:03',2019,1,'2022-03-25 23:44:00',8,NULL,4,387,'baixa_pandemia_25_03_2022'),(3817,'2019-03-30 10:47:32','2019-04-06 10:47:32',2019,1,'2019-04-06 09:58:46',NULL,819,4,861,NULL),(3818,'2019-04-06 09:40:04','2019-04-13 09:40:04',2019,1,'2019-04-27 09:48:13',NULL,869,4,903,NULL),(3819,'2019-04-06 09:49:23','2019-04-13 09:49:23',2019,1,'2019-04-06 10:00:03',NULL,827,4,924,NULL),(3820,'2019-04-06 09:49:46','2019-04-13 09:49:46',2019,1,'2019-04-06 09:51:39',NULL,824,4,506,NULL),(3821,'2019-04-06 09:54:40','2019-04-13 09:54:40',2019,1,'2019-04-06 09:55:03',NULL,825,4,945,NULL),(3822,'2019-04-06 09:57:04','2019-04-13 09:57:04',2019,1,'2019-04-06 09:57:23',NULL,826,4,946,NULL),(3823,'2019-04-06 10:02:51','2019-04-13 10:02:51',2019,1,'2019-04-27 09:49:37',NULL,868,4,931,NULL),(3824,'2019-04-06 10:03:08','2019-04-13 10:03:08',2019,1,'2019-04-27 10:04:55',NULL,809,4,861,NULL),(3825,'2019-04-06 10:03:29','2019-04-13 10:03:29',2019,1,'2019-04-13 09:40:02',NULL,812,4,307,NULL),(3826,'2019-04-06 10:03:49','2019-04-13 10:03:49',2019,1,'2019-04-27 09:48:40',NULL,808,4,78,NULL),(3827,'2019-04-06 10:04:30','2019-04-13 10:04:30',2019,1,'2019-04-13 09:55:30',NULL,870,4,66,NULL),(3828,'2019-04-06 10:04:56','2019-04-13 10:04:56',2019,1,'2019-04-13 09:40:14',NULL,811,4,913,NULL),(3829,'2019-04-06 10:07:57','2019-04-13 10:07:57',2019,1,'2019-04-06 10:08:23',NULL,863,4,773,NULL),(3830,'2019-04-06 10:10:42','2019-04-13 10:10:42',2019,1,'2019-04-06 10:11:08',NULL,832,4,875,NULL),(3831,'2019-04-06 10:29:26','2019-04-13 10:29:26',2019,1,'2019-04-27 09:51:45',NULL,810,4,947,NULL),(3832,'2019-04-06 10:29:52','2019-04-13 10:29:52',2019,1,'2019-05-04 10:06:28',NULL,807,4,496,NULL),(3833,'2019-04-06 10:30:24','2019-04-13 10:30:24',2019,1,'2019-05-18 10:47:28',NULL,817,4,868,NULL),(3834,'2019-04-06 10:31:20','2019-04-13 10:31:20',2019,1,'2019-04-13 09:41:15',NULL,819,4,809,NULL),(3835,'2019-04-06 10:37:41','2019-04-13 10:37:41',2019,1,'2019-05-04 10:01:24',NULL,835,4,133,NULL),(3836,'2019-04-06 10:38:04','2019-04-13 10:38:04',2019,1,'2019-04-13 09:39:35',NULL,834,4,336,NULL),(3837,'2019-04-06 10:38:50','2019-04-13 10:38:50',2019,1,'2019-04-13 09:38:30',NULL,826,4,946,NULL),(3838,'2019-04-06 10:39:16','2019-04-13 10:39:16',2019,1,'2019-05-04 10:59:18',NULL,829,4,916,NULL),(3839,'2019-04-06 10:40:24','2019-04-13 10:40:24',2019,1,'2019-04-13 10:41:35',NULL,831,4,680,NULL),(3840,'2019-04-06 10:41:56','2019-04-13 10:41:56',2019,1,'2019-05-11 11:09:59',NULL,836,4,876,NULL),(3841,'2019-04-06 10:42:36','2019-04-13 10:42:36',2019,1,'2019-04-13 09:40:53',NULL,828,4,840,NULL),(3842,'2019-04-06 10:43:18','2019-04-13 10:43:18',2019,1,'2019-05-04 10:19:04',NULL,830,4,894,NULL),(3843,'2019-04-06 10:43:37','2019-04-13 10:43:37',2019,1,'2019-04-13 09:39:49',NULL,827,4,927,NULL),(3844,'2019-04-06 10:43:55','2019-04-13 10:43:55',2019,1,'2019-04-13 09:38:10',NULL,824,4,705,NULL),(3845,'2019-04-06 10:45:30','2019-04-13 10:45:30',2019,1,'2019-04-13 10:39:21',NULL,823,4,885,NULL),(3846,'2019-04-06 10:46:31','2019-04-13 10:46:31',2019,1,'2019-04-27 09:50:06',NULL,821,4,743,NULL),(3847,'2019-04-06 10:46:54','2019-04-13 10:46:54',2019,1,'2019-05-11 09:44:28',NULL,825,4,745,NULL),(3848,'2019-04-06 11:04:13','2019-04-13 11:04:13',2019,1,'2019-04-27 11:03:31',NULL,844,4,910,NULL),(3849,'2019-04-06 11:06:14','2019-04-13 11:06:14',2019,1,'2019-04-13 09:39:02',NULL,867,4,818,NULL),(3850,'2019-04-06 11:06:37','2019-04-13 11:06:37',2019,1,'2019-04-27 09:37:47',NULL,866,4,69,NULL),(3851,'2019-04-06 11:06:59','2019-04-13 11:06:59',2019,1,'2019-04-27 09:47:42',NULL,860,4,941,NULL),(3852,'2019-04-13 10:02:21','2019-04-20 10:02:21',2019,1,'2019-04-27 10:00:40',NULL,806,4,926,NULL),(3853,'2019-04-13 10:02:39','2019-04-20 10:02:39',2019,1,'2019-04-27 10:12:01',NULL,807,4,904,NULL),(3854,'2019-04-13 10:04:03','2019-04-20 10:04:03',2019,1,'2019-04-27 09:49:49',NULL,819,4,842,NULL),(3855,'2019-04-13 10:04:59','2019-04-20 10:04:59',2019,1,'2019-04-27 09:47:56',NULL,873,4,782,NULL),(3856,'2019-04-13 10:07:06','2019-04-20 10:07:06',2019,1,'2019-04-27 09:51:28',NULL,810,4,924,NULL),(3857,'2019-04-13 10:21:51','2019-04-20 10:21:51',2019,1,'2019-04-27 09:50:58',NULL,812,4,913,NULL),(3858,'2019-04-13 10:23:03','2019-04-20 10:23:03',2019,1,'2019-05-11 11:02:13',NULL,874,4,840,NULL),(3859,'2019-04-13 10:23:28','2019-04-20 10:23:28',2019,1,'2019-04-27 09:48:57',NULL,870,4,700,NULL),(3860,'2019-04-13 10:23:56','2019-04-20 10:23:56',2019,1,'2019-04-27 10:04:55',NULL,809,4,336,NULL),(3861,'2019-04-13 10:24:43','2019-04-20 10:24:43',2019,1,'2019-04-27 09:38:50',NULL,875,4,814,NULL),(3862,'2019-04-13 10:25:14','2019-04-20 10:25:14',2019,1,'2019-05-11 10:14:36',NULL,813,4,760,NULL),(3863,'2019-04-13 10:25:33','2019-04-20 10:25:33',2019,1,'2019-04-27 09:38:23',NULL,808,4,134,NULL),(3864,'2019-04-13 10:25:56','2019-04-20 10:25:56',2019,1,'2019-04-27 09:51:11',NULL,872,4,912,NULL),(3865,'2019-04-13 10:36:22','2019-04-20 10:36:22',2019,1,'2019-04-27 10:42:02',NULL,831,4,716,NULL),(3866,'2019-04-13 10:36:48','2019-04-20 10:36:48',2019,1,'2019-04-27 09:50:21',NULL,821,4,335,NULL),(3867,'2019-04-13 10:37:12','2019-04-20 10:37:12',2019,1,'2019-05-11 09:46:31',NULL,834,4,801,NULL),(3868,'2019-04-13 10:37:31','2019-04-20 10:37:31',2019,1,'2019-05-11 09:45:12',NULL,825,4,422,NULL),(3869,'2019-04-13 10:38:36','2019-04-20 10:38:36',2019,1,'2019-04-27 09:49:24',NULL,828,4,920,NULL),(3870,'2019-04-13 10:38:56','2019-04-20 10:38:56',2019,1,'2019-05-11 10:11:16',NULL,826,4,927,NULL),(3871,'2019-04-13 10:39:41','2019-04-20 10:39:41',2019,1,'2019-05-04 10:07:03',NULL,823,4,901,NULL),(3872,'2019-04-13 10:39:58','2019-04-20 10:39:58',2019,1,'2019-04-27 09:50:34',NULL,827,4,599,NULL),(3873,'2019-04-13 10:40:21','2019-04-20 10:40:21',2019,1,'2019-04-27 09:50:44',NULL,811,4,705,NULL),(3874,'2019-04-13 10:40:38','2019-04-20 10:40:38',2019,1,'2019-05-11 09:45:12',NULL,824,4,902,NULL),(3875,'2019-04-20 09:40:16','2019-04-27 09:40:16',2019,1,'2019-05-18 09:39:35',NULL,812,4,712,NULL),(3876,'2019-04-27 09:41:18','2019-05-04 09:41:18',2019,1,'2019-09-28 09:44:58',NULL,870,4,880,NULL),(3877,'2019-04-20 09:43:17','2019-04-27 09:43:17',2019,1,'2019-04-27 10:00:21',NULL,806,4,839,NULL),(3878,'2019-04-27 09:43:45','2019-05-04 09:43:45',2019,1,'2019-04-27 09:46:32',NULL,811,4,768,NULL),(3879,'2019-04-20 09:44:17','2019-04-27 09:44:17',2019,1,'2019-06-29 09:49:33',NULL,808,4,692,NULL),(3880,'2019-04-20 09:45:02','2019-04-27 09:45:02',2019,1,'2019-09-07 10:16:21',NULL,875,4,853,NULL),(3881,'2019-04-27 09:52:49','2019-05-04 09:52:49',2019,1,'2019-04-27 10:01:30',NULL,871,4,935,NULL),(3882,'2019-04-27 09:53:09','2019-05-04 09:53:09',2019,1,'2019-04-27 10:07:31',NULL,819,4,899,NULL),(3883,'2019-04-27 09:53:57','2019-05-04 09:53:57',2019,1,'2019-11-02 11:16:38',NULL,815,4,492,NULL),(3884,'2019-04-27 09:54:17','2019-05-04 09:54:17',2019,1,'2019-05-04 10:15:22',NULL,810,4,946,NULL),(3885,'2019-04-27 09:55:43','2019-05-04 09:55:43',2019,1,'2019-11-02 10:50:49',NULL,836,4,937,NULL),(3886,'2019-04-27 10:23:38','2019-05-04 10:23:38',2019,1,'2019-04-27 10:23:53',NULL,830,4,923,NULL),(3887,'2019-04-27 09:56:29','2019-05-04 09:56:29',2019,1,'2019-05-11 09:48:04',NULL,828,4,922,NULL),(3888,'2019-04-27 09:57:06','2019-05-04 09:57:06',2019,1,'2019-05-18 09:45:43',NULL,870,4,823,NULL),(3889,'2019-04-27 09:57:38','2019-05-04 09:57:38',2019,1,'2019-04-27 10:01:10',NULL,821,4,198,NULL),(3890,'2019-04-27 09:58:33','2019-05-04 09:58:33',2019,1,'2019-04-27 10:07:58',NULL,827,4,64,NULL),(3891,'2019-04-27 09:59:16','2019-05-04 09:59:16',2019,1,'2019-05-04 10:59:18',NULL,829,4,744,NULL),(3892,'2019-04-27 10:02:05','2019-05-04 10:02:05',2019,1,'2019-05-04 10:08:58',NULL,812,4,889,NULL),(3893,'2019-04-27 10:02:34','2019-05-04 10:02:34',2019,1,'2019-05-04 10:08:58',NULL,811,4,637,NULL),(3894,'2019-04-27 10:02:59','2019-05-04 10:02:59',2019,1,'2019-05-04 10:08:58',NULL,808,4,768,NULL),(3895,'2019-04-27 10:04:04','2019-05-04 10:04:04',2019,1,'2019-05-04 10:07:51',NULL,875,4,912,NULL),(3896,'2019-04-27 10:04:34','2019-05-04 10:04:34',2019,1,'2019-05-11 10:14:36',NULL,813,4,941,NULL),(3897,'2019-04-27 10:05:14','2019-05-04 10:05:14',2019,1,'2019-05-11 09:43:05',NULL,809,4,728,NULL),(3898,'2019-04-27 10:05:59','2019-05-04 10:05:59',2019,1,'2019-05-25 09:50:21',NULL,872,4,870,NULL),(3899,'2019-04-27 10:10:08','2019-05-04 10:10:08',2019,1,'2019-05-04 10:05:01',NULL,819,4,903,NULL),(3900,'2019-04-27 10:10:29','2019-05-04 10:10:29',2019,1,'2019-05-18 09:43:38',NULL,806,4,865,NULL),(3901,'2019-04-27 10:10:47','2019-05-04 10:10:47',2019,1,'2022-03-25 23:44:00',NULL,817,4,511,'baixa_pandemia_25_03_2022'),(3902,'2019-04-27 10:12:19','2019-05-04 10:12:19',2019,1,'2019-05-04 10:07:51',NULL,807,4,486,NULL),(3903,'2019-04-27 10:12:41','2019-05-04 10:12:41',2019,1,'2019-05-11 09:43:05',NULL,873,4,142,NULL),(3904,'2019-04-27 10:13:18','2019-05-04 10:13:18',2019,1,'2019-05-04 10:26:58',NULL,810,4,945,NULL),(3905,'2019-04-27 10:16:25','2019-05-04 10:16:25',2019,1,'2019-05-11 09:41:46',NULL,873,4,909,NULL),(3906,'2019-04-27 10:18:43','2019-05-04 10:18:43',2019,1,'2019-05-04 10:07:51',NULL,862,4,869,NULL),(3907,'2019-04-27 10:21:51','2019-05-04 10:21:51',2019,1,'2019-06-08 09:53:19',NULL,869,4,706,NULL),(3908,'2019-04-27 10:38:26','2019-05-04 10:38:26',2019,1,'2019-06-08 10:10:41',NULL,831,4,658,NULL),(3909,'2019-04-27 10:38:46','2019-05-04 10:38:46',2019,1,'2019-05-04 10:08:58',NULL,821,4,700,NULL),(3910,'2019-04-27 10:39:13','2019-05-04 10:39:13',2019,1,'2019-05-11 09:48:04',NULL,828,4,588,NULL),(3911,'2019-04-27 10:40:29','2019-05-04 10:40:29',2019,1,'2019-05-04 10:05:48',NULL,827,4,918,NULL),(3912,'2019-04-27 10:41:08','2019-05-04 10:41:08',2019,1,'2022-03-25 23:44:00',NULL,830,4,915,'baixa_pandemia_25_03_2022'),(3913,'2019-04-27 11:03:46','2019-05-04 11:03:46',2019,1,'2019-05-11 09:41:46',NULL,844,4,972,NULL),(3914,'2019-05-04 10:12:55','2019-05-11 10:12:55',2019,1,'2019-05-18 10:51:11',NULL,814,4,959,NULL),(3915,'2019-05-04 10:14:16','2019-05-11 10:14:16',2019,1,'2019-05-11 09:41:46',NULL,819,4,391,NULL),(3916,'2019-05-04 10:14:50','2019-05-11 10:14:50',2019,1,'2019-05-18 09:45:06',NULL,806,4,860,NULL),(3917,'2019-05-04 10:16:55','2019-05-11 10:16:55',2019,1,'2019-08-17 09:37:49',NULL,823,4,209,NULL),(3918,'2019-05-04 10:17:22','2019-05-11 10:17:22',2019,1,'2019-05-11 09:47:27',NULL,827,4,969,NULL),(3919,'2019-05-04 10:18:27','2019-05-11 10:18:27',2019,1,'2019-05-11 09:45:12',NULL,821,4,768,NULL),(3920,'2019-05-04 10:19:22','2019-05-11 10:19:22',2019,1,'2019-06-01 10:12:11',NULL,830,4,818,NULL),(3921,'2019-05-04 10:19:52','2019-05-11 10:19:52',2019,1,'2019-05-11 09:48:47',NULL,862,4,912,NULL),(3922,'2019-05-04 10:20:21','2019-05-11 10:20:21',2019,1,'2019-05-11 09:43:47',NULL,812,4,967,NULL),(3923,'2019-05-04 10:20:51','2019-05-11 10:20:51',2019,1,'2019-05-11 09:47:05',NULL,811,4,763,NULL),(3924,'2019-05-04 10:21:32','2019-05-11 10:21:32',2019,1,'2019-05-11 10:12:13',NULL,808,4,924,NULL),(3925,'2019-05-04 10:22:42','2019-05-11 10:22:42',2019,1,'2019-06-01 10:17:03',NULL,875,4,700,NULL),(3926,'2019-05-04 10:59:32','2019-05-11 10:59:32',2019,1,'2019-05-18 09:39:16',NULL,829,4,961,NULL),(3927,'2019-05-04 11:04:35','2019-05-11 11:04:35',2019,1,'2019-05-18 09:38:16',NULL,844,4,952,NULL),(3932,'2019-05-09 21:55:30','2019-05-16 21:55:30',2019,0,NULL,33,NULL,4,136,NULL),(3942,'2019-05-11 09:52:37','2019-05-18 09:52:37',2019,1,'2019-05-18 09:47:03',NULL,871,4,916,NULL),(3952,'2019-05-11 09:54:03','2019-05-18 09:54:03',2019,1,'2019-05-18 10:51:24',NULL,873,4,133,NULL),(3962,'2019-05-11 09:54:35','2019-05-18 09:54:35',2019,1,'2019-06-01 09:57:38',NULL,819,4,391,NULL),(3972,'2019-05-11 09:55:08','2019-05-18 09:55:08',2019,1,'2019-06-15 09:39:41',NULL,807,4,955,NULL),(3982,'2019-05-11 10:11:39','2019-05-18 10:11:39',2019,1,'2019-05-25 09:51:30',NULL,812,4,927,NULL),(3992,'2019-05-11 10:12:43','2019-05-18 10:12:43',2019,1,'2019-05-25 09:50:55',NULL,808,4,705,NULL),(4002,'2019-05-11 10:13:10','2019-05-18 10:13:10',2019,1,'2019-05-18 09:38:58',NULL,809,4,1022,NULL),(4012,'2019-05-11 10:13:42','2019-05-18 10:13:42',2019,1,'2019-05-25 09:51:54',NULL,811,4,912,NULL),(4022,'2019-05-11 10:14:56','2019-05-18 10:14:56',2019,1,'2019-06-22 10:25:03',NULL,813,4,1032,NULL),(4032,'2019-05-11 10:16:01','2019-05-18 10:16:01',2019,1,'2019-05-11 11:02:45',NULL,874,4,854,NULL),(4042,'2019-05-11 10:17:38','2019-05-18 10:17:38',2019,1,'2022-03-25 23:44:00',NULL,852,4,711,'baixa_pandemia_25_03_2022'),(4052,'2019-05-11 10:18:46','2019-05-18 10:18:46',2019,1,'2019-06-08 09:57:44',NULL,851,4,936,NULL),(4062,'2019-05-11 10:20:21','2019-05-18 10:20:21',2019,1,'2019-05-18 11:06:11',NULL,862,4,430,NULL),(4072,'2019-05-11 10:21:13','2019-05-18 10:21:13',2019,1,'2019-06-01 09:59:32',NULL,866,4,858,NULL),(4082,'2019-05-11 10:21:41','2019-05-18 10:21:41',2019,1,'2019-06-01 10:00:09',NULL,867,4,972,NULL),(4092,'2019-05-11 10:22:18','2019-05-18 10:22:18',2019,1,'2019-05-18 09:41:49',NULL,860,4,930,NULL),(4102,'2019-05-11 10:25:58','2019-05-18 10:25:58',2019,1,'2019-06-01 09:57:38',NULL,855,4,420,NULL),(4112,'2019-05-11 11:03:24','2019-05-18 11:03:24',2019,1,'2019-06-01 09:57:38',NULL,843,4,958,NULL),(4122,'2019-05-11 11:03:57','2019-05-18 11:03:57',2019,1,'2019-05-18 09:38:32',NULL,844,4,1182,NULL),(4132,'2019-05-11 11:04:23','2019-05-18 11:04:23',2019,1,'2019-05-25 09:45:43',NULL,846,4,954,NULL),(4142,'2019-05-11 11:04:45','2019-05-18 11:04:45',2019,1,'2019-05-18 09:41:08',NULL,834,4,963,NULL),(4152,'2019-05-11 11:05:21','2019-05-18 11:05:21',2019,1,'2019-05-18 09:41:29',NULL,827,4,496,NULL),(4162,'2019-05-11 11:07:35','2019-05-18 11:07:35',2019,1,'2019-05-18 11:06:38',NULL,821,4,1232,NULL),(4172,'2019-05-11 11:08:09','2019-05-18 11:08:09',2019,1,'2019-06-01 10:13:40',NULL,823,4,962,NULL),(4182,'2019-05-11 11:08:32','2019-05-18 11:08:32',2019,1,'2019-06-15 09:41:09',NULL,828,4,903,NULL),(4192,'2019-05-11 11:08:53','2019-05-18 11:08:53',2019,1,'2019-06-01 09:57:38',NULL,826,4,920,NULL),(4202,'2019-05-11 11:09:21','2019-05-18 11:09:21',2019,1,'2019-11-16 12:02:18',NULL,824,4,970,NULL),(4212,'2019-05-11 11:10:36','2019-05-18 11:10:36',2019,1,'2019-11-02 10:51:07',NULL,836,4,935,NULL),(4222,'2019-05-11 11:11:00','2019-05-18 11:11:00',2019,1,'2019-08-10 10:04:12',NULL,825,4,957,NULL),(4232,'2019-05-18 10:37:24','2019-05-25 10:37:24',2019,1,'2019-05-25 09:49:51',NULL,870,4,66,NULL),(4242,'2019-05-18 10:38:21','2019-05-25 10:38:21',2019,1,'2019-06-15 10:11:18',NULL,813,4,922,NULL),(4252,'2019-05-18 10:38:58','2019-05-25 10:38:58',2019,1,'2019-06-01 10:08:50',NULL,868,4,789,NULL),(4262,'2019-05-18 10:40:18','2019-05-25 10:40:18',2019,1,'2019-05-25 09:49:27',NULL,809,4,966,NULL),(4272,'2019-05-18 10:47:52','2019-05-25 10:47:52',2019,1,'2019-05-25 10:32:08',NULL,814,4,869,NULL),(4282,'2019-05-18 10:48:24','2019-05-25 10:48:24',2019,1,'2019-05-25 09:48:34',NULL,806,4,599,NULL),(4292,'2019-05-18 10:49:47','2019-05-25 10:49:47',2019,1,'2019-06-01 10:20:23',NULL,873,4,884,NULL),(4302,'2019-05-18 10:50:08','2019-05-25 10:50:08',2019,1,'2022-03-25 23:44:00',NULL,817,4,840,'baixa_pandemia_25_03_2022'),(4312,'2019-05-18 10:50:26','2019-05-25 10:50:26',2019,1,'2019-06-01 10:14:31',NULL,810,4,486,NULL),(4322,'2019-05-18 11:04:50','2019-05-25 11:04:50',2019,1,'2019-05-25 09:49:01',NULL,827,4,371,NULL),(4332,'2019-05-18 11:05:23','2019-05-25 11:05:23',2019,1,'2019-06-08 09:56:51',NULL,844,4,608,NULL),(4342,'2019-05-18 11:10:07','2019-05-25 11:10:07',2019,1,'2019-06-08 09:57:19',NULL,828,4,909,NULL),(4352,'2019-05-25 10:23:23','2019-06-01 10:23:23',2019,1,'2019-06-01 09:57:38',NULL,816,4,924,NULL),(4362,'2019-05-25 10:24:11','2019-06-01 10:24:11',2019,1,'2019-06-01 10:20:45',NULL,814,4,644,NULL),(4372,'2019-05-25 10:24:38','2019-06-01 10:24:38',2019,1,'2019-06-01 09:57:38',NULL,812,4,912,NULL),(4382,'2019-05-25 10:25:12','2019-06-01 10:25:12',2019,1,'2019-06-01 09:57:38',NULL,811,4,867,NULL),(4392,'2019-05-25 10:25:37','2019-06-01 10:25:37',2019,1,'2019-06-01 11:07:48',NULL,806,4,330,NULL),(4402,'2019-05-25 10:27:03','2019-06-01 10:27:03',2019,1,'2019-06-01 09:57:38',NULL,808,4,916,NULL),(4412,'2019-05-25 10:27:40','2019-06-01 10:27:40',2019,1,'2019-06-01 09:57:38',NULL,807,4,124,NULL),(4422,'2019-05-25 10:28:14','2019-06-01 10:28:14',2019,1,'2019-06-08 09:52:50',NULL,809,4,705,NULL),(4432,'2019-05-25 10:29:20','2019-06-01 10:29:20',2019,1,'2019-06-01 10:08:25',NULL,872,4,951,NULL),(4442,'2019-05-25 10:29:53','2019-06-01 10:29:53',2019,1,'2019-06-01 11:08:23',NULL,870,4,967,NULL),(4452,'2019-05-25 10:37:40','2019-06-01 10:37:40',2019,1,'2022-03-25 23:44:00',NULL,856,4,1182,'baixa_pandemia_25_03_2022'),(4462,'2019-05-25 10:38:03','2019-06-01 10:38:03',2019,1,'2022-03-25 23:44:00',NULL,860,4,885,'baixa_pandemia_25_03_2022'),(4472,'2019-05-25 11:02:43','2019-06-01 11:02:43',2019,1,'2019-06-01 09:57:38',NULL,827,4,902,NULL),(4482,'2019-05-25 11:10:01','2019-06-01 11:10:01',2019,1,'2019-06-15 09:39:41',NULL,838,4,694,NULL),(4492,'2019-06-01 10:09:16','2019-06-08 10:09:16',2019,1,'2019-06-08 09:56:23',NULL,827,4,58,NULL),(4502,'2019-06-01 10:09:45','2019-06-08 10:09:45',2019,1,'2019-06-08 09:55:49',NULL,826,4,728,NULL),(4512,'2019-06-01 10:10:01','2019-06-08 10:10:01',2019,1,'2019-06-22 10:09:04',NULL,834,4,934,NULL),(4522,'2019-06-01 10:10:35','2019-06-08 10:10:35',2019,1,'2019-06-08 10:09:18',NULL,824,4,860,NULL),(4532,'2019-06-01 10:11:45','2019-06-08 10:11:45',2019,1,'2019-06-22 10:11:43',NULL,821,4,596,NULL),(4542,'2019-06-01 10:12:38','2019-06-08 10:12:38',2019,1,'2022-03-25 23:44:00',NULL,830,4,1022,'baixa_pandemia_25_03_2022'),(4552,'2019-06-01 10:12:53','2019-06-08 10:12:53',2019,1,'2019-06-08 09:54:16',NULL,825,4,189,NULL),(4562,'2019-06-01 10:13:58','2019-06-08 10:13:58',2019,1,'2019-06-15 09:39:41',NULL,823,4,895,NULL),(4572,'2019-06-01 10:15:18','2019-06-08 10:15:18',2019,1,'2019-06-15 09:39:41',NULL,811,4,946,NULL),(4582,'2019-06-01 10:15:39','2019-06-08 10:15:39',2019,1,'2019-06-15 09:39:41',NULL,812,4,904,NULL),(4592,'2019-06-01 10:16:10','2019-06-08 10:16:10',2019,1,'2019-06-08 09:53:52',NULL,868,4,595,NULL),(4602,'2019-06-01 10:17:28','2019-06-08 10:17:28',2019,1,'2019-06-15 09:39:41',NULL,875,4,599,NULL),(4612,'2019-06-01 10:17:56','2019-06-08 10:17:56',2019,1,'2019-06-15 10:11:18',NULL,808,4,841,NULL),(4622,'2019-06-01 10:19:31','2019-06-08 10:19:31',2019,1,'2019-06-08 10:39:29',NULL,874,4,940,NULL),(4632,'2019-06-01 10:56:41','2019-06-08 10:56:41',2019,1,'2019-06-15 09:39:41',NULL,806,4,959,NULL),(4642,'2019-06-01 10:56:57','2019-06-08 10:56:57',2019,1,'2019-06-08 09:59:04',NULL,819,4,842,NULL),(4652,'2019-06-01 10:57:22','2019-06-08 10:57:22',2019,1,'2019-06-15 09:39:41',NULL,873,4,123,NULL),(4662,'2019-06-01 10:57:41','2019-06-08 10:57:41',2019,1,'2019-08-10 09:57:33',NULL,871,4,958,NULL),(4672,'2019-06-01 10:57:58','2019-06-08 10:57:58',2019,1,'2019-06-15 09:39:41',NULL,807,4,953,NULL),(4682,'2019-06-01 10:58:18','2019-06-08 10:58:18',2019,1,'2019-06-22 10:45:12',NULL,810,4,588,NULL),(4692,'2019-06-01 10:58:33','2019-06-08 10:58:33',2019,1,'2019-11-02 10:59:16',NULL,815,4,62,NULL),(4702,'2019-06-01 10:58:50','2019-06-08 10:58:50',2019,1,'2019-06-15 09:39:41',NULL,816,4,902,NULL),(4712,'2019-06-01 10:59:12','2019-06-08 10:59:12',2019,1,'2022-03-25 23:44:00',NULL,814,4,823,'baixa_pandemia_25_03_2022'),(4722,'2019-06-08 09:46:33','2019-06-15 09:46:33',2019,1,'2019-08-17 11:11:27',NULL,819,4,861,NULL),(4732,'2019-06-08 09:47:17','2019-06-15 09:47:17',2019,1,'2019-06-08 09:50:14',NULL,810,4,905,NULL),(4742,'2019-06-08 10:03:50','2019-06-15 10:03:50',2019,1,'2019-06-22 10:18:30',NULL,821,4,969,NULL),(4752,'2019-06-08 10:04:25','2019-06-15 10:04:25',2019,1,'2019-06-15 09:39:41',NULL,828,4,716,NULL),(4762,'2019-06-08 10:06:35','2019-06-15 10:06:35',2019,1,'2019-06-15 09:39:41',NULL,825,4,839,NULL),(4772,'2019-06-08 10:07:01','2019-06-15 10:07:01',2019,1,'2019-06-15 11:13:13',NULL,827,4,595,NULL),(4782,'2019-06-08 10:08:47','2019-06-15 10:08:47',2019,1,'2019-10-12 10:16:24',NULL,831,4,656,NULL),(4792,'2019-06-08 10:09:34','2019-06-15 10:09:34',2019,1,'2019-06-15 09:39:41',NULL,824,4,952,NULL),(4802,'2019-06-08 10:10:03','2019-06-15 10:10:03',2019,1,'2019-06-15 09:39:41',NULL,826,4,132,NULL),(4812,'2019-06-08 10:38:46','2019-06-15 10:38:46',2019,1,'2019-06-22 10:16:19',NULL,809,4,842,NULL),(4822,'2019-06-08 10:36:03','2019-06-15 10:36:03',2019,1,'2019-06-22 10:47:07',NULL,868,4,729,NULL),(4832,'2019-06-08 10:36:38','2019-06-15 10:36:38',2019,1,'2019-08-03 09:47:20',NULL,872,4,927,NULL),(4842,'2019-06-08 10:37:15','2019-06-15 10:37:15',2019,1,'2019-09-21 09:42:12',NULL,869,4,909,NULL),(4852,'2019-06-08 10:38:06','2019-06-15 10:38:06',2019,1,'2019-08-10 10:51:58',NULL,874,4,1232,NULL),(4862,'2019-06-08 11:00:14','2019-06-15 11:00:14',2019,1,'2019-06-22 10:14:54',NULL,844,4,1172,NULL),(4872,'2019-06-08 11:03:42','2019-06-15 11:03:42',2019,1,'2019-06-22 10:19:44',NULL,866,4,972,NULL),(4882,'2019-06-08 11:04:07','2019-06-15 11:04:07',2019,1,'2019-06-22 10:20:49',NULL,867,4,869,NULL),(4892,'2019-06-08 11:04:25','2019-06-15 11:04:25',2019,1,'2019-06-15 09:39:41',NULL,846,4,910,NULL),(4902,'2019-06-08 11:04:52','2019-06-15 11:04:52',2019,1,'2019-06-29 09:49:09',NULL,882,4,916,NULL),(4912,'2019-06-08 11:05:53','2019-06-15 11:05:53',2019,1,'2019-06-29 09:44:39',NULL,863,4,486,NULL),(4922,'2019-06-15 10:12:35','2019-06-22 10:12:35',2019,1,'2019-08-03 09:45:34',NULL,870,4,79,NULL),(4932,'2019-06-15 10:14:02','2019-06-22 10:14:02',2019,1,'2019-10-12 09:48:35',NULL,892,4,844,NULL),(4942,'2019-06-15 10:14:43','2019-06-22 10:14:43',2019,1,'2019-09-21 10:07:25',NULL,813,4,768,NULL),(4952,'2019-06-15 10:15:38','2019-06-22 10:15:38',2019,1,'2019-06-29 09:48:40',NULL,811,4,904,NULL),(4962,'2019-06-15 10:16:13','2019-06-22 10:16:13',2019,1,'2019-06-29 09:48:12',NULL,812,4,391,NULL),(4972,'2019-06-15 10:16:53','2019-06-22 10:16:53',2019,1,'2019-06-22 10:17:58',NULL,808,4,726,NULL),(4982,'2019-06-15 10:43:27','2019-06-22 10:43:27',2019,1,'2019-09-28 09:40:15',NULL,806,4,953,NULL),(4992,'2019-06-15 10:43:58','2019-06-22 10:43:58',2019,1,'2019-06-29 09:47:03',NULL,816,4,930,NULL),(5002,'2019-06-15 10:44:21','2019-06-22 10:44:21',2019,1,'2019-08-17 09:37:49',NULL,807,4,949,NULL),(5012,'2019-06-15 10:45:10','2019-06-22 10:45:10',2019,1,'2019-06-22 10:18:55',NULL,819,4,831,NULL),(5022,'2019-06-15 10:45:37','2019-06-22 10:45:37',2019,1,'2022-03-25 23:44:00',NULL,873,4,926,'baixa_pandemia_25_03_2022'),(5032,'2019-06-15 11:04:18','2019-06-22 11:04:18',2019,1,'2019-08-17 09:44:27',NULL,823,4,955,NULL),(5042,'2019-06-15 11:07:23','2019-06-22 11:07:23',2019,1,'2019-06-29 09:51:33',NULL,826,4,922,NULL),(5052,'2019-06-15 11:08:08','2019-06-22 11:08:08',2019,1,'2019-06-22 10:21:11',NULL,843,4,826,NULL),(5062,'2019-06-15 11:11:09','2019-06-22 11:11:09',2019,1,'2019-08-17 09:37:49',NULL,824,4,895,NULL),(5072,'2019-06-15 11:11:44','2019-06-22 11:11:44',2019,1,'2019-06-29 09:50:45',NULL,825,4,860,NULL),(5082,'2019-06-15 11:12:06','2019-06-22 11:12:06',2019,1,'2019-06-22 10:20:25',NULL,828,4,344,NULL),(5092,'2019-06-22 10:08:17','2019-06-29 10:08:17',2019,1,'2019-08-03 09:50:11',NULL,828,4,829,NULL),(5102,'2019-06-22 10:09:28','2019-06-29 10:09:28',2019,1,'2019-06-29 09:51:56',NULL,834,4,655,NULL),(5112,'2019-06-22 10:10:45','2019-06-29 10:10:45',2019,1,'2019-06-29 09:50:20',NULL,827,4,801,NULL),(5122,'2019-06-22 10:11:11','2019-06-29 10:11:11',2019,1,'2019-06-29 09:51:08',NULL,826,4,899,NULL),(5132,'2019-06-22 10:12:00','2019-06-29 10:12:00',2019,1,'2019-06-29 09:47:47',NULL,821,4,839,NULL),(5142,'2019-06-22 10:13:23','2019-06-29 10:13:23',2019,1,'2022-03-25 23:44:00',NULL,902,4,959,'baixa_pandemia_25_03_2022'),(5152,'2019-06-22 10:21:48','2019-06-29 10:21:48',2019,1,'2019-08-10 10:14:33',NULL,868,4,884,NULL),(5162,'2019-06-22 10:22:24','2019-06-29 10:22:24',2019,1,'2019-06-29 09:49:52',NULL,808,4,902,NULL),(5172,'2019-06-22 10:23:23','2019-06-29 10:23:23',2019,1,'2019-06-29 09:46:23',NULL,875,4,236,NULL),(5182,'2019-06-22 10:23:48','2019-06-29 10:23:48',2019,1,'2019-06-29 09:43:24',NULL,809,4,123,NULL),(5192,'2019-06-22 10:25:22','2019-06-29 10:25:22',2019,1,'2019-06-29 09:45:44',NULL,813,4,867,NULL),(5202,'2019-06-22 10:25:52','2019-06-29 10:25:52',2019,1,'2019-09-28 10:46:33',NULL,819,4,791,NULL),(5212,'2019-06-22 10:26:57','2019-06-29 10:26:57',2019,1,'2019-08-17 09:39:03',NULL,816,4,921,NULL),(5222,'2019-06-22 10:29:49','2019-06-29 10:29:49',2019,1,'2019-06-29 10:47:08',NULL,806,4,966,NULL),(5232,'2019-06-22 10:28:25','2019-06-29 10:28:25',2019,1,'2019-06-29 10:50:15',NULL,810,4,1122,NULL),(5242,'2019-06-22 10:35:23','2019-06-29 10:35:23',2019,1,'2019-08-10 09:48:56',NULL,807,4,1242,NULL),(5252,'2019-06-22 11:07:53','2019-06-29 11:07:53',2019,1,'2019-06-29 09:44:03',NULL,844,4,819,NULL),(5262,'2019-06-22 11:09:12','2019-06-29 11:09:12',2019,1,'2019-08-03 09:48:07',NULL,835,4,717,NULL),(5272,'2019-06-22 11:10:08','2019-06-29 11:10:08',2019,1,'2019-08-03 09:46:52',NULL,864,4,972,NULL),(5282,'2019-06-29 10:42:31','2019-07-06 10:42:31',2019,1,'2019-08-17 09:37:49',NULL,826,4,930,NULL),(5292,'2019-06-29 10:43:33','2019-07-06 10:43:33',2019,0,NULL,NULL,834,4,700,NULL),(5302,'2019-06-29 10:44:59','2019-07-06 10:44:59',2019,1,'2019-08-17 09:37:49',NULL,825,4,860,NULL),(5312,'2019-06-29 10:47:26','2019-07-06 10:47:26',2019,1,'2019-08-03 09:44:25',NULL,806,4,658,NULL),(5322,'2019-06-29 10:51:28','2019-07-06 10:51:28',2019,1,'2019-08-03 09:48:47',NULL,810,4,869,NULL),(5332,'2019-06-29 10:56:11','2019-07-06 10:56:11',2019,1,'2019-08-10 09:57:33',NULL,844,4,855,NULL),(5342,'2019-08-10 09:43:12','2019-08-17 09:43:12',2019,1,'2019-08-24 09:38:50',NULL,808,4,826,NULL),(5352,'2019-08-10 09:45:17','2019-08-17 09:45:17',2019,1,'2019-08-10 10:23:14',NULL,870,4,79,NULL),(5362,'2019-08-10 09:45:46','2019-08-17 09:45:46',2019,1,'2019-08-10 10:08:54',NULL,874,4,940,NULL),(5372,'2019-08-10 09:46:09','2019-08-17 09:46:09',2019,1,'2019-08-10 09:57:33',NULL,809,4,700,NULL),(5382,'2019-08-10 09:46:36','2019-08-17 09:46:36',2019,1,'2019-08-10 10:03:13',NULL,872,4,929,NULL),(5392,'2019-08-10 09:46:56','2019-08-17 09:46:56',2019,1,'2019-10-05 10:14:10',NULL,811,4,927,NULL),(5402,'2019-08-10 09:47:14','2019-08-17 09:47:14',2019,1,'2019-08-10 10:01:23',NULL,812,4,589,NULL),(5412,'2019-08-10 09:47:44','2019-08-17 09:47:44',2019,1,'2019-08-10 10:24:09',NULL,806,4,599,NULL),(5422,'2019-08-10 09:48:13','2019-08-17 09:48:13',2019,1,'2019-08-10 10:30:43',NULL,810,4,908,NULL),(5432,'2019-08-10 09:49:22','2019-08-17 09:49:22',2019,1,'2019-09-28 09:48:26',NULL,807,4,236,NULL),(5442,'2019-08-10 10:04:34','2019-08-17 10:04:34',2019,1,'2019-11-09 10:46:04',NULL,813,4,957,NULL),(5452,'2019-08-10 10:04:55','2019-08-17 10:04:55',2019,1,'2019-08-24 09:38:50',NULL,808,4,967,NULL),(5462,'2019-08-10 10:05:29','2019-08-17 10:05:29',2019,1,'2019-08-17 09:37:49',NULL,812,4,941,NULL),(5472,'2019-08-10 10:05:50','2019-08-17 10:05:50',2019,1,'2019-08-17 09:40:07',NULL,811,4,589,NULL),(5482,'2019-08-10 10:06:12','2019-08-17 10:06:12',2019,1,'2019-08-17 09:37:49',NULL,875,4,659,NULL),(5492,'2019-08-10 10:07:34','2019-08-17 10:07:34',2019,1,'2019-08-24 09:38:50',NULL,868,4,842,NULL),(5502,'2019-08-10 10:07:50','2019-08-17 10:07:50',2019,1,'2019-08-24 09:38:50',NULL,809,4,389,NULL),(5512,'2019-08-10 10:08:08','2019-08-17 10:08:08',2019,1,'2019-08-17 09:37:49',NULL,872,4,905,NULL),(5522,'2019-08-10 10:09:30','2019-08-17 10:09:30',2019,1,'2019-08-17 09:37:49',NULL,874,4,700,NULL),(5532,'2019-08-10 10:09:48','2019-08-17 10:09:48',2019,1,'2019-08-17 09:37:49',NULL,828,4,958,NULL),(5542,'2019-08-10 10:23:30','2019-08-17 10:23:30',2019,1,'2020-03-14 10:17:34',NULL,870,4,689,NULL),(5552,'2019-08-10 10:58:17','2019-08-17 10:58:17',2019,1,'2019-08-31 11:04:20',NULL,882,4,972,NULL),(5562,'2019-08-10 10:59:17','2019-08-17 10:59:17',2019,1,'2019-08-24 09:38:50',NULL,844,4,356,NULL),(5572,'2019-08-10 11:00:28','2019-08-17 11:00:28',2019,1,'2019-08-17 09:37:49',NULL,846,4,916,NULL),(5582,'2019-08-10 11:02:01','2019-08-17 11:02:01',2019,1,'2019-08-17 09:37:49',NULL,846,4,916,NULL),(5592,'2019-08-10 11:05:46','2019-08-17 11:05:46',2019,1,'2019-08-31 09:46:47',NULL,810,4,496,NULL),(5602,'2019-08-17 10:06:52','2019-08-24 10:06:52',2019,1,'2019-08-24 09:39:24',NULL,811,4,700,NULL),(5612,'2019-08-17 10:07:09','2019-08-24 10:07:09',2019,1,'2019-08-24 09:38:50',NULL,812,4,922,NULL),(5622,'2019-08-17 10:07:41','2019-08-24 10:07:41',2019,1,'2019-08-31 09:47:53',NULL,872,4,952,NULL),(5632,'2019-08-17 10:09:13','2019-08-24 10:09:13',2019,1,'2019-09-07 09:41:08',NULL,869,4,902,NULL),(5642,'2019-08-17 10:08:33','2019-08-24 10:08:33',2019,1,'2019-08-31 09:49:26',NULL,875,4,814,NULL),(5652,'2019-08-17 10:30:43','2019-08-24 10:30:43',2019,1,'2019-08-31 09:47:28',NULL,810,4,949,NULL),(5662,'2019-08-17 10:31:19','2019-08-24 10:31:19',2019,1,'2019-08-24 09:39:52',NULL,807,4,921,NULL),(5672,'2019-08-17 10:31:41','2019-08-24 10:31:41',2019,1,'2019-08-31 09:46:21',NULL,816,4,969,NULL),(5682,'2019-08-17 11:07:52','2019-08-24 11:07:52',2019,1,'2019-08-31 09:41:21',NULL,827,4,936,NULL),(5692,'2019-08-17 11:08:48','2019-08-24 11:08:48',2019,1,'2019-08-24 09:38:50',NULL,821,4,848,NULL),(5702,'2019-08-17 11:09:10','2019-08-24 11:09:10',2019,1,'2019-09-07 10:49:59',NULL,821,4,950,NULL),(5712,'2019-08-17 11:11:56','2019-08-24 11:11:56',2019,1,'2019-09-07 09:41:53',NULL,819,4,839,NULL),(5722,'2019-08-24 09:58:30','2019-08-31 09:58:30',2019,1,'2019-08-31 09:48:49',NULL,812,4,134,NULL),(5732,'2019-08-24 09:58:51','2019-08-31 09:58:51',2019,1,'2019-08-31 09:49:44',NULL,811,4,946,NULL),(5742,'2019-08-24 09:59:07','2019-08-31 09:59:07',2019,1,'2019-08-31 09:48:24',NULL,808,4,389,NULL),(5752,'2019-08-24 09:59:26','2019-08-31 09:59:26',2019,1,'2019-08-31 09:48:07',NULL,868,4,705,NULL),(5762,'2019-08-24 09:59:58','2019-08-31 09:59:58',2019,1,'2019-08-31 09:42:31',NULL,809,4,923,NULL),(5772,'2019-08-24 10:31:33','2019-08-31 10:31:33',2019,1,'2019-08-31 09:40:49',NULL,807,4,782,NULL),(5782,'2019-08-24 10:32:47','2019-08-31 10:32:47',2019,1,'2019-08-31 09:45:59',NULL,816,4,435,NULL),(5792,'2019-08-24 10:33:23','2019-08-31 10:33:23',2019,1,'2019-09-14 09:40:08',NULL,871,4,917,NULL),(5802,'2019-08-24 11:08:49','2019-08-31 11:08:49',2019,1,'2019-08-31 09:49:08',NULL,827,4,595,NULL),(5812,'2019-08-24 11:09:16','2019-08-31 11:09:16',2019,1,'2019-08-31 09:41:46',NULL,844,4,958,NULL),(5822,'2019-08-31 09:51:58','2019-09-07 09:51:58',2019,1,'2019-09-21 09:54:18',NULL,810,4,599,NULL),(5832,'2019-08-31 09:52:25','2019-09-07 09:52:25',2019,1,'2019-09-07 09:39:23',NULL,816,4,745,NULL),(5842,'2019-08-31 09:52:58','2019-09-07 09:52:58',2019,1,'2019-09-28 09:40:46',NULL,807,4,934,NULL),(5852,'2019-08-31 10:07:21','2019-09-07 10:07:21',2019,1,'2019-09-21 09:43:02',NULL,808,4,831,NULL),(5862,'2019-08-31 10:07:45','2019-09-07 10:07:45',2019,1,'2019-09-07 09:42:40',NULL,811,4,904,NULL),(5872,'2019-08-31 10:08:09','2019-09-07 10:08:09',2019,1,'2019-09-07 09:42:51',NULL,812,4,486,NULL),(5882,'2019-08-31 10:08:39','2019-09-07 10:08:39',2019,1,'2019-09-14 11:05:19',NULL,875,4,655,NULL),(5892,'2019-08-31 10:09:21','2019-09-07 10:09:21',2019,1,'2019-09-14 10:16:55',NULL,868,4,1242,NULL),(5902,'2019-08-31 10:10:16','2019-09-07 10:10:16',2019,1,'2019-11-02 10:48:43',NULL,872,4,697,NULL),(5912,'2019-08-31 10:10:51','2019-09-07 10:10:51',2019,1,'2019-09-07 09:38:28',NULL,809,4,899,NULL),(5922,'2019-08-31 10:13:35','2019-09-07 10:13:35',2019,1,'2019-11-23 10:41:32',NULL,828,4,617,NULL),(5932,'2019-08-31 10:14:34','2019-09-07 10:14:34',2019,1,'2019-09-07 09:40:18',NULL,825,4,716,NULL),(5942,'2019-08-31 10:15:17','2019-09-07 10:15:17',2019,1,'2019-09-07 09:40:53',NULL,821,4,943,NULL),(5952,'2019-08-31 10:17:06','2019-09-07 10:17:06',2019,1,'2019-09-07 09:40:40',NULL,826,4,867,NULL),(5962,'2019-08-31 10:17:31','2019-09-07 10:17:31',2019,1,'2019-09-07 09:40:01',NULL,824,4,908,NULL),(5972,'2019-08-31 10:18:30','2019-09-07 10:18:30',2019,1,'2022-03-25 23:44:00',NULL,912,4,1032,'baixa_pandemia_25_03_2022'),(5982,'2019-08-31 10:18:53','2019-09-07 10:18:53',2019,1,'2019-09-28 09:52:39',NULL,823,4,79,NULL),(5992,'2019-08-31 10:19:22','2019-09-07 10:19:22',2019,1,'2019-09-07 09:38:58',NULL,827,4,895,NULL),(6002,'2019-08-31 10:19:50','2019-09-07 10:19:50',2019,1,'2019-09-07 10:56:54',NULL,832,4,534,NULL),(6012,'2019-08-31 11:03:11','2019-09-07 11:03:11',2019,1,'2020-02-26 10:49:06',NULL,843,4,124,NULL),(6022,'2019-08-31 11:03:45','2019-09-07 11:03:45',2019,1,'2019-09-14 09:38:37',NULL,844,4,505,NULL),(6032,'2019-08-31 11:04:54','2019-09-07 11:04:54',2019,1,'2019-09-07 09:39:43',NULL,846,4,958,NULL),(6042,'2019-09-07 10:14:34','2019-09-14 10:14:34',2019,1,'2020-02-26 10:25:25',NULL,808,4,922,NULL),(6052,'2019-09-07 10:15:04','2019-09-14 10:15:04',2019,1,'2019-09-14 09:43:49',NULL,811,4,712,NULL),(6062,'2019-09-07 10:15:32','2019-09-14 10:15:32',2019,1,'2019-09-14 09:44:04',NULL,812,4,1062,NULL),(6072,'2019-09-07 10:16:52','2019-09-14 10:16:52',2019,1,'2019-09-14 10:16:33',NULL,869,4,853,NULL),(6082,'2019-09-07 10:17:16','2019-09-14 10:17:16',2019,1,'2019-09-14 09:40:43',NULL,868,4,1232,NULL),(6092,'2019-09-07 10:19:59','2019-09-14 10:19:59',2019,1,'2019-09-14 09:41:14',NULL,809,4,967,NULL),(6102,'2019-09-07 10:32:45','2019-09-14 10:32:45',2019,1,'2019-09-28 09:40:30',NULL,806,4,335,NULL),(6112,'2019-09-07 10:33:13','2019-09-14 10:33:13',2019,1,'2019-09-21 09:53:54',NULL,810,4,717,NULL),(6122,'2019-09-07 10:33:51','2019-09-14 10:33:51',2019,1,'2019-09-14 09:50:37',NULL,819,4,1042,NULL),(6132,'2019-09-07 10:34:10','2019-09-14 10:34:10',2019,1,'2019-10-19 09:38:53',NULL,816,4,1192,NULL),(6142,'2019-09-07 10:50:32','2019-09-14 10:50:32',2019,1,'2019-09-21 09:43:53',NULL,821,4,949,NULL),(6152,'2019-09-07 10:51:09','2019-09-14 10:51:09',2019,1,'2019-09-14 09:41:47',NULL,825,4,1102,NULL),(6162,'2019-09-07 10:51:44','2019-09-14 10:51:44',2019,1,'2019-09-14 09:43:12',NULL,824,4,1112,NULL),(6172,'2019-09-07 10:52:17','2019-09-14 10:52:17',2019,1,'2020-03-14 09:46:29',NULL,822,4,843,NULL),(6182,'2019-09-07 10:52:43','2019-09-14 10:52:43',2019,1,'2019-09-14 09:43:29',NULL,834,4,920,NULL),(6192,'2019-09-07 10:53:13','2019-09-14 10:53:13',2019,1,'2019-09-14 09:41:34',NULL,826,4,1072,NULL),(6202,'2019-09-07 10:53:47','2019-09-14 10:53:47',2019,1,'2019-09-14 10:15:50',NULL,829,4,839,NULL),(6212,'2019-09-07 10:54:16','2019-09-14 10:54:16',2019,1,'2019-09-14 09:41:00',NULL,827,4,899,NULL),(6222,'2019-09-07 11:02:33','2019-09-14 11:02:33',2019,1,'2019-10-19 09:39:08',NULL,846,4,913,NULL),(6232,'2019-09-14 10:06:27','2019-09-21 10:06:27',2019,1,'2019-09-21 09:42:46',NULL,811,4,722,NULL),(6242,'2019-09-14 10:06:49','2019-09-21 10:06:49',2019,1,'2019-09-21 09:41:26',NULL,812,4,1262,NULL),(6252,'2019-09-14 10:08:41','2019-09-21 10:08:41',2019,1,'2019-09-21 10:09:58',NULL,868,4,946,NULL),(6262,'2019-09-14 10:09:07','2019-09-21 10:09:07',2019,1,'2019-09-21 09:41:42',NULL,809,4,916,NULL),(6272,'2019-09-14 10:09:44','2019-09-21 10:09:44',2019,1,'2019-10-05 10:17:15',NULL,875,4,952,NULL),(6282,'2019-09-14 10:10:18','2019-09-21 10:10:18',2019,1,'2019-10-12 09:43:42',NULL,834,4,780,NULL),(6292,'2019-09-14 10:11:41','2019-09-21 10:11:41',2019,1,'2022-03-25 23:44:00',NULL,912,4,829,'baixa_pandemia_25_03_2022'),(6302,'2019-09-14 10:12:15','2019-09-21 10:12:15',2019,1,'2020-03-14 09:46:01',NULL,822,4,923,NULL),(6312,'2019-09-14 10:12:35','2019-09-21 10:12:35',2019,1,'2019-09-21 11:00:24',NULL,832,4,486,NULL),(6322,'2019-09-14 10:12:59','2019-09-21 10:12:59',2019,1,'2019-10-05 09:41:09',NULL,826,4,1062,NULL),(6332,'2019-09-14 10:13:25','2019-09-21 10:13:25',2019,1,'2022-03-25 23:44:00',NULL,833,4,958,'baixa_pandemia_25_03_2022'),(6342,'2019-09-14 10:13:57','2019-09-21 10:13:57',2019,1,'2019-10-05 09:40:51',NULL,825,4,1082,NULL),(6352,'2019-09-14 10:14:28','2019-09-21 10:14:28',2019,1,'2019-09-21 09:42:26',NULL,827,4,371,NULL),(6362,'2019-09-14 10:14:54','2019-09-21 10:14:54',2019,1,'2022-03-25 23:44:00',NULL,835,4,921,'baixa_pandemia_25_03_2022'),(6372,'2019-09-14 10:15:20','2019-09-21 10:15:20',2019,1,'2019-09-21 09:44:35',NULL,824,4,1052,NULL),(6382,'2019-09-14 10:42:28','2019-09-21 10:42:28',2019,1,'2019-09-21 09:43:17',NULL,816,4,1092,NULL),(6392,'2019-09-14 10:43:00','2019-09-21 10:43:00',2019,1,'2019-11-02 10:55:03',NULL,871,4,319,NULL),(6402,'2019-09-14 10:43:27','2019-09-21 10:43:27',2019,1,'2019-09-28 09:39:40',NULL,819,4,1072,NULL),(6412,'2019-09-14 09:45:39','2019-09-21 09:45:39',2019,1,'2019-09-21 09:45:56',NULL,821,4,938,NULL),(6422,'2019-09-21 10:04:11','2019-09-28 10:04:11',2019,1,'2019-09-28 09:41:57',NULL,812,4,779,NULL),(6432,'2019-09-21 10:08:36','2019-09-28 10:08:36',2019,1,'2019-09-28 10:12:51',NULL,869,4,853,NULL),(6442,'2019-09-21 10:05:04','2019-09-28 10:05:04',2019,1,'2019-09-28 09:41:37',NULL,811,4,635,NULL),(6452,'2019-09-21 10:05:32','2019-09-28 10:05:32',2019,1,'2019-09-28 10:04:49',NULL,808,4,869,NULL),(6462,'2019-09-21 10:05:55','2019-09-28 10:05:55',2019,1,'2019-09-28 09:41:03',NULL,868,4,599,NULL),(6472,'2019-09-21 10:06:24','2019-09-28 10:06:24',2019,1,'2019-10-12 09:41:39',NULL,872,4,731,NULL),(6482,'2019-09-21 10:07:45','2019-09-28 10:07:45',2019,1,'2019-10-19 10:17:37',NULL,813,4,745,NULL),(6492,'2019-09-21 10:09:07','2019-09-28 10:09:07',2019,1,'2019-09-28 10:55:14',NULL,809,4,826,NULL),(6502,'2019-09-21 10:12:09','2019-09-28 10:12:09',2019,1,'2019-11-02 10:53:54',NULL,871,4,384,NULL),(6512,'2019-09-21 10:12:42','2019-09-28 10:12:42',2019,1,'2019-10-05 09:39:27',NULL,810,4,1112,NULL),(6522,'2019-09-21 11:02:18','2019-09-28 11:02:18',2019,1,'2019-10-05 10:12:39',NULL,844,4,1002,NULL),(6532,'2019-09-21 11:02:43','2019-09-28 11:02:43',2019,1,'2019-09-28 09:41:19',NULL,827,4,330,NULL),(6542,'2019-09-21 11:03:22','2019-09-28 11:03:22',2019,1,'2019-09-28 10:50:09',NULL,882,4,972,NULL),(6552,'2019-09-21 11:05:53','2019-09-28 11:05:53',2019,1,'2022-03-25 23:44:00',22,NULL,4,343,'baixa_pandemia_25_03_2022'),(6562,'2019-09-21 11:07:12','2019-09-28 11:07:12',2019,1,'2019-10-19 09:40:43',NULL,864,4,916,NULL),(6572,'2019-09-28 09:58:47','2019-10-05 09:58:47',2019,1,'2019-10-19 09:42:55',NULL,811,4,768,NULL),(6582,'2019-09-28 10:00:39','2019-10-05 10:00:39',2019,1,'2022-03-25 23:44:00',NULL,922,4,1312,'baixa_pandemia_25_03_2022'),(6592,'2019-09-28 10:06:40','2019-10-05 10:06:40',2019,1,'2019-10-05 10:11:57',NULL,869,4,700,NULL),(6602,'2019-09-28 10:01:36','2019-10-05 10:01:36',2019,1,'2019-10-19 09:42:35',NULL,812,4,864,NULL),(6612,'2019-09-28 10:02:51','2019-10-05 10:02:51',2019,0,NULL,NULL,809,4,744,NULL),(6622,'2019-09-28 10:03:21','2019-10-05 10:03:21',2019,1,'2019-10-05 09:37:36',NULL,870,4,1212,NULL),(6632,'2019-09-28 10:05:07','2019-10-05 10:05:07',2019,1,'2019-10-05 10:13:29',NULL,808,4,356,NULL),(6642,'2019-09-28 10:05:43','2019-10-05 10:05:43',2019,1,'2019-10-05 10:16:56',NULL,868,4,854,NULL),(6652,'2019-09-28 10:07:15','2019-10-05 10:07:15',2019,1,'2019-10-12 09:44:05',NULL,834,4,860,NULL),(6662,'2019-09-28 10:07:41','2019-10-05 10:07:41',2019,1,'2019-10-05 10:17:53',NULL,828,4,886,NULL),(6672,'2019-09-28 10:08:10','2019-10-05 10:08:10',2019,1,'2019-10-05 10:31:42',NULL,831,4,1242,NULL),(6682,'2019-09-28 10:08:44','2019-10-05 10:08:44',2019,1,'2019-10-05 09:38:39',NULL,821,4,943,NULL),(6692,'2019-09-28 10:09:12','2019-10-05 10:09:12',2019,1,'2019-11-09 10:40:39',NULL,823,4,948,NULL),(6702,'2019-09-28 10:09:38','2019-10-05 10:09:38',2019,1,'2019-10-05 09:40:11',NULL,827,4,949,NULL),(6712,'2019-09-28 10:10:03','2019-10-05 10:10:03',2019,1,'2019-10-05 09:39:49',NULL,826,4,839,NULL),(6722,'2019-09-28 10:10:28','2019-10-05 10:10:28',2019,1,'2019-10-05 09:40:28',NULL,825,4,655,NULL),(6732,'2019-09-28 10:43:11','2019-10-05 10:43:11',2019,1,'2022-03-19 10:02:06',NULL,932,4,798,NULL),(6742,'2019-09-28 10:43:36','2019-10-05 10:43:36',2019,1,'2019-10-05 09:38:03',NULL,806,4,963,NULL),(6752,'2019-09-28 10:44:28','2019-10-05 10:44:28',2019,1,'2019-10-12 10:12:16',NULL,807,4,779,NULL),(6762,'2019-09-28 10:45:11','2019-10-05 10:45:11',2019,1,'2019-10-05 09:39:07',NULL,810,4,474,NULL),(6772,'2019-09-28 10:45:34','2019-10-05 10:45:34',2019,1,'2019-10-05 09:43:41',NULL,819,4,1262,NULL),(6782,'2019-09-28 10:51:08','2019-10-05 10:51:08',2019,1,'2020-02-26 10:49:06',NULL,843,4,897,NULL),(6792,'2019-09-28 10:53:41','2019-10-05 10:53:41',2019,1,'2022-03-25 23:44:00',NULL,839,4,833,'baixa_pandemia_25_03_2022'),(6802,'2019-09-28 10:54:38','2019-10-05 10:54:38',2019,1,'2019-10-12 09:43:21',NULL,838,4,782,NULL),(6812,'2019-10-05 10:08:10','2019-10-12 10:08:10',2019,1,'2019-10-12 09:40:36',NULL,819,4,1082,NULL),(6822,'2019-10-05 10:09:01','2019-10-12 10:09:01',2019,1,'2022-03-25 23:44:00',44,NULL,4,699,'baixa_pandemia_25_03_2022'),(6832,'2019-10-05 10:09:28','2019-10-12 10:09:28',2019,1,'2019-11-23 10:44:11',NULL,810,4,814,NULL),(6842,'2019-10-05 10:09:54','2019-10-12 10:09:54',2019,1,'2019-10-12 10:21:41',NULL,807,4,839,NULL),(6852,'2019-10-05 10:10:15','2019-10-12 10:10:15',2019,1,'2019-10-19 09:42:18',NULL,806,4,934,NULL),(6862,'2019-10-05 10:14:32','2019-10-12 10:14:32',2019,1,'2019-10-19 10:15:42',NULL,808,4,927,NULL),(6872,'2019-10-05 10:15:02','2019-10-12 10:15:02',2019,1,'2019-10-12 09:42:14',NULL,868,4,1042,NULL),(6882,'2019-10-05 10:16:19','2019-10-12 10:16:19',2019,1,'2019-10-12 09:41:10',NULL,875,4,718,NULL),(6892,'2019-10-05 10:18:31','2019-10-12 10:18:31',2019,1,'2019-10-19 09:41:46',NULL,869,4,407,NULL),(6902,'2019-10-05 10:28:43','2019-10-12 10:28:43',2019,1,'2019-10-12 09:42:31',NULL,827,4,943,NULL),(6912,'2019-10-05 10:29:28','2019-10-12 10:29:28',2019,1,'2019-10-19 09:38:19',NULL,823,4,1062,NULL),(6922,'2019-10-05 10:29:49','2019-10-12 10:29:49',2019,1,'2019-10-12 09:43:03',NULL,821,4,486,NULL),(6932,'2019-10-05 10:30:23','2019-10-12 10:30:23',2019,1,'2019-10-12 09:41:58',NULL,832,4,377,NULL),(6942,'2019-10-05 10:30:44','2019-10-12 10:30:44',2019,1,'2019-11-02 10:56:21',NULL,826,4,939,NULL),(6952,'2019-10-05 10:31:19','2019-10-12 10:31:19',2019,1,'2019-11-02 10:55:45',NULL,824,4,474,NULL),(6962,'2019-10-05 10:31:56','2019-10-12 10:31:56',2019,1,'2019-10-12 10:16:24',NULL,831,4,435,NULL),(6972,'2019-10-05 10:32:28','2019-10-12 10:32:28',2019,1,'2019-11-02 10:56:04',NULL,825,4,967,NULL),(6982,'2019-10-05 11:05:43','2019-10-12 11:05:43',2019,1,'2019-10-26 11:03:09',NULL,844,4,1012,NULL),(6992,'2019-10-05 11:10:25','2019-10-12 11:10:25',2019,1,'2019-10-26 11:02:25',NULL,838,4,869,NULL),(7002,'2019-10-12 10:07:38','2019-10-19 10:07:38',2019,1,'2019-10-26 11:09:48',NULL,819,4,920,NULL),(7012,'2019-10-12 10:08:17','2019-10-19 10:08:17',2019,1,'2022-03-25 23:44:00',15,NULL,4,856,'baixa_pandemia_25_03_2022'),(7022,'2019-10-12 10:09:41','2019-10-19 10:09:41',2019,1,'2019-10-26 11:01:51',NULL,810,4,164,NULL),(7032,'2019-10-12 10:11:00','2019-10-19 10:11:00',2019,1,'2019-10-19 10:42:43',44,NULL,4,1172,NULL),(7042,'2019-10-12 10:12:37','2019-10-19 10:12:37',2019,1,'2019-10-19 09:42:03',NULL,806,4,779,NULL),(7052,'2019-10-12 10:16:45','2019-10-19 10:16:45',2019,1,'2019-10-19 09:39:33',NULL,831,4,144,NULL),(7062,'2019-10-12 10:17:03','2019-10-19 10:17:03',2019,1,'2019-10-19 09:43:12',NULL,821,4,952,NULL),(7072,'2019-10-12 10:17:26','2019-10-19 10:17:26',2019,1,'2019-10-19 09:41:21',NULL,827,4,80,NULL),(7082,'2019-10-12 10:23:39','2019-10-19 10:23:39',2019,1,'2019-10-19 09:37:56',NULL,807,4,1052,NULL),(7092,'2019-10-12 10:36:37','2019-10-19 10:36:37',2019,1,'2019-10-19 09:58:21',NULL,869,4,895,NULL),(7102,'2019-10-12 10:45:09','2019-10-19 10:45:09',2019,1,'2019-11-02 10:48:30',NULL,872,4,1372,NULL),(7112,'2019-10-12 10:59:43','2019-10-19 10:59:43',2019,1,'2019-10-19 09:40:20',NULL,809,4,1072,NULL),(7122,'2019-10-12 11:06:56','2019-10-19 11:06:56',2019,1,'2019-10-19 11:10:55',NULL,863,4,721,NULL),(7132,'2019-10-19 10:16:15','2019-10-26 10:16:15',2019,1,'2019-11-09 10:45:08',NULL,808,4,862,NULL),(7142,'2019-10-19 10:17:04','2019-10-26 10:17:04',2019,1,'2019-11-09 10:47:43',NULL,869,4,909,NULL),(7152,'2019-10-19 10:18:00','2019-10-26 10:18:00',2019,1,'2019-11-09 10:45:46',NULL,813,4,941,NULL),(7162,'2019-10-19 10:18:27','2019-10-26 10:18:27',2019,1,'2019-11-02 11:31:48',NULL,868,4,486,NULL),(7172,'2019-10-19 10:19:03','2019-10-26 10:19:03',2019,1,'2019-10-26 11:08:53',NULL,811,4,1062,NULL),(7182,'2019-10-19 10:19:32','2019-10-26 10:19:32',2019,1,'2019-10-26 11:03:56',NULL,870,4,700,NULL),(7192,'2019-10-19 10:20:15','2019-10-26 10:20:15',2019,1,'2019-10-26 11:04:30',NULL,809,4,779,NULL),(7202,'2019-10-19 10:20:45','2019-10-26 10:20:45',2019,1,'2019-10-26 11:06:07',NULL,812,4,861,NULL),(7212,'2019-10-19 10:21:44','2019-10-26 10:21:44',2019,1,'2020-02-26 10:24:14',NULL,874,4,949,NULL),(7222,'2019-10-19 10:38:36','2019-10-26 10:38:36',2019,1,'2022-03-25 23:44:00',NULL,816,4,713,'baixa_pandemia_25_03_2022'),(7232,'2019-10-19 10:40:11','2019-10-26 10:40:11',2019,0,NULL,NULL,807,4,1362,NULL),(7242,'2019-10-19 10:40:37','2019-10-26 10:40:37',2019,1,'2019-10-26 11:04:16',NULL,806,4,1122,NULL),(7252,'2019-10-19 11:04:36','2019-10-26 11:04:36',2019,1,'2019-10-26 11:02:39',NULL,827,4,944,NULL),(7262,'2019-10-19 11:05:16','2019-10-26 11:05:16',2019,1,'2020-03-07 10:12:51',NULL,823,4,817,NULL),(7272,'2019-10-19 11:07:44','2019-10-26 11:07:44',2019,1,'2019-10-26 11:03:25',NULL,844,4,799,NULL),(7282,'2019-10-19 11:08:48','2019-10-26 11:08:48',2019,1,'2022-03-25 23:44:00',NULL,846,4,858,'baixa_pandemia_25_03_2022'),(7292,'2019-10-19 11:12:52','2019-10-26 11:12:52',2019,1,'2019-11-09 11:59:17',NULL,845,4,608,NULL),(7302,'2019-10-26 11:18:34','2019-11-02 11:18:34',2019,1,'2019-11-02 11:31:48',NULL,868,4,745,NULL),(7312,'2019-10-26 11:21:01','2019-11-02 11:21:01',2019,1,'2019-11-02 10:51:19',NULL,812,4,913,NULL),(7322,'2019-10-26 11:21:24','2019-11-02 11:21:24',2019,1,'2019-11-02 10:48:56',NULL,811,4,927,NULL),(7332,'2019-10-26 11:21:45','2019-11-02 11:21:45',2019,1,'2019-11-02 10:44:14',NULL,809,4,904,NULL),(7342,'2019-10-26 11:23:06','2019-11-02 11:23:06',2019,1,'2022-03-25 23:44:00',NULL,942,4,876,'baixa_pandemia_25_03_2022'),(7352,'2019-10-26 11:23:42','2019-11-02 11:23:42',2019,1,'2019-11-02 11:07:56',NULL,874,4,700,NULL),(7362,'2019-10-26 11:29:00','2019-11-02 11:29:00',2019,1,'2019-11-02 10:47:28',NULL,827,4,123,NULL),(7372,'2019-10-26 11:29:26','2019-11-02 11:29:26',2019,1,'2022-03-25 23:44:00',NULL,821,4,127,'baixa_pandemia_25_03_2022'),(7382,'2019-10-26 11:29:53','2019-11-02 11:29:53',2019,1,'2019-11-09 10:41:14',NULL,834,4,731,NULL),(7392,'2019-10-26 11:30:26','2019-11-02 11:30:26',2019,1,'2019-11-23 10:41:54',NULL,828,4,788,NULL),(7402,'2019-10-26 11:30:52','2019-11-02 11:30:52',2019,1,'2019-11-02 10:55:25',NULL,825,4,1212,NULL),(7412,'2019-10-26 11:31:12','2019-11-02 11:31:12',2019,1,'2019-11-09 10:48:39',NULL,831,4,908,NULL),(7422,'2019-10-26 11:31:39','2019-11-02 11:31:39',2019,1,'2022-03-25 23:44:00',NULL,826,4,719,'baixa_pandemia_25_03_2022'),(7432,'2019-10-26 12:00:29','2019-11-02 12:00:29',2019,1,'2019-11-02 10:42:49',NULL,844,4,992,NULL),(7442,'2019-10-26 12:00:58','2019-11-02 12:00:58',2019,1,'2019-11-02 10:48:05',NULL,838,4,916,NULL),(7452,'2019-11-02 10:57:33','2019-11-09 10:57:33',2019,1,'2019-11-09 10:48:21',NULL,871,4,931,NULL),(7462,'2019-11-02 10:58:16','2019-11-09 10:58:16',2019,1,'2019-11-23 11:13:12',NULL,819,4,864,NULL),(7472,'2019-11-02 10:58:51','2019-11-09 10:58:51',2019,1,'2019-11-09 10:58:26',NULL,810,4,1062,NULL),(7482,'2019-11-02 10:59:31','2019-11-09 10:59:31',2019,1,'2019-11-09 10:57:51',NULL,815,4,782,NULL),(7492,'2019-11-02 10:59:57','2019-11-09 10:59:57',2019,1,'2022-03-25 23:44:00',44,NULL,4,701,'baixa_pandemia_25_03_2022'),(7502,'2019-11-02 11:00:25','2019-11-09 11:00:25',2019,1,'2019-11-09 10:45:26',NULL,806,4,760,NULL),(7512,'2019-11-02 11:00:51','2019-11-09 11:00:51',2019,1,'2019-11-09 10:40:22',NULL,807,4,763,NULL),(7522,'2019-11-02 11:01:38','2019-11-09 11:01:38',2019,1,'2019-11-09 10:47:01',NULL,821,4,920,NULL),(7532,'2019-11-02 11:03:00','2019-11-09 11:03:00',2019,1,'2022-03-25 23:44:00',NULL,836,4,911,'baixa_pandemia_25_03_2022'),(7542,'2019-11-02 11:03:28','2019-11-09 11:03:28',2019,1,'2019-11-09 10:41:57',NULL,824,4,706,NULL),(7552,'2019-11-02 11:03:53','2019-11-09 11:03:53',2019,1,'2019-11-09 10:41:36',NULL,827,4,972,NULL),(7562,'2019-11-02 11:04:14','2019-11-09 11:04:14',2019,1,'2019-11-09 10:42:24',NULL,826,4,966,NULL),(7572,'2019-11-02 11:04:46','2019-11-09 11:04:46',2019,1,'2019-11-09 10:42:45',NULL,825,4,1042,NULL),(7582,'2019-11-02 11:31:15','2019-11-09 11:31:15',2019,1,'2019-11-09 10:44:08',NULL,811,4,904,NULL),(7592,'2019-11-02 11:32:11','2019-11-09 11:32:11',2019,1,'2019-11-09 10:48:04',NULL,868,4,902,NULL),(7602,'2019-11-02 11:32:45','2019-11-09 11:32:45',2019,1,'2019-11-09 10:43:23',NULL,809,4,913,NULL),(7612,'2019-11-02 11:33:26','2019-11-09 11:33:26',2019,1,'2019-11-09 10:44:25',NULL,812,4,779,NULL),(7622,'2019-11-02 11:34:06','2019-11-09 11:34:06',2019,1,'2019-11-09 10:44:52',NULL,875,4,844,NULL),(7632,'2019-11-02 11:34:33','2019-11-09 11:34:33',2019,1,'2019-11-16 10:39:27',NULL,872,4,870,NULL),(7642,'2019-11-02 11:38:13','2019-11-09 11:38:13',2019,1,'2019-11-09 11:59:33',NULL,874,4,1232,NULL),(7652,'2019-11-02 12:06:05','2019-11-09 12:06:05',2019,1,'2019-11-09 10:43:04',NULL,844,4,944,NULL),(7662,'2019-11-09 11:29:12','2019-11-16 11:29:12',2019,1,'2020-03-14 09:40:15',NULL,871,4,760,NULL),(7672,'2019-11-09 11:30:00','2019-11-16 11:30:00',2019,1,'2022-03-19 10:03:11',NULL,819,4,1102,NULL),(7682,'2019-11-09 11:32:57','2019-11-16 11:32:57',2019,1,'2020-02-26 10:28:33',NULL,807,4,860,NULL),(7692,'2019-11-09 11:33:24','2019-11-16 11:33:24',2019,1,'2019-11-16 11:33:32',NULL,806,4,916,NULL),(7702,'2019-11-09 11:40:50','2019-11-16 11:40:50',2019,1,'2022-03-25 23:44:00',NULL,808,4,939,'baixa_pandemia_25_03_2022'),(7712,'2019-11-09 11:41:32','2019-11-16 11:41:32',2019,1,'2019-11-23 10:42:54',NULL,812,4,763,NULL),(7722,'2019-11-09 11:42:03','2019-11-16 11:42:03',2019,1,'2019-11-23 10:43:16',NULL,811,4,700,NULL),(7732,'2019-11-09 11:42:22','2019-11-16 11:42:22',2019,1,'2022-03-25 23:44:00',NULL,869,4,952,'baixa_pandemia_25_03_2022'),(7742,'2019-11-09 11:42:48','2019-11-16 11:42:48',2019,1,'2019-11-23 10:43:38',NULL,875,4,407,NULL),(7752,'2019-11-09 11:43:21','2019-11-16 11:43:21',2019,1,'2022-03-19 10:10:26',NULL,868,4,1212,NULL),(7762,'2019-11-09 11:43:47','2019-11-16 11:43:47',2019,1,'2022-03-25 23:44:00',NULL,872,4,905,'baixa_pandemia_25_03_2022'),(7772,'2019-11-09 11:44:40','2019-11-16 11:44:40',2019,1,'2019-11-23 10:43:55',NULL,813,4,913,NULL),(7782,'2019-11-09 11:45:39','2019-11-16 11:45:39',2019,1,'2019-11-16 10:39:58',NULL,809,4,1062,NULL),(7792,'2019-11-09 11:58:18','2019-11-16 11:58:18',2019,1,'2020-03-07 10:19:28',NULL,844,4,965,NULL),(7802,'2019-11-09 12:02:07','2019-11-16 12:02:07',2019,1,'2019-11-16 10:40:31',NULL,827,4,972,NULL),(7812,'2019-11-16 10:55:22','2019-11-23 10:55:22',2019,1,'2020-02-26 10:22:55',NULL,874,4,706,NULL),(7822,'2019-11-16 10:55:53','2019-11-23 10:55:53',2019,1,'2020-03-07 10:11:45',NULL,870,4,901,NULL),(7832,'2019-11-16 10:57:30','2019-11-23 10:57:30',2019,1,'2019-11-23 10:40:41',NULL,809,4,729,NULL),(7842,'2019-11-16 11:34:32','2019-11-23 11:34:32',2019,1,'2019-11-23 10:42:19',NULL,834,4,1082,NULL),(7852,'2019-11-16 11:35:23','2019-11-23 11:35:23',2019,1,'2020-03-07 10:10:59',NULL,821,4,831,NULL),(7862,'2019-11-16 11:35:45','2019-11-23 11:35:45',2019,1,'2022-03-25 23:44:00',NULL,826,4,940,'baixa_pandemia_25_03_2022'),(7872,'2019-11-16 11:36:10','2019-11-23 11:36:10',2019,1,'2019-11-23 10:41:09',NULL,827,4,731,NULL),(7882,'2019-11-16 11:36:50','2019-11-23 11:36:50',2019,1,'2022-03-25 23:44:00',NULL,824,4,371,'baixa_pandemia_25_03_2022'),(7892,'2019-11-16 11:37:12','2019-11-23 11:37:12',2019,1,'2022-03-25 23:44:00',NULL,825,4,1072,'baixa_pandemia_25_03_2022'),(7902,'2019-11-16 12:01:16','2019-11-23 12:01:16',2019,1,'2020-02-26 10:27:57',NULL,810,4,967,NULL),(7912,'2019-11-16 12:02:41','2019-11-23 12:02:41',2019,0,NULL,NULL,806,4,970,NULL),(7922,'2019-11-16 12:04:56','2019-11-23 12:04:56',2019,1,'2022-03-25 23:44:00',NULL,862,4,721,'baixa_pandemia_25_03_2022'),(7932,'2019-11-23 11:07:55','2019-11-30 11:07:55',2019,1,'2020-02-26 10:26:30',NULL,868,4,916,NULL),(7942,'2019-11-23 11:08:59','2019-11-30 11:08:59',2019,1,'2022-03-25 23:44:00',NULL,813,4,1092,'baixa_pandemia_25_03_2022'),(7952,'2019-11-23 11:09:25','2019-11-30 11:09:25',2019,1,'2020-02-26 10:29:19',NULL,811,4,589,NULL),(7962,'2019-11-23 11:09:49','2019-11-30 11:09:49',2019,1,'2020-02-26 10:29:43',NULL,812,4,946,NULL),(7972,'2019-11-23 11:10:23','2019-11-30 11:10:23',2019,1,'2020-02-26 10:21:34',NULL,875,4,322,NULL),(7982,'2019-11-23 11:10:47','2019-11-30 11:10:47',2019,1,'2020-02-26 10:28:12',NULL,809,4,1292,NULL),(7992,'2020-03-07 10:41:35','2020-03-14 10:41:35',2020,1,'2022-03-25 23:44:00',NULL,1082,4,168,'baixa_pandemia_25_03_2022'),(8002,'2020-03-07 10:57:34','2020-03-14 10:57:34',2020,1,'2022-03-19 10:03:11',NULL,1032,4,955,NULL),(8012,'2020-03-07 10:58:33','2020-03-14 10:58:33',2020,1,'2022-03-25 23:44:00',NULL,972,4,916,'baixa_pandemia_25_03_2022'),(8022,'2020-03-07 11:01:44','2020-03-14 11:01:44',2020,1,'2022-03-19 10:44:22',NULL,1052,4,1392,NULL),(8032,'2020-03-07 11:02:17','2020-03-14 11:02:17',2020,1,'2020-03-14 09:40:59',NULL,982,4,637,NULL),(8042,'2020-03-07 11:02:51','2020-03-14 11:02:51',2020,1,'2020-03-14 09:40:59',NULL,992,4,635,NULL),(8052,'2020-03-07 11:06:09','2020-03-14 11:06:09',2020,1,'2020-03-14 09:40:34',NULL,1002,4,848,NULL),(8062,'2020-03-07 11:10:24','2020-03-14 11:10:24',2020,1,'2022-03-25 23:44:00',NULL,1162,4,965,'baixa_pandemia_25_03_2022'),(8072,'2020-03-07 11:14:55','2020-03-14 11:14:55',2020,1,'2020-03-14 11:06:21',NULL,1302,4,1402,NULL),(8082,'2020-03-07 11:16:49','2020-03-14 11:16:49',2020,1,'2020-03-14 09:39:52',NULL,1022,4,920,NULL),(8092,'2020-03-14 10:17:43','2020-03-21 10:17:43',2020,1,'2022-03-19 10:21:33',NULL,952,4,920,NULL),(8102,'2020-03-14 10:18:43','2020-03-21 10:18:43',2020,1,'2022-03-19 10:11:45',NULL,1452,4,189,NULL),(8112,'2020-03-14 10:19:13','2020-03-21 10:19:13',2020,1,'2022-03-19 10:13:39',NULL,962,4,907,NULL),(8122,'2020-03-14 10:23:46','2020-03-21 10:23:46',2020,0,NULL,NULL,1002,4,142,NULL),(8132,'2020-03-14 10:23:55','2020-03-21 10:23:55',2020,1,'2022-03-25 23:44:00',NULL,1002,4,142,'baixa_pandemia_25_03_2022'),(8142,'2020-03-14 10:27:04','2020-03-21 10:27:04',2020,1,'2022-03-19 10:03:11',NULL,1102,4,957,NULL),(8152,'2020-03-14 10:29:16','2020-03-21 10:29:16',2020,1,'2022-03-25 23:44:00',NULL,1462,4,1412,'baixa_pandemia_25_03_2022'),(8162,'2020-03-14 10:45:50','2020-03-21 10:45:50',2020,1,'2022-03-19 10:06:54',NULL,1472,4,1252,NULL),(8172,'2020-03-14 11:00:03','2020-03-21 11:00:03',2020,1,'2022-03-25 23:44:00',NULL,982,4,779,'baixa_pandemia_25_03_2022'),(8182,'2020-03-14 11:00:47','2020-03-21 11:00:47',2020,1,'2022-03-25 23:44:00',NULL,992,4,760,'baixa_pandemia_25_03_2022'),(8192,'2020-03-14 11:02:51','2020-03-21 11:02:51',2020,1,'2022-03-19 10:44:22',NULL,1052,4,931,NULL),(8202,'2020-03-14 11:03:28','2020-03-21 11:03:28',2020,1,'2022-03-19 10:00:57',NULL,972,4,870,NULL),(8212,'2020-03-14 11:04:07','2020-03-21 11:04:07',2020,1,'2022-03-19 10:42:11',NULL,1022,4,1422,NULL),(8222,'2020-03-14 11:05:13','2020-03-21 11:05:13',2020,1,'2022-03-25 23:44:00',NULL,1302,4,892,'baixa_pandemia_25_03_2022'),(8232,'2020-03-14 11:05:39','2020-03-21 11:05:39',2020,1,'2022-03-19 10:02:06',NULL,1152,4,954,NULL),(8244,'2022-03-19 10:07:38','2022-03-26 10:07:38',2022,1,'2022-03-26 10:33:55',NULL,1484,4,407,NULL),(8254,'2022-03-19 10:08:33','2022-03-26 10:08:33',2022,1,NULL,NULL,1864,4,700,NULL),(8264,'2022-03-19 10:11:04','2022-03-26 10:11:04',2022,1,NULL,NULL,1874,4,1212,NULL),(8274,'2022-03-19 10:12:16','2022-03-26 10:12:16',2022,1,'2022-03-26 09:51:55',NULL,1544,4,889,NULL),(8284,'2022-03-19 10:14:11','2022-03-26 10:14:11',2022,1,'2022-03-26 09:51:55',NULL,1524,4,513,NULL),(8294,'2022-03-19 10:16:07','2022-03-26 10:16:07',2022,1,'2022-04-02 10:24:24',NULL,1884,4,1242,NULL),(8304,'2022-03-19 10:17:43','2022-03-26 10:17:43',2022,1,'2022-04-02 10:18:09',NULL,1894,4,841,NULL),(8314,'2022-03-19 10:19:05','2022-03-26 10:19:05',2022,1,'2022-03-26 09:50:40',NULL,1904,4,854,NULL),(8324,'2022-03-19 10:20:20','2022-03-26 10:20:20',2022,1,'2022-04-02 10:24:24',NULL,1534,4,961,NULL),(8334,'2022-03-19 10:22:06','2022-03-26 10:22:06',2022,1,NULL,NULL,1514,4,875,NULL),(8344,'2022-03-19 10:35:07','2022-03-26 10:35:07',2022,1,'2022-03-26 09:50:40',NULL,1924,4,692,NULL),(8354,'2022-03-19 10:36:12','2022-03-26 10:36:12',2022,1,NULL,NULL,1574,4,844,NULL),(8364,'2022-03-19 10:36:44','2022-03-26 10:36:44',2022,1,'2022-04-02 09:35:00',NULL,1744,4,172,NULL),(8374,'2022-03-19 10:38:09','2022-03-26 10:38:09',2022,1,NULL,NULL,1624,4,1272,NULL),(8384,'2022-03-19 10:39:12','2022-03-26 10:39:12',2022,1,'2022-04-02 10:37:44',NULL,1664,4,1012,NULL),(8394,'2022-03-19 10:41:11','2022-03-26 10:41:11',2022,1,'2022-03-26 10:38:19',NULL,1934,4,66,NULL),(8404,'2022-03-19 10:42:43','2022-03-26 10:42:43',2022,1,'2022-04-02 09:47:07',NULL,1804,4,955,NULL),(8414,'2022-03-19 10:44:55','2022-03-26 10:44:55',2022,1,'2022-03-26 10:33:55',NULL,1754,4,789,NULL),(8424,'2022-03-26 09:39:04','2022-04-02 09:39:04',2022,1,'2022-04-02 10:36:09',NULL,1624,4,936,NULL),(8434,'2022-03-26 09:39:55','2022-04-02 09:39:55',2022,1,NULL,NULL,1664,4,855,NULL),(8444,'2022-03-26 09:40:32','2022-04-02 09:40:32',2022,1,NULL,NULL,1734,4,922,NULL),(8454,'2022-03-26 09:41:15','2022-04-02 09:41:15',2022,1,'2022-04-02 09:47:52',NULL,1614,4,814,NULL),(8464,'2022-03-26 09:42:04','2022-04-02 09:42:04',2022,1,NULL,NULL,1594,4,1002,NULL),(8474,'2022-03-26 09:42:42','2022-04-02 09:42:42',2022,1,'2022-04-02 09:48:46',NULL,1704,4,1082,NULL),(8484,'2022-03-26 09:43:23','2022-04-02 09:43:23',2022,1,'2022-04-02 09:47:07',NULL,1674,4,1182,NULL),(8494,'2022-03-26 09:44:03','2022-04-02 09:44:03',2022,1,NULL,NULL,1654,4,209,NULL),(8504,'2022-03-26 09:44:39','2022-04-02 09:44:39',2022,1,NULL,NULL,1794,4,482,NULL),(8514,'2022-03-26 09:45:26','2022-04-02 09:45:26',2022,1,'2022-04-02 09:35:00',NULL,1764,4,1112,NULL),(8524,'2022-03-26 09:46:04','2022-04-02 09:46:04',2022,1,'2022-04-02 09:35:00',NULL,1754,4,831,NULL),(8534,'2022-03-26 09:46:48','2022-04-02 09:46:48',2022,1,'2022-04-02 09:35:00',NULL,1774,4,637,NULL),(8544,'2022-03-26 09:48:16','2022-04-02 09:48:16',2022,1,NULL,NULL,1944,4,1332,NULL),(8554,'2022-03-26 09:48:51','2022-04-02 09:48:51',2022,1,'2022-04-02 09:35:00',NULL,1744,4,780,NULL),(8564,'2022-03-26 09:55:55','2022-04-02 09:55:55',2022,1,NULL,NULL,1834,4,869,NULL),(8574,'2022-03-26 09:57:04','2022-04-02 09:57:04',2022,1,NULL,NULL,1824,4,949,NULL),(8584,'2022-03-26 09:57:45','2022-04-02 09:57:45',2022,1,'2022-04-02 09:47:52',NULL,1804,4,899,NULL),(8594,'2022-03-26 10:04:21','2022-04-02 10:04:21',2022,1,NULL,NULL,1864,4,164,NULL),(8604,'2022-03-26 10:05:11','2022-04-02 10:05:11',2022,1,'2022-04-02 09:35:00',NULL,1484,4,917,NULL),(8614,'2022-03-26 10:05:45','2022-04-02 10:05:45',2022,1,NULL,NULL,1494,4,706,NULL),(8624,'2022-03-26 10:18:24','2022-04-02 10:18:24',2022,1,NULL,NULL,1524,4,387,NULL),(8634,'2022-03-26 10:19:49','2022-04-02 10:19:49',2022,1,NULL,NULL,1954,4,884,NULL),(8644,'2022-03-26 10:20:26','2022-04-02 10:20:26',2022,1,'2022-04-02 10:30:09',NULL,1544,4,853,NULL),(8654,'2022-03-26 10:21:07','2022-04-02 10:21:07',2022,1,NULL,NULL,1514,4,144,NULL),(8664,'2022-03-26 10:21:43','2022-04-02 10:21:43',2022,1,'2022-04-02 10:24:24',NULL,1914,4,941,NULL),(8674,'2022-03-26 10:22:24','2022-04-02 10:22:24',2022,1,'2022-04-02 10:18:09',NULL,1894,4,946,NULL),(8684,'2022-03-26 10:23:03','2022-04-02 10:23:03',2022,1,'2022-04-02 10:23:12',NULL,1504,4,966,NULL),(8694,'2022-03-26 10:27:32','2022-04-02 10:27:32',2022,1,NULL,NULL,1904,4,79,NULL),(8704,'2022-03-26 10:31:17','2022-04-02 10:31:17',2022,1,NULL,NULL,1574,4,826,NULL),(8714,'2022-03-26 13:37:22','2022-04-02 13:37:22',2022,1,NULL,NULL,1924,4,486,NULL),(8724,'2022-04-02 09:44:19','2022-04-09 09:44:19',2022,1,NULL,NULL,1764,4,1062,NULL),(8734,'2022-04-02 09:44:51','2022-04-09 09:44:51',2022,1,NULL,NULL,1774,4,927,NULL),(8744,'2022-04-02 09:45:26','2022-04-09 09:45:26',2022,1,NULL,NULL,1794,4,474,NULL),(8754,'2022-04-02 09:46:03','2022-04-09 09:46:03',2022,1,NULL,NULL,1744,4,568,NULL),(8764,'2022-04-02 09:46:37','2022-04-09 09:46:37',2022,1,NULL,NULL,1754,4,867,NULL),(8774,'2022-04-02 09:53:26','2022-04-09 09:53:26',2022,1,NULL,NULL,1834,4,798,NULL),(8784,'2022-04-02 09:55:18','2022-04-09 09:55:18',2022,1,NULL,NULL,1824,4,655,NULL),(8794,'2022-04-02 09:55:58','2022-04-09 09:55:58',2022,1,NULL,NULL,1814,4,955,NULL),(8804,'2022-04-02 09:56:33','2022-04-09 09:56:33',2022,1,NULL,NULL,1804,4,743,NULL),(8814,'2022-04-02 10:09:18','2022-04-09 10:09:18',2022,1,NULL,NULL,1494,4,615,NULL),(8824,'2022-04-02 10:12:37','2022-04-09 10:12:37',2022,1,NULL,NULL,1874,4,861,NULL),(8834,'2022-04-02 10:13:18','2022-04-09 10:13:18',2022,1,NULL,NULL,1504,4,902,NULL),(8844,'2022-04-02 10:14:02','2022-04-09 10:14:02',2022,1,NULL,NULL,1544,4,782,NULL),(8854,'2022-04-02 10:14:53','2022-04-09 10:14:53',2022,1,NULL,NULL,1534,4,687,NULL),(8864,'2022-04-02 10:15:33','2022-04-09 10:15:33',2022,1,NULL,NULL,1524,4,319,NULL),(8874,'2022-04-02 10:19:45','2022-04-09 10:19:45',2022,1,NULL,NULL,1884,4,944,NULL),(8884,'2022-04-02 10:31:11','2022-04-09 10:31:11',2022,1,NULL,NULL,1894,4,957,NULL),(8894,'2022-04-02 10:35:19','2022-04-09 10:35:19',2022,1,NULL,NULL,1674,4,818,NULL),(8904,'2022-04-02 10:36:51','2022-04-09 10:36:51',2022,1,NULL,NULL,1624,4,151,NULL),(8914,'2022-04-02 10:38:19','2022-04-09 10:38:19',2022,1,NULL,NULL,1664,4,695,NULL),(8924,'2022-04-02 10:39:01','2022-04-09 10:39:01',2022,1,NULL,NULL,1594,4,948,NULL),(8934,'2022-04-02 10:39:50','2022-04-09 10:39:50',2022,1,NULL,NULL,1604,4,441,NULL),(8944,'2022-04-02 10:40:32','2022-04-09 10:40:32',2022,1,NULL,NULL,1694,4,858,NULL);
/*!40000 ALTER TABLE `emprestimo` ENABLE KEYS */;
UNLOCK TABLES;

--
-- Table structure for table `emprestimo_baixa_pandemia`
--

DROP TABLE IF EXISTS `emprestimo_baixa_pandemia`;
/*!40101 SET @saved_cs_client     = @@character_set_client */;
/*!50503 SET character_set_client = utf8mb4 */;
CREATE TABLE `emprestimo_baixa_pandemia` (
  `id_emprestimo` int(11) NOT NULL DEFAULT '0',
  `dt_emprestimo` datetime NOT NULL,
  `dt_prev_devolucao` datetime NOT NULL,
  `nu_ano` int(11) NOT NULL,
  `st_ativo` tinyint(1) NOT NULL,
  `dt_devolucao` datetime DEFAULT NULL,
  `id_colaborador` int(11) DEFAULT NULL,
  `id_evangelizando_turma` int(11) DEFAULT NULL,
  `id_usuario` int(11) NOT NULL,
  `id_livro` int(11) NOT NULL,
  `devolvido` tinyint(1) DEFAULT '0'
) ENGINE=InnoDB DEFAULT CHARSET=utf8;
/*!40101 SET character_set_client = @saved_cs_client */;

--
-- Dumping data for table `emprestimo_baixa_pandemia`
--

LOCK TABLES `emprestimo_baixa_pandemia` WRITE;
/*!40000 ALTER TABLE `emprestimo_baixa_pandemia` DISABLE KEYS */;
INSERT INTO `emprestimo_baixa_pandemia` VALUES (194,'2013-08-10 12:40:00','2013-08-17 12:40:00',2013,1,NULL,NULL,77,1,277,0),(275,'2013-04-13 17:16:30','2013-04-20 17:16:30',2013,1,NULL,NULL,114,1,360,0),(444,'2013-05-11 16:31:05','2013-05-18 16:31:05',2013,1,NULL,NULL,87,1,243,0),(460,'2013-08-10 16:55:22','2013-08-17 16:55:22',2013,1,NULL,NULL,135,1,423,0),(484,'2013-09-07 22:06:14','2013-09-14 22:06:14',2013,1,NULL,NULL,141,1,432,0),(489,'2013-09-07 22:12:01','2013-09-14 22:12:01',2013,1,NULL,NULL,185,1,139,0),(634,'2013-10-05 09:51:56','2013-10-12 09:51:56',2013,1,NULL,NULL,68,1,171,0),(733,'2013-11-09 10:56:34','2013-11-16 10:56:34',2013,1,NULL,NULL,182,4,366,0),(833,'2014-04-05 13:39:40','2014-04-12 13:39:40',2014,1,NULL,NULL,347,4,364,0),(847,'2014-04-12 12:43:29','2014-04-19 12:43:29',2014,1,NULL,NULL,343,4,137,0),(909,'2014-05-03 10:40:06','2014-05-10 10:40:06',2014,1,NULL,NULL,354,4,116,0),(918,'2014-05-03 10:54:26','2014-05-10 10:54:26',2014,1,NULL,NULL,353,4,250,0),(935,'2014-05-17 09:53:47','2014-05-24 09:53:47',2014,1,NULL,NULL,316,4,365,0),(941,'2014-05-17 10:12:09','2014-05-24 10:12:09',2014,1,NULL,NULL,291,4,140,0),(962,'2014-05-24 10:06:23','2014-05-31 10:06:23',2014,1,NULL,NULL,284,4,262,0),(1038,'2014-08-02 09:58:50','2014-08-09 09:58:50',2014,1,NULL,NULL,217,4,71,0),(1058,'2014-08-02 11:01:55','2014-08-09 11:01:55',2014,1,NULL,NULL,308,4,281,0),(1070,'2014-08-23 09:58:01','2014-08-30 09:58:01',2014,1,NULL,NULL,284,4,75,0),(1118,'2014-09-06 10:11:58','2014-09-13 10:11:58',2014,1,NULL,NULL,358,4,309,0),(1244,'2014-11-08 10:21:11','2014-11-15 10:21:11',2014,1,NULL,NULL,365,1,245,0),(1281,'2015-03-14 09:55:37','2015-03-21 09:55:37',2015,1,NULL,NULL,457,4,417,0),(1282,'2015-03-14 09:55:56','2015-03-21 09:55:56',2015,1,NULL,NULL,456,4,648,0),(1294,'2015-03-14 10:29:25','2015-03-21 10:29:25',2015,1,NULL,NULL,459,4,514,0),(1295,'2015-03-14 10:29:48','2015-03-21 10:29:48',2015,1,NULL,NULL,459,4,81,0),(1348,'2015-03-28 09:49:07','2015-04-04 09:49:07',2015,1,NULL,NULL,389,4,520,0),(1381,'2015-03-28 10:31:51','2015-04-04 10:31:51',2015,1,NULL,NULL,372,4,268,0),(1440,'2015-04-11 10:24:08','2015-04-18 10:24:08',2015,1,NULL,NULL,450,4,485,0),(1442,'2015-04-11 10:27:48','2015-04-18 10:27:48',2015,1,NULL,NULL,481,4,95,0),(1443,'2015-04-11 10:30:31','2015-04-18 10:30:31',2015,1,NULL,NULL,482,4,199,0),(1501,'2015-04-25 10:00:01','2015-05-02 10:00:01',2015,1,NULL,NULL,372,4,493,0),(1519,'2015-04-25 10:51:27','2015-05-02 10:51:27',2015,1,NULL,NULL,417,4,515,0),(1533,'2015-05-02 10:28:29','2015-05-09 10:28:29',2015,1,NULL,NULL,485,4,177,0),(1561,'2015-05-09 11:03:01','2015-05-16 11:03:01',2015,1,NULL,NULL,479,4,244,0),(1567,'2015-05-09 11:05:33','2015-05-16 11:05:33',2015,1,NULL,NULL,457,4,667,0),(1569,'2015-05-09 11:07:57','2015-05-16 11:07:57',2015,1,NULL,NULL,488,4,143,0),(1650,'2015-06-06 10:00:44','2015-06-13 10:00:44',2015,1,NULL,NULL,494,4,271,0),(1652,'2015-06-06 10:02:17','2015-06-13 10:02:17',2015,1,NULL,NULL,495,4,685,0),(1656,'2015-06-06 10:05:57','2015-06-13 10:05:57',2015,1,NULL,NULL,498,4,421,0),(1660,'2015-06-06 10:06:59','2015-06-13 10:06:59',2015,1,NULL,NULL,485,4,338,0),(1684,'2015-06-13 10:13:33','2015-06-20 10:13:33',2015,1,NULL,NULL,500,4,498,0),(1686,'2015-06-13 10:14:07','2015-06-20 10:14:07',2015,1,NULL,NULL,481,4,273,0),(1697,'2015-06-13 10:55:42','2015-06-20 10:55:42',2015,1,NULL,NULL,494,4,174,0),(1698,'2015-06-13 10:56:34','2015-06-20 10:56:34',2015,1,NULL,NULL,456,4,388,0),(1700,'2015-06-13 11:05:51','2015-06-20 11:05:51',2015,1,NULL,NULL,502,4,657,0),(1790,'2015-08-08 11:08:16','2015-08-15 11:08:16',2015,1,NULL,NULL,397,4,179,0),(1791,'2015-08-08 11:05:30','2015-08-15 11:05:30',2015,1,NULL,NULL,505,4,453,0),(1795,'2015-08-08 11:12:35','2015-08-15 11:12:35',2015,1,NULL,NULL,502,4,663,0),(1858,'2015-08-29 10:07:15','2015-09-05 10:07:15',2015,1,NULL,NULL,510,4,684,0),(1864,'2015-08-29 10:13:06','2015-09-05 10:13:06',2015,1,NULL,NULL,461,4,610,0),(1875,'2015-09-05 10:02:55','2015-09-12 10:02:55',2015,1,NULL,NULL,511,4,285,0),(1880,'2015-09-05 11:05:59','2015-09-12 11:05:59',2015,1,NULL,NULL,493,4,357,0),(1892,'2015-09-19 10:27:42','2015-09-26 10:27:42',2015,1,NULL,NULL,461,4,200,0),(1894,'2015-09-19 10:34:51','2015-09-26 10:34:51',2015,1,NULL,NULL,397,4,503,0),(1958,'2015-10-03 10:38:05','2015-10-10 10:38:05',2015,1,NULL,NULL,514,4,463,0),(1961,'2015-10-03 10:40:04','2015-10-10 10:40:04',2015,1,NULL,NULL,515,4,500,0),(1963,'2015-10-03 10:42:11','2015-10-10 10:42:11',2015,1,NULL,NULL,417,4,379,0),(1972,'2015-10-10 10:37:35','2015-10-17 10:37:35',2015,1,NULL,NULL,500,4,497,0),(1981,'2015-10-10 10:59:26','2015-10-17 10:59:26',2015,1,NULL,NULL,516,4,248,0),(1983,'2015-10-10 11:02:35','2015-10-17 11:02:35',2015,1,NULL,NULL,517,4,300,0),(2099,'2016-03-19 11:01:35','2016-03-26 11:01:35',2016,1,NULL,NULL,562,4,88,0),(2126,'2016-04-02 10:21:14','2016-04-09 10:21:14',2016,1,NULL,NULL,601,4,59,0),(2133,'2016-04-02 11:00:47','2016-04-09 11:00:47',2016,1,NULL,1,NULL,4,748,0),(2134,'2016-04-02 11:03:06','2016-04-09 11:03:06',2016,1,NULL,NULL,545,4,173,0),(2151,'2016-04-09 10:17:01','2016-04-16 10:17:01',2016,1,NULL,NULL,594,4,239,0),(2153,'2016-04-09 10:17:37','2016-04-16 10:17:37',2016,1,NULL,NULL,593,4,518,0),(2194,'2016-04-16 10:38:12','2016-04-23 10:38:12',2016,1,NULL,NULL,529,4,153,0),(2215,'2016-04-23 10:17:01','2016-04-30 10:17:01',2016,1,NULL,NULL,557,4,381,0),(2216,'2016-04-23 11:04:24','2016-04-30 11:04:24',2016,1,NULL,NULL,584,4,196,0),(2242,'2016-05-07 10:09:38','2016-05-14 10:09:38',2016,1,NULL,NULL,543,4,92,0),(2293,'2016-05-21 10:26:14','2016-05-28 10:26:14',2016,1,NULL,NULL,529,4,733,0),(2332,'2016-06-04 10:26:10','2016-06-11 10:26:10',2016,1,NULL,NULL,527,4,161,0),(2342,'2016-06-11 09:40:22','2016-06-18 09:40:22',2016,1,NULL,NULL,608,4,90,0),(2343,'2016-06-11 09:41:08','2016-06-18 09:41:08',2016,1,NULL,NULL,606,4,342,0),(2371,'2016-06-18 10:22:43','2016-06-25 10:22:43',2016,1,NULL,NULL,533,4,120,0),(2398,'2016-08-06 11:04:18','2016-08-13 11:04:18',2016,1,NULL,NULL,527,4,512,0),(2420,'2016-08-13 10:38:01','2016-08-20 10:38:01',2016,1,NULL,NULL,578,4,778,0),(2460,'2016-08-27 10:03:04','2016-09-03 10:03:04',2016,1,NULL,NULL,533,4,785,0),(2495,'2016-09-03 10:58:48','2016-09-10 10:58:48',2016,1,NULL,NULL,605,4,797,0),(2545,'2016-09-24 10:09:53','2016-10-01 10:09:53',2016,1,NULL,NULL,613,4,157,0),(2571,'2016-10-01 10:16:50','2016-10-08 10:16:50',2016,1,NULL,NULL,576,4,740,0),(2589,'2016-10-08 10:40:20','2016-10-15 10:40:20',2016,1,NULL,NULL,591,4,105,0),(2603,'2016-10-15 10:58:43','2016-10-22 10:58:43',2016,1,NULL,NULL,617,4,275,0),(2623,'2016-10-29 10:17:53','2016-11-05 10:17:53',2016,1,NULL,NULL,620,4,152,0),(2681,'2017-03-04 11:15:10','2017-03-11 11:15:10',2017,1,NULL,NULL,693,4,650,0),(2774,'2017-04-01 10:19:38','2017-04-08 10:19:38',2017,1,NULL,NULL,661,4,781,0),(2778,'2017-04-01 10:23:17','2017-04-08 10:23:17',2017,1,NULL,NULL,711,4,714,0),(2791,'2017-04-08 10:01:51','2017-04-15 10:01:51',2017,1,NULL,NULL,693,4,812,0),(2796,'2017-04-08 10:04:15','2017-04-15 10:04:15',2017,1,NULL,5,NULL,4,454,0),(2902,'2017-05-06 10:56:04','2017-05-13 10:56:04',2017,1,NULL,NULL,691,4,154,0),(2917,'2017-05-13 10:19:32','2017-05-20 10:19:32',2017,1,NULL,NULL,634,4,687,0),(2926,'2017-05-13 10:40:36','2017-05-20 10:40:36',2017,1,NULL,NULL,691,4,847,0),(3003,'2017-06-17 10:03:04','2017-06-24 10:03:04',2017,1,NULL,NULL,695,4,724,0),(3062,'2017-08-19 10:12:56','2017-08-26 10:12:56',2017,1,NULL,NULL,719,4,807,0),(3107,'2017-08-26 11:06:06','2017-09-02 11:06:06',2017,1,NULL,NULL,706,4,466,0),(3113,'2017-09-02 10:12:32','2017-09-09 10:12:32',2017,1,NULL,NULL,697,4,340,0),(3238,'2017-10-28 09:54:38','2017-11-04 09:54:38',2017,1,NULL,NULL,716,4,193,0),(3239,'2017-10-28 09:55:27','2017-11-04 09:55:27',2017,1,NULL,NULL,725,4,811,0),(3255,'2017-11-04 10:07:00','2017-11-11 10:07:00',2017,1,NULL,NULL,719,4,480,0),(3427,'2018-04-21 10:26:30','2018-04-28 10:26:30',2018,1,NULL,NULL,797,4,777,0),(3462,'2018-05-05 10:23:05','2018-05-12 10:23:05',2018,1,NULL,NULL,798,4,759,0),(3464,'2018-05-05 10:23:38','2018-05-12 10:23:38',2018,1,NULL,NULL,764,4,815,0),(3517,'2018-06-16 10:35:37','2018-06-23 10:35:37',2018,1,NULL,NULL,782,4,752,0),(3519,'2018-06-16 10:38:50','2018-06-23 10:38:50',2018,1,NULL,6,NULL,4,452,0),(3549,'2018-06-23 10:56:47','2018-06-30 10:56:47',2018,1,NULL,NULL,753,4,827,0),(3560,'2018-08-04 10:23:39','2018-08-11 10:23:39',2018,1,NULL,NULL,798,4,764,0),(3713,'2018-10-06 11:12:59','2018-10-13 11:12:59',2018,1,NULL,NULL,764,4,122,0),(3782,'2019-03-16 10:58:42','2019-03-23 10:58:42',2019,1,NULL,NULL,852,4,730,0),(3816,'2019-03-30 10:47:03','2019-04-06 10:47:03',2019,1,NULL,8,NULL,4,387,0),(3901,'2019-04-27 10:10:47','2019-05-04 10:10:47',2019,1,NULL,NULL,817,4,511,0),(3912,'2019-04-27 10:41:08','2019-05-04 10:41:08',2019,1,NULL,NULL,830,4,915,0),(4042,'2019-05-11 10:17:38','2019-05-18 10:17:38',2019,1,NULL,NULL,852,4,711,0),(4302,'2019-05-18 10:50:08','2019-05-25 10:50:08',2019,1,NULL,NULL,817,4,840,0),(4452,'2019-05-25 10:37:40','2019-06-01 10:37:40',2019,1,NULL,NULL,856,4,1182,0),(4462,'2019-05-25 10:38:03','2019-06-01 10:38:03',2019,1,NULL,NULL,860,4,885,0),(4542,'2019-06-01 10:12:38','2019-06-08 10:12:38',2019,1,NULL,NULL,830,4,1022,0),(4712,'2019-06-01 10:59:12','2019-06-08 10:59:12',2019,1,NULL,NULL,814,4,823,0),(5022,'2019-06-15 10:45:37','2019-06-22 10:45:37',2019,1,NULL,NULL,873,4,926,0),(5142,'2019-06-22 10:13:23','2019-06-29 10:13:23',2019,1,NULL,NULL,902,4,959,0),(5972,'2019-08-31 10:18:30','2019-09-07 10:18:30',2019,1,NULL,NULL,912,4,1032,0),(6292,'2019-09-14 10:11:41','2019-09-21 10:11:41',2019,1,NULL,NULL,912,4,829,0),(6332,'2019-09-14 10:13:25','2019-09-21 10:13:25',2019,1,NULL,NULL,833,4,958,0),(6362,'2019-09-14 10:14:54','2019-09-21 10:14:54',2019,1,NULL,NULL,835,4,921,0),(6552,'2019-09-21 11:05:53','2019-09-28 11:05:53',2019,1,NULL,22,NULL,4,343,0),(6582,'2019-09-28 10:00:39','2019-10-05 10:00:39',2019,1,NULL,NULL,922,4,1312,0),(6792,'2019-09-28 10:53:41','2019-10-05 10:53:41',2019,1,NULL,NULL,839,4,833,0),(6822,'2019-10-05 10:09:01','2019-10-12 10:09:01',2019,1,NULL,44,NULL,4,699,0),(7012,'2019-10-12 10:08:17','2019-10-19 10:08:17',2019,1,NULL,15,NULL,4,856,0),(7222,'2019-10-19 10:38:36','2019-10-26 10:38:36',2019,1,NULL,NULL,816,4,713,0),(7282,'2019-10-19 11:08:48','2019-10-26 11:08:48',2019,1,NULL,NULL,846,4,858,0),(7342,'2019-10-26 11:23:06','2019-11-02 11:23:06',2019,1,NULL,NULL,942,4,876,0),(7372,'2019-10-26 11:29:26','2019-11-02 11:29:26',2019,1,NULL,NULL,821,4,127,1),(7422,'2019-10-26 11:31:39','2019-11-02 11:31:39',2019,1,NULL,NULL,826,4,719,0),(7492,'2019-11-02 10:59:57','2019-11-09 10:59:57',2019,1,NULL,44,NULL,4,701,0),(7532,'2019-11-02 11:03:00','2019-11-09 11:03:00',2019,1,NULL,NULL,836,4,911,0),(7702,'2019-11-09 11:40:50','2019-11-16 11:40:50',2019,1,NULL,NULL,808,4,939,0),(7732,'2019-11-09 11:42:22','2019-11-16 11:42:22',2019,1,NULL,NULL,869,4,952,0),(7762,'2019-11-09 11:43:47','2019-11-16 11:43:47',2019,1,NULL,NULL,872,4,905,0),(7862,'2019-11-16 11:35:45','2019-11-23 11:35:45',2019,1,NULL,NULL,826,4,940,0),(7882,'2019-11-16 11:36:50','2019-11-23 11:36:50',2019,1,NULL,NULL,824,4,371,0),(7892,'2019-11-16 11:37:12','2019-11-23 11:37:12',2019,1,NULL,NULL,825,4,1072,0),(7922,'2019-11-16 12:04:56','2019-11-23 12:04:56',2019,1,NULL,NULL,862,4,721,0),(7942,'2019-11-23 11:08:59','2019-11-30 11:08:59',2019,1,NULL,NULL,813,4,1092,0),(7992,'2020-03-07 10:41:35','2020-03-14 10:41:35',2020,1,NULL,NULL,1082,4,168,0),(8012,'2020-03-07 10:58:33','2020-03-14 10:58:33',2020,1,NULL,NULL,972,4,916,0),(8062,'2020-03-07 11:10:24','2020-03-14 11:10:24',2020,1,NULL,NULL,1162,4,965,0),(8132,'2020-03-14 10:23:55','2020-03-21 10:23:55',2020,1,NULL,NULL,1002,4,142,0),(8152,'2020-03-14 10:29:16','2020-03-21 10:29:16',2020,1,NULL,NULL,1462,4,1412,0),(8172,'2020-03-14 11:00:03','2020-03-21 11:00:03',2020,1,NULL,NULL,982,4,779,0),(8182,'2020-03-14 11:00:47','2020-03-21 11:00:47',2020,1,NULL,NULL,992,4,760,1),(8222,'2020-03-14 11:05:13','2020-03-21 11:05:13',2020,1,NULL,NULL,1302,4,892,0),(8244,'2022-03-19 10:07:38','2022-03-26 10:07:38',2022,1,NULL,NULL,1484,4,407,1),(8254,'2022-03-19 10:08:33','2022-03-26 10:08:33',2022,1,NULL,NULL,1864,4,700,0),(8264,'2022-03-19 10:11:04','2022-03-26 10:11:04',2022,1,NULL,NULL,1874,4,1212,0),(8274,'2022-03-19 10:12:16','2022-03-26 10:12:16',2022,1,NULL,NULL,1544,4,889,0),(8284,'2022-03-19 10:14:11','2022-03-26 10:14:11',2022,1,NULL,NULL,1524,4,513,0),(8294,'2022-03-19 10:16:07','2022-03-26 10:16:07',2022,1,NULL,NULL,1884,4,1242,0),(8304,'2022-03-19 10:17:43','2022-03-26 10:17:43',2022,1,NULL,NULL,1894,4,841,0),(8314,'2022-03-19 10:19:05','2022-03-26 10:19:05',2022,1,NULL,NULL,1904,4,854,0),(8324,'2022-03-19 10:20:20','2022-03-26 10:20:20',2022,1,NULL,NULL,1534,4,961,0),(8334,'2022-03-19 10:22:06','2022-03-26 10:22:06',2022,1,NULL,NULL,1514,4,875,0),(8344,'2022-03-19 10:35:07','2022-03-26 10:35:07',2022,1,NULL,NULL,1924,4,692,0),(8354,'2022-03-19 10:36:12','2022-03-26 10:36:12',2022,1,NULL,NULL,1574,4,844,0),(8364,'2022-03-19 10:36:44','2022-03-26 10:36:44',2022,1,NULL,NULL,1744,4,172,0),(8374,'2022-03-19 10:38:09','2022-03-26 10:38:09',2022,1,NULL,NULL,1624,4,1272,0),(8384,'2022-03-19 10:39:12','2022-03-26 10:39:12',2022,1,NULL,NULL,1664,4,1012,0),(8394,'2022-03-19 10:41:11','2022-03-26 10:41:11',2022,1,NULL,NULL,1934,4,66,0),(8404,'2022-03-19 10:42:43','2022-03-26 10:42:43',2022,1,NULL,NULL,1804,4,955,0),(8414,'2022-03-19 10:44:55','2022-03-26 10:44:55',2022,1,NULL,NULL,1754,4,789,0);
/*!40000 ALTER TABLE `emprestimo_baixa_pandemia` ENABLE KEYS */;
UNLOCK TABLES;

--
-- Table structure for table `evangelizando`
--

DROP TABLE IF EXISTS `evangelizando`;
/*!40101 SET @saved_cs_client     = @@character_set_client */;
/*!50503 SET character_set_client = utf8mb4 */;
CREATE TABLE `evangelizando` (
  `id_evangelizando` int(11) NOT NULL AUTO_INCREMENT,
  `no_evangelizando` text NOT NULL,
  `dt_cadastro` datetime NOT NULL,
  `st_ativo` tinyint(1) NOT NULL,
  `no_sexo` varchar(45) NOT NULL,
  `no_pai` text,
  `no_mae` text,
  `no_endereco` text,
  `no_bairro` varchar(20) DEFAULT NULL,
  `no_cidade` varchar(45) DEFAULT NULL,
  `nu_cep` varchar(9) DEFAULT NULL,
  `dt_nascimento` datetime DEFAULT NULL,
  `nu_fone_res` varchar(14) DEFAULT NULL,
  `nu_fone_cel` varchar(14) DEFAULT NULL,
  `no_obs` text,
  PRIMARY KEY (`id_evangelizando`)
) ENGINE=InnoDB AUTO_INCREMENT=684 DEFAULT CHARSET=latin1;
/*!40101 SET character_set_client = @saved_cs_client */;

--
-- Dumping data for table `evangelizando`
--

LOCK TABLES `evangelizando` WRITE;
/*!40000 ALTER TABLE `evangelizando` DISABLE KEYS */;
INSERT INTO `evangelizando` VALUES (46,'Adão (Assistência)','2013-07-30 09:48:45',0,'Masculino','','Síntia',NULL,NULL,NULL,'',NULL,'','',NULL),(47,'Allice Correia Barros','2013-07-30 09:59:49',1,'Feminino','Marcelo Rodrigues Barros','Sidlayne Fernanda C. Silva ','Cond. Nova Colina II – Conj. B – Casa 24','','Sobradinho/DF','','2008-08-11 11:29:02','(61) 8639-6720','',NULL),(48,'Anderson (Assistência)','2013-07-30 10:00:40',0,'Masculino','','Marina (avó)','','','','',NULL,'','',NULL),(49,'Angelina Berger Maio','2013-07-30 10:04:32',1,'Feminino','Lincoln Macário Maia','Geisha Berger','Rodovia: Km 0,5 - Cond. Vivendas Serranas - Mód. B – Casa 1','Setor Habitacional C','Sobradinho/DF','73092-900','2009-04-26 11:52:14','(61) 3879-3881','(61) 8111-8123',NULL),(50,'Ângelo Ezequiel Nascimento Afonso da Silva','2013-07-30 10:07:29',1,'Masculino','Anderson Afonso da Silva','Kelly Janaina N. da Silva ','Quadra 18 Conjunto M Casa 18','Sobradinho','Sobradinho/DF','73050-193','2008-09-23 11:31:47','(61) 3387-3641','(61) 9114-8875',NULL),(51,'Gabriela Aguiar Machado','2013-07-30 10:10:47',1,'Feminino','Glauco André Machado','Ana Tenice Aguiar ','Quadra Central Conjunto C – Bloco C – Apto. 502','Sobradinho','Sobradinho/DF','73010-703','2009-04-09 11:53:03','(61) 9977-9687','(61) 8241-8577',NULL),(52,'João Gabriel Leite Marotto','2013-07-30 10:23:17',1,'Masculino','','Evanilda L. Maroccolo','Quadra 6 – Conj. F – Casa 5','','Sobradinho/DF','','2008-10-11 10:50:38','(61) 3591-7879','(61) 8116-7827',NULL),(53,'Layla (Assistência)','2013-07-30 11:35:43',1,'Feminino','','Francisca ','','','','',NULL,'','',NULL),(54,'Luis Felipe Rabelo Alcântara','2013-07-30 11:37:58',1,'Masculino','Emerson Roberto Vieira Alcântara','Ana Maria Rabelo Alcântara ','Quadra: Quadra 18 Conjunto M - Casa 06','Sobradinho','Sobradinho/DF','73050-193','2008-06-26 11:37:58','(61) 3522-7289','',NULL),(55,'Marina Sebba de Assis','2013-07-30 11:39:32',1,'Feminino','Fernando de Assis Gomes','Aline Sebba de Assis ','Quadra: Quadra 16 Conjunto G - Casa 4','Sobradinho','Sobradinho/DF','73050-167','2009-05-06 11:44:25','(61) 3264-6427','(61) 9208-7726',NULL),(56,'Ramon Fellype Barbosa Ribeiro Colen','2013-07-30 11:40:59',1,'Masculino','Osorito Gomes Colen','Jacqueline Barbosa Ribeiro','Quadra: Quadra 1 – Conjunto C-1 – Casa 58','Sobradinho','Sobradinho/DF','73020-010','2008-09-11 11:44:38','(61) 3487-3360','(61) 9298-4495',NULL),(57,'Sofia Oliveira Heinen','2013-07-30 11:42:29',1,'Feminino','Cezar Gabriel Heinen Zaleski','Maria Alexandra da Silva Oliveira','QMS 1B – Rua 23 – Lote 18 – Casa 1 ','Mini Chácara','Sobradinho II','73081-505','2009-01-13 16:15:22','(61) 3485-5972','(61) 9301-4057',NULL),(58,'Talia (Assistência)','2013-07-30 11:43:11',1,'Feminino','','Poliana','','','','',NULL,'','',NULL),(59,'Vítor Gabriel (Assistência)','2013-07-30 11:43:44',0,'Masculino','','Maria de Fátima','','','','',NULL,'','',NULL),(60,'Arthur Castro de Oliveira ','2013-07-30 11:46:04',1,'Masculino','','','','','','','2010-03-23 20:55:27','','',NULL),(61,'Julia Fidelis dos Santos Beleza','2013-07-30 11:46:33',1,'Feminino','','','','','','','2009-08-19 20:58:04','','',NULL),(62,'Thamyres de Almeida Santos','2013-07-30 11:46:48',1,'Feminino','','','','','','','2009-11-05 21:01:24','','',NULL),(63,'Guilherme Parente Vieira','2013-07-30 11:47:02',1,'Masculino','','','','','','','2010-02-20 20:56:49','','',NULL),(64,'Rafael','2013-07-30 11:47:17',1,'Masculino','','','','','','',NULL,'','',NULL),(65,'Natália','2013-07-30 11:47:44',1,'Feminino','','','','','','',NULL,'','',NULL),(66,'Ailla Soares de Morais Rodrigues','2013-07-30 11:51:12',1,'Feminino','Carlos Alberto F. Rodrigues','Joana D’arc S. Morais','Rodovia: Km 2,5 - Cond. Vivendas Bela Vista – B – Casa 28','Grande Colorado','Sobradinho/DF','73105-909','2007-11-26 11:51:12','(61) 3483-2101','',NULL),(67,'Allef Morrissey Oliveira','2013-07-30 11:56:59',1,'Masculino','Carlos Alberto da Conceição','Aline Oliveira da Silva','Quadra 17 AR 1 – Bloco A – Apto 102','Sobradinho','Sobradinho/DF','73045-170','2008-02-02 11:56:59','(61) 9211-3332','(61) 8455-4866',NULL),(68,'Amanda Santos de Jesus','2013-07-30 11:58:58',1,'Feminino','Daniel Lopes de Jesus','Marli de O. Santos','Condomínio: Bela Vista Serrana módulo 5, casa 60-A – Nova Colina','Nova Colina','Sobradinho/DF','73017-013','2006-05-03 11:58:58','(61) 3453-2333','',NULL),(69,'Ana Beatriz Ramiro Souza Lara','2013-07-30 12:00:42',1,'Feminino','Daniel Xavier Lara','Patrícia Silva Souza','Quadra 9 Conjunto E – Casa 33','Sobradinho','Sobradinho/DF','73035-095','2006-06-29 12:00:42','(61) 3591-1546','(61) 8104-1546',NULL),(70,'Andrey Alves Monteiro','2013-07-30 12:02:14',1,'Masculino','Marlon Alves Monteiro','Maria Eugenia Monteiro','Cond. Morada da Serra – Q. 48 Casa 14 – SMS','Setor de Mansões de ','Sobradinho/DF','73080-260','2008-03-27 12:02:14','(61) 3483-3612','(61) 9333-8435',NULL),(71,'Betina Heinzelmonn Machado','2013-07-30 12:03:35',1,'Feminino','Renato de Carvalho Machado','Marcela Heinzelmonn','Quadra 12 Conjunto C Casa 29','Sobradinho','Sobradinho/DF','73010-123','2007-02-03 12:03:35','(61) 3552-5840','',NULL),(72,'Felipe Souza Caetano','2013-07-30 12:05:21',1,'Masculino','Wladimir Caetano','Cristina Caetano','Rodovia: Km 2,5 Cond. Solar de Athenas – Conj. G – Casa 18','Grande Colorado','Sobradinho/DF','73105-903','2007-02-03 12:05:21','','',NULL),(73,'João Pedro Morais Ribeiro','2013-07-30 12:07:04',1,'Masculino','Hosé Ribeiro Neto','Jerusa Soares','Rodovia: Km 2,5 - Cond. Vivendas Bela Vista – Módulo N – Casa 18','Grande Colorado','Sobradinho/DF','73105-909','2007-11-03 12:07:04','(61) 3485-5554','(61) 9824-3366',NULL),(74,'José Ian Noberto B. de Sousa','2013-07-30 12:10:16',1,'Masculino','José Benício de Sousa','Givoneide B. de Araújo','CMS Conj. D – Lote 32 – Casa 3','','Sobradinho/DF','73084-020','2007-11-03 12:10:16','(61) 8119-7779','(61) 8316-6942',NULL),(75,'Maria Clara Becker Cavalcante','2013-07-30 12:12:30',1,'Feminino','Nicholas Alisson Cavalcante Leite','Denise Becker de Oliveira','Rodovia: Km 2 - Cond. RK Conjunto Centauro – Quadra G – Casa 6','Região dos Lagos','Sobradinho/DF','73252-900','2007-10-02 12:12:30','(61) 3302-1298','',NULL),(76,'Maria Luiza Pereira Hessen','2013-07-30 13:43:05',1,'Feminino','Tiago Luiz C. Pereira','Samara Luiza Hessen','Rodovia: Km 2,5 Cond. Vivendas Friburgo – Conj. F – Casa 5','Grande Colorado','Sobradinho/DF','73105-901','2008-03-24 13:43:05','(61) 3297-0322','(61) 9247-0966',NULL),(77,'Letícia Cristina de Lima Rios','2013-07-30 13:45:17',1,'Feminino','Jorge de Souza Rios','Kylvia Maria Augusto de Lima','Rodovia: Km 2,5 - Cond. Solar de Athenas – Módulo C – Casa 07','Grande Colorado','Sobradinho/DF','73105-903','2007-04-06 13:45:17','(61) 3967-2854','(61) 9267-3209',NULL),(78,'Miguel Rodrigues Ferreira','2013-07-30 13:46:37',1,'Masculino','Elcio Ferreira Junior','Ruth Rodrigues M. Ferreira','Quadra 11 Conjunto D Casa 26','Sobradinho','Sobradinho/DF','73040-114',NULL,'(61) 3387-6181','(61) 8165-6682',NULL),(79,'Pedro Henrique de Oliveira Chaves','2013-07-30 13:48:02',1,'Masculino','André Luís Chaves','Kelly Cristina de O. Chaves','Quadra 12 Conjunto C - Casa 33','Sobradinho','Sobradinho/DF','73010-123','2008-04-30 13:48:02','(61) 3353-7555','(61) 9645-0330',NULL),(80,'Rafael Vasconcelos Viana','2013-07-30 13:49:49',1,'Masculino','Ricardo Henrique Viana','Rozilene Vasconcelos Viana','SMS 52 – Casa 5 – Cond. Morada da Serra','Sobradinho','Sobradinho/DF','73070-014','2006-08-21 13:49:49','(61) 3485-2179','(61) 9227-7172',NULL),(81,'Rayane (Assistência)','2013-07-30 13:51:18',1,'Feminino','','Francisca','','','','',NULL,'','',NULL),(82,'Roniel (Assistência)','2013-07-30 13:51:52',1,'Masculino','','Poliana','','','','',NULL,'','',NULL),(83,'Suzana (Assistência)','2013-07-30 13:52:26',1,'Feminino','','Maria Aparecida','','','','',NULL,'','',NULL),(84,'Tatiele (Assistência)','2013-07-30 13:52:57',0,'Feminino','','Marina','','','','',NULL,'','',NULL),(85,'Vladimir','2013-07-30 13:53:22',1,'Masculino','','Marilene','','','','',NULL,'','',NULL),(86,'Julia','2013-07-30 13:55:03',1,'Feminino','','','','','','',NULL,'','',NULL),(87,'Vinícius Martim','2013-07-30 13:56:28',1,'Masculino','','','','','','',NULL,'','',NULL),(88,'Lucas Matheus','2013-07-30 13:57:04',1,'Masculino','','','','','','',NULL,'','',NULL),(89,'Adriele (Assistência)','2013-07-30 14:11:29',0,'Feminino','','Antonia','','','','',NULL,'','',NULL),(90,'Alley Morissey Oliveira','2013-07-30 14:12:51',1,'Masculino','Carlos Alberto da Conceição','Aline Oliveira da Silva','Quadra 17 – AR 1 – Bl. A – Apto 102','Sobradinho','Sobradinho/DF','73045-170','2005-03-13 14:12:51','(61) 9214-7912','',NULL),(91,'Arnaldo Rocha Lavareda','2013-07-30 14:16:33',1,'Masculino','Sandro Lavareda','Nalim Lavareda','Quadra 10 – Conj. E – Casa 2','','Sobradinho/DF','','2004-07-12 14:16:33','(61) 9681-7806','',NULL),(92,'Arthur Prados Piana','2013-07-30 14:19:49',1,'Masculino','Ronaldo Machado Piana','Cristiane de Castro','Cond. RK – Conj. Centauros – Qd U – Casa 10','','Sobradinho/DF','73252-900','2006-03-16 01:25:40','(61) 3302-4274','(61) 9102-8489',NULL),(93,'Beatriz Velame Soares','2013-07-30 14:24:12',1,'Feminino','Renné Soares','Carla Velame','QMS 3 – Rua 5 – Casa 11','Setor de Mansões de ','Sobradinho/DF','73082-300','2004-11-19 14:24:12','(61) 3485-4126','(61) 9133-9146',NULL),(94,'Beatriz Neves (Assistência)','2013-07-30 14:24:46',1,'Feminino','','Raimunda','','','','',NULL,'','',NULL),(95,'Emerson BonFim (Assistência)','2013-07-30 14:25:14',1,'Masculino','','Maria Aparecida','','','','',NULL,'','',NULL),(96,'Gabriel Alves Abreu','2013-07-30 14:26:50',1,'Masculino','Marcos Xavier','Ana Paula Alves','Condomínio Vale das Acácias – Qd. 14 Casa 6','Sobradinho','Sobradinho/DF','73070-056','2004-12-14 14:26:50','(61) 3485-6292','(61) 9293-3931',NULL),(97,'Giovana Hernandes Gold','2013-07-30 14:28:22',1,'Feminino','Carlos Alberto M. Gold Júnior','Denise H. M. Gold','Quadra 5 – CL 05 – Ap. 304 ','Sobradinho','Sobradinho/DF','73030-050','2004-12-11 14:28:22','(61) 8151-6242','',NULL),(98,'Gláucia (Assistência)','2013-07-30 14:29:01',1,'Feminino','','Maria de Lurdes','','','','',NULL,'','',NULL),(99,'Guilherme Alves Ramos','2013-07-30 14:30:25',1,'Masculino','Cleber Ramos da Silva','Elioena Alves Santana','Quadra 2 – Conj. A-8 – Casa 20','Sobradinho','Sobradinho/DF','','2006-02-01 14:30:25','(61) 3591-9558','',NULL),(100,'Helena Plácido Sumihara Abreu','2013-07-30 14:31:31',1,'Feminino','Marceo Xavier de Abreu','Alice Lopes Sumihara','Cond. Jardim Europa I – Q. 2 – E – 10','Sobradinho','Sobradinho/DF','','2006-02-07 14:31:31','(61) 3841-0137','',NULL),(101,'João Humberto Tenório Batista','2013-07-30 14:33:47',1,'Masculino','Oliver Marques Batista','Marta Tenório Barbosa','Quadra 14 – Conj. A-7 – Edifício Por do Sol – Apto. 202','Sobradinho','Sobradinho/DF','','2005-02-19 14:33:47','(61) 8523-0853','(61) 8435-9141',NULL),(102,'João Pedro Queiroz Aguiar','2013-07-30 14:35:09',1,'Masculino','Rogério Aguiar','Raquel L. Queiroz','QMS 03 – Rua 20 – Casa 4A','','Sobradinho II','73080-045','2005-12-25 14:35:09','(61) 8417-3054','(61) 9291-5496',NULL),(103,'Karoline Gonçalves Pedrollo Braga','2013-07-30 14:36:24',1,'Feminino','Paulo Roberto Braga','Kelen Pedrollo','Rodovia: Km 2,5 Cond. Solar de Athenas – Conj. E – Casa 9','Grande Colorado','Sobradinho/DF','73105-903','2004-09-25 14:36:24','(61) 3485-0170','(61) 9116-8696',NULL),(104,'Larissa de Almeida Maia','2013-07-30 14:37:42',1,'Feminino','Adriano de Almeida Lima','Lídia Maia','Rodovia: Km 0,5 - Cond. Vivendas Serrana – Módulo M – Casa 10','Setor Habitacional C','Sobradinho/DF','73092-900','2004-01-17 14:37:42','(61) 7811-7937','',NULL),(105,'Leandro Pinheiro de Souza Oliveira','2013-07-30 14:39:14',1,'Masculino','Fabiano Cesar de Oliveira','Keilla Mara P. S. Oliveira','Quadra 4 Conj. B – casa 27','Sobradinho','Sobradinho/DF','73025-040','2006-03-11 14:39:14','(61) 3591-7877','(61) 9303-7872',NULL),(106,'Lívia Lemos de São José','2013-07-30 14:41:06',1,'Feminino','Fabiano Augusto','Adriana P. de São José','Rodovia: Km 2,5 - Cond. Vivendas Bela Vista Mod. D Casa 02','Grande Colorado','Sobradinho/DF','73105-909','2005-07-07 14:41:06','(61) 3536-7696','',NULL),(107,'Lívio Evangelista da Costa Filho','2013-07-30 14:43:03',1,'Masculino','Lívio Evangelista da Costa','Rosana O. Ramos da Costa','Quadra 5 Conjunto G Casa 13','Sobradinho','Sobradinho/DF','73030-057','2004-09-22 14:43:03','(61) 9569-1417','(61) 9100-3280',NULL),(108,'Lorena Cristina de Lima Rios','2013-07-30 14:44:17',1,'Feminino','Jorge de Souza Rios','Kylvia Maria Augusto de Lima','Rodovia: Km 2,5 - Cond. Solar de Athenas, mod. c, casa 07','Grande Colorado','Sobradinho/DF','73105-903','2005-06-04 14:44:17','(61) 3967-2854','(61) 9267-3209',NULL),(109,'Luara Ferreira Guimarães Monteiro','2013-07-30 14:46:05',1,'Feminino','Guilherme Guimarães','Juliana Ferreira da Silva','Quadra 2 Conjunto E-10 - Casa 14','Sobradinho','Sobradinho/DF','73015-610','2004-12-01 14:46:05','(61) 3591-2037','',NULL),(110,'Maria Eduarda de Castro Hessen','2013-07-30 14:47:22',1,'Feminino','Jorge Luiz Hessen','Maria Eleusa de C. Hessen','Rodovia: Km 2,5 - Condomínio Vivendas Friburgo F-5','Grande Colorado','Sobradinho/DF','73105-901','2004-11-27 14:47:22','(61) 3297-0322','',NULL),(111,'Maria Eduarda Sebba do Amaral','2013-07-30 14:48:52',1,'Feminino','Ricardo Valentim dos Santos','Rebeca de Lins Sebba','Qd. 10 - Conj. H – Casa 16','Sobradinho','Sobradinho/DF','73008-105','2004-08-07 14:48:52','(61) 3591-0788','(61) 8143-4469',NULL),(112,'Mell Lima da Cunha Gonçalves','2013-07-30 14:50:09',1,'Feminino','Fábio Rafael da Cunha Gonçalves','Débora Ferreira de Lima','Rodovia: Km 2 - Condomínio RK – Conj. Antares – CH – B - 01','Região dos Lagos','Sobradinho/DF','73252-900','2005-03-31 14:50:09','(61) 3302-2637','(61) 9622-3214',NULL),(113,'Pedro Henrique (Assistência)','2013-07-30 14:50:39',1,'Masculino','','Márcia','','','','',NULL,'','',NULL),(114,'Pedro Maia de O. Evangelista','2013-07-30 14:52:30',1,'Masculino','Thiago de O. Evangelista','Janaina M. dos Santos','Quadra 6 – Conjunto F – Casa 50','Sobradinho','Sobradinho/DF','','2005-06-17 14:52:30','(61) 3591-0739','',NULL),(115,'Stéfany (Assistência)','2013-07-30 14:53:06',1,'Feminino','','Marilene','','','','',NULL,'','',NULL),(116,'Victor Oliveira Sá','2013-07-30 14:54:32',1,'Masculino','Renato Sá','Mary Luci de Oliveira Alves','AR 19 – Conjunto 9 – Casa 7','','Sobradinho II','','2005-05-16 14:54:32','(61) 3387-1548','',NULL),(117,'Vinícius de Abreu Bispo','2013-07-30 14:55:46',1,'Masculino','Nilton Alves Bispo','Heloisa de A. M. Bispo','Cond. Novo Setor de Mansões – Mód. 5 – Conj. 3 – Casa 56','Nova Colina','Sobradinho/DF','','2005-10-30 14:55:46','(61) 3387-3483','(61) 9687-7764',NULL),(118,'Wanessa Hermínia Martins Pequeno','2013-07-30 14:57:00',1,'Feminino','Wagner de Oliveira Pequeno','Juliana Olinda Martins Pequeno','Quadra 2 Conjunto C-05 - Casa 26','Sobradinho','Sobradinho/DF','73015-305','2005-09-10 14:57:00','(61) 3591-1562','(61) 8129-4696',NULL),(119,'Caue','2013-07-30 15:00:38',1,'Masculino','','','','','','',NULL,'','',NULL),(120,'Isabella Alves Monteiro','2013-07-30 15:01:28',1,'Feminino','Marlon Alves Monteiro','Maria Eugenia Monteiro','Cond. Morada da Serra – Q. 48 Casa 14 – SMS','Setor de Mansões de ','Sobradinho/DF','73080-260','2004-05-31 15:27:26','(61) 3483-3612','',NULL),(121,'Larissa Greco Barros','2013-07-30 15:01:42',1,'Feminino','','','','','','',NULL,'','',NULL),(122,'Allan David Ferreira Costa','2013-07-30 15:05:41',1,'Masculino','Fábio Roberto T.Costa','Janaína F. S. Lima','Cond. Mini-Chácaras QMS 20 – Lote 05 – Setor de Mansões','Sobradinho II','Sobradinho/DF','73080-000','2002-10-17 15:05:41','(61) 3485-3563','',NULL),(123,'Brenda Letícia (Assistência)','2013-07-30 15:06:08',1,'Feminino','','Márcia','','','','',NULL,'','',NULL),(124,'Caio Alencar dos Santos','2013-07-30 15:07:06',1,'Masculino','','Cyntia Honório de Alencar','Quadra Central – Bloco B – apt. 203','Sobradinho','Sobradinho/DF','73010-700','2002-07-23 15:07:06','(61) 3591-5361','',NULL),(125,'Caio Vinícius de Oliveira Chaves','2013-07-30 15:08:26',1,'Masculino','André Luis Chaves','Kelly Cristina de Oliveira','Quadra 12 Conjunto C - Casa 33','Sobradinho','Sobradinho/DF','73010-123','2003-04-08 15:08:26','(61) 3253-7555','(61) 9645-0330',NULL),(126,'Eduardo Evangelista Silva','2013-07-30 15:09:41',1,'Masculino','Luiz Hermínio da Silva Junior','Erica de O. Evangelista','Quadra 6 – Conjunto F – Casa 50','Sobradinho','Sobradinho/DF','73025-060','2002-12-14 15:09:41','(61) 3591-0739','',NULL),(127,'Gabriel Henrique Castelo Costa','2013-07-30 15:11:52',1,'Masculino','Leon Denis C. Oliveira','Lucivania L. Castelo','Conjunto B-03 - Casa 09','Vila Nossa Senhora d','Planaltina/DF','73340-723','2003-01-31 15:11:52','(61) 3389-0053','',NULL),(128,'Gabriela Freitas (Assistência)','2013-07-30 15:12:23',1,'Feminino','','Marilene','','','','',NULL,'','',NULL),(129,'Gabrielly Aparecida (Assistência)','2013-07-30 15:12:58',1,'Feminino','','Raimunda','','','','',NULL,'','',NULL),(130,'Guilherme Pereira de Araujo Lima','2013-07-30 15:14:33',1,'Masculino','Jesuíno Pereira de Araújo','Lícia Raimundo de Lima','Rodovia: Km 3 Cond. Vivendas Campestre – Conj. E – Casa 01','Setor Habitacional C','Sobradinho/DF','73090-918','2002-08-26 15:14:33','(61) 3454-1360','(61) 8477-1446',NULL),(131,'Isabel Crislane (Assistência)','2013-07-30 15:15:09',1,'Feminino','','Raimunda','','','','',NULL,'','',NULL),(132,'Izabel Alves (Assistência)','2013-07-30 15:35:52',1,'Feminino','','Maria de Lurdes','','','','',NULL,'','',NULL),(133,'João Gabriel Gonçalves Fernandes','2013-07-30 15:37:30',1,'Masculino','Gabriel M. Fernandes','Wanessa N. G. M. Fernandes','AR 01 – Conj. 05 – Casa 13','Sobradinho II','Sobradinho II','73050-160','2004-02-05 15:37:30','(61) 3468-8208','',NULL),(134,'João Pedro Carvalho O. Rodrigues','2013-07-30 15:38:40',1,'Masculino','João Batista O. R. Silva','Priscila B. Carvalho','Condomínio Villa Verde – Conj. F – Casa 3 ','','Sobradinho II','','2003-12-13 15:38:40','(61) 9965-6459','',NULL),(135,'Kaylanne de Sousa Neves','2013-07-30 15:40:32',1,'Feminino','Jones Dias Neves','Lidiane Nogueira','Quadra 10 –Conjunto G – Casa 31','Sobradinho','Sobradinho/DF','','2003-10-07 15:40:32','(61) 3263-9201','(61) 9211-7163',NULL),(136,'Letícia Sebba','2013-07-30 15:41:54',1,'Feminino','Ricardo Valentim dos Santos','Rebeca de Lins Sebba','Qd. 10 - Conj. H – Casa 16','Sobradinho','Sobradinho/DF','73008-105','2002-07-15 15:41:54','(61) 3591-0788','(61) 8143-4469',NULL),(137,'Luana Gabriella Azevedo de Lima','2013-07-30 15:43:51',1,'Feminino','Danilo Azevedo de Carvalho','Denise Dias de Lima','Quadra 10 – Conj. F – Casa 20','Sobradinho','Sobradinho/DF','73005-100','2002-05-28 15:43:51','(61) 3591-3319','(61) 9139-1384',NULL),(138,'Maria Eduarda Guedes Santos','2013-07-30 15:44:57',1,'Feminino','Marcos Pereira dos Santos','Angelina Pereira Guedes','Quadra 3 – CL 12 – Apto 208','Sobradinho','Sobradinho/DF','','2003-11-07 15:44:57','(61) 8446-2689','',NULL),(139,'Mateus (Assistência)','2013-07-30 15:45:34',1,'Masculino','','Ana Paula dos Santos','','','','',NULL,'','',NULL),(140,'Rafael Santos da Silva','2013-07-30 15:47:45',1,'Masculino','Agamenon S. da Silva','Dirone F. da Silva','Quadra 6 – Conj. B – Casa 39','Sobradinho','Sobradinho/DF','73062-025','2004-03-03 15:47:45','(61) 9551-5283','',NULL),(141,'Sâmia Soares de Morais Rodrigues','2013-07-30 15:48:50',1,'Feminino','Carlos Alberto F. Rodrigues','Joana D’arc S. Morais','Rodovia: Km 2,5 - Cond. Vivendas Bela Vista – B – Casa 28','Grande Colorado','Sobradinho/DF','73105-909','2002-11-08 15:48:50','(61) 3595-1055','',NULL),(142,'Samilly (Assistência)','2013-07-30 15:49:34',1,'Feminino','','Síntia','','','','',NULL,'','',NULL),(143,'Sarah Cristina L. Silva','2013-07-30 15:50:37',1,'Feminino','Ernani Nascimento da Silva','Neide Laurentina Silva','Quadra 18 Conjunto M Casa 02','Sobradinho','Sobradinho/DF','73050-193','2003-08-27 15:50:37','','',NULL),(144,'Talita (Assistência)','2013-07-30 15:51:12',1,'Feminino','','Katrine','','','','',NULL,'','',NULL),(145,'Vinícius Rodrigues Soares','2013-07-30 15:52:29',1,'Masculino','Vandeci Rodrigues Moitim','Maria Ribeiro Soares','Quadra 3 – Conjunto A – Casa 39','Sobradinho','Sobradinho/DF','73030-030','2002-06-06 15:52:29','(61) 3487-7000','(61) 9259-9430',NULL),(146,'Victor Hugo Xavier Sampaio','2013-07-30 15:56:22',1,'Masculino','Arivaldo Pereira Sampaio','Sandra Maria Xavier Sampaio','Quadra 7 – Conj. G – Casa 7','Sobradinho','Sobradinho/DF','73035-077','2002-05-20 15:56:22','(61) 3387-0079','(61) 9979-5808',NULL),(147,'Vítor (Assistência)','2013-07-30 15:57:04',1,'Masculino','','Maria Aparecida','','','','',NULL,'','',NULL),(148,'Yasmin Souza Caetano','2013-07-30 15:58:09',1,'Feminino','Wladimir Caetano','Cristina Caetano','Rodovia: Km 2,5 - Cond. Solar de Athenas – Conj. G – Casa 18','Grande Colorado','Sobradinho/DF','73105-903','2003-04-19 15:58:09','','',NULL),(149,'Yone Rocha Lavareda','2013-07-30 15:59:18',1,'Feminino','Sandro Lavareda','Nalim Lavareda','Quadra 10 – Conj. E – Casa 2','Sobradinho','Sobradinho/DF','','2002-07-05 15:59:18','(61) 3414-5569','(61) 9681-7806',NULL),(150,'Heloísa Martins Ferreira','2013-07-30 16:02:18',1,'Feminino','','','','','','',NULL,'','',NULL),(151,'Amanda Gabriela de Oliveira Sousa','2013-07-30 16:14:51',1,'Feminino','Cezar Gabriel Heinen Zaleski','Maria Alexandra da Silva Oliveira','QMS 1B – Rua 23 – Lote 18 – Casa 1','Mini Chácara','Sobradinho II','73081-505','2000-12-08 16:14:51','(61) 3485-5972','(61) 9301-4057',NULL),(152,'Amanda Mantovani Santos','2013-07-30 16:17:04',1,'Feminino','Ailton Santos','Alline Santos Cruz Veras','Rodovia: Km 1 - Cond. Recanto da Serra – DF 330 – Rua 9 – Casa 1','Nova Colina','Sobradinho/DF','73271-901','2001-02-02 16:17:04','(61) 3453-1931','',NULL),(153,'Ana Beatriz Heinzelmonn Machado','2013-07-30 16:17:40',1,'Feminino','','','','','','','2001-03-15 16:17:40','','',NULL),(154,'Ana Cleide (Assistência)','2013-07-30 16:18:17',0,'Feminino','','Marilene','','','','',NULL,'','',NULL),(155,'Ana Júlia Cruz Valverde Correia','2013-07-30 16:19:14',1,'Feminino','Delvite Valverde Correia','Eliane da Cruz Valverde','Condomínio Contagem - Rua A – Casa 7','Sobradinho','Sobradinho/DF','73070-003','2002-02-15 16:19:14','','',NULL),(156,'Bárbara Ferreira Felipe','2013-07-30 16:20:11',1,'Feminino','Leandro da Silva Felipe','Cristianne Ferreira de Góis','Quadra 2 – Conjunto A-6 – Bloco 1 – Ap. 107','Sobradinho','Sobradinho/DF','','2001-08-11 16:20:11','(61) 3487-1123','',NULL),(157,'Bruno Rabelo Nogueira','2013-07-30 16:21:49',1,'Masculino','Claudio Roberto Oliveira Nogueira','Livia Amado Rabelo','Quadra 2 Conjunto D-05 Casa 13','Sobradinho','Sobradinho/DF','73015-405','2001-02-19 16:21:49','(61) 3387-5581','(61) 9252-3022',NULL),(158,'Danielly Oliveira Alves','2013-07-30 16:23:32',1,'Feminino','Darley Pereira Alves','Mary Luci','Quadra: Quadra 18 - Conjunto K – Casa 30','Sobradinho','Sobradinho/DF','73050-180','2000-07-19 16:23:32','(61) 3387-1548','(61) 8196-7546',NULL),(159,'Ector Carvalho Alves Falcão','2013-07-30 16:49:17',1,'Masculino','Nils Ivar C. R. P. C. Alves','Vanderleia Falcão Nery Alves','Rodovia: BR-020 - Loteamento Estâncias Vila Rica – Gleba II – Ch. 34 – Km 12,5','Estâncias Vila Rica','Sobradinho/DF','73131-010','2001-03-23 16:49:17','(61) 9289-5080','(61) 9223-2534',NULL),(160,'Emilly (Assistência)','2013-07-30 16:51:11',1,'Feminino','','Síntia','','','','',NULL,'','',NULL),(161,'Gabriel Guimarães Teles Franco','2013-07-30 16:52:17',1,'Masculino','David Gomes Franco','Mirane G. T. Franco','Quadra 8 – Conjunto D – Casa 49','Sobradinho','Sobradinho/DF','73005-080','2001-01-30 16:52:17','(61) 3591-5000','(61) 9196-7931',NULL),(162,'Gabriel Turial Velloso','2013-07-30 16:53:23',1,'Masculino','Ricardo D. Velloso','Grasiele Turial','Quadra 2 – Conj. C7 – Casa 22','Sobradinho','Sobradinho/DF','73015-307','2000-06-12 16:53:23','(61) 3487-6040','',NULL),(163,'Gabrielly Oliveira Alves','2013-07-30 16:54:36',1,'Feminino','Darley Pereira Alves','Mari Luci Alves','Quadra 18 – Conjunto K – Casa 39','Sobradinho','Sobradinho/DF','73050-180','2001-11-13 16:54:36','(61) 3387-1548','',NULL),(164,'Geová (Assistência)','2013-07-30 16:55:05',1,'Feminino','','Maria Aparecida','','','','',NULL,'','',NULL),(165,'Gláucio (Assistência)','2013-07-30 16:55:57',1,'Masculino','','Maria de Lurdes','','','','',NULL,'','',NULL),(166,'Isabel Plácido Sumihara Abreu','2013-07-30 17:01:37',1,'Feminino','Marceo Xavier de Abreu','Alice Lopes Sumihara','Cond. Jardim Europa I – Q. 2 – E – 10','Sobradinho','Sobradinho/DF','','2001-04-06 17:01:37','(61) 3485-0137','',NULL),(167,'Jéssica Ellen Kardec Frota','2013-07-30 17:03:05',1,'Feminino','','Allana Kardec','Quadra 15 – Conjunto E – Casa 38','Sobradinho','Sobradinho/DF','73045-150','2000-07-02 17:03:05','(61) 3387-7742','',NULL),(168,'João Arthur de Paula e Gomes','2013-07-30 17:05:58',1,'Masculino','Ildefonso Ferreira Gomes','Benigna de Paula','Rodovia: Km 2,6 - Cond. Recanto Real – Quadra 4 – Cnj. 01 – Casa 6 – BR-020','Região dos Lagos','Sobradinho/DF','73251-903','2001-04-10 17:05:58','(61) 3541-5473','',NULL),(169,'João Santos Krinsky','2013-07-30 17:07:24',1,'Masculino','Cláudio F. Krinski','Isabel-Tereza Santos','Cond. RK – Centauros Y – Casa 15','Sobradinho','Sobradinho/DF','','2001-04-13 17:07:24','(61) 3302-3412','',NULL),(170,'Leonardo Rodrigues Santos','2013-07-30 17:08:55',1,'Masculino','Vans Souza Santos','Irene de Jesus Rodrigues e Neudes','AR 18 – Conj. 01 – Casa 3 – Sobradinho II','Sobradinho II','Sobradinho/DF','73065-181','2000-09-27 17:08:55','(61) 3483-6572','(61) 9683-9778',NULL),(171,'Letícia Guedes Assunção','2013-07-30 17:10:42',1,'Feminino','Marcos Pereira dos Santos','Angelina Pereira Guedes','Quadra 3 – CL 12 – Apto 208','Sobradinho','Sobradinho/DF','','2000-06-20 17:10:42','(61) 8446-2689','',NULL),(172,'Luana Evangelista de Medeiros','2013-07-30 17:12:10',1,'Feminino','Alexandre de Madeiros Ribeiro','Lilian de O. Evangelista','SQN 212 – Bloco F – Apto 306','Asa Norte','Brasília/DF','73025-000','2002-04-16 17:12:10','(61) 3447-9220','',NULL),(173,'Maciel (Assistência)','2013-07-30 17:12:57',1,'Feminino','','Antonia','','','','',NULL,'','',NULL),(174,'Marcos (Assistência)','2013-07-30 17:13:28',1,'Masculino','','Raimunda','','','','',NULL,'','',NULL),(175,'Maria Eduarda Silva de Miranda','2013-07-31 10:13:44',1,'Feminino','Alexandre Henrique G. de Miranda','Ursula Alexsandra G. de Miranda','Quadra 5 – CL 05 – Aptº 303','Sobradinho','Sobradinho/DF','','2001-10-16 10:13:44','(61) 3536-4193','(61) 8164-4193',NULL),(176,'Maria Júlia Xavier Rebelo Cunha','2013-07-31 10:14:53',1,'Feminino','','Janaina Xavier','Quadra 2 – Conj. C10 – Casa 9','Sobradinho','Sobradinho/DF','73015-310','2000-05-08 10:14:53','(61) 3532-5416','(61) 9138-5415',NULL),(177,'Renato Santos de Jesus','2013-07-31 10:17:15',1,'Masculino','Daniel Lopes de Jesus','Marly de O Santos','Condomínio: Bela Vista Serrana módulo 5, casa 60-A – Nova Colina','Nova Colina','Sobradinho/DF','73017-013','2002-01-18 10:17:15','(61) 3453-2323','(61) 9304-0835',NULL),(178,'Rhuan Fellype Barbosa Ribeiro Colen','2013-07-31 10:18:28',1,'Masculino','Osorito Gomes Colen','Jacqueline Barbosa Ribeiro','Quadra 1 – Conjunto C-1 – Casa 58','Sobradinho','Sobradinho/DF','73020-010','2001-01-16 10:18:28','(61) 3487-3360','(61) 9298-4495',NULL),(179,'Riquelme (Assistência)','2013-07-31 10:19:02',1,'Masculino','','Lucilene','','','','',NULL,'','',NULL),(180,'Stanley Gabriel Ferreira Costa','2013-07-31 10:20:22',1,'Masculino','Fábio Roberto T.Costa','Janaína F. S. Lima','Cond. Mini-Chácaras QMS 20 – Lote 05 – Setor de Mansões','Sobradinho II','Sobradinho/DF','73080-000','2000-11-25 10:20:22','(61) 3485-3563','',NULL),(181,'Tiago (Assistência)','2013-07-31 10:20:51',0,'Masculino','','Marina','','','','',NULL,'','',NULL),(182,'Gloria Maria','2013-07-31 10:24:39',1,'Feminino','Armando de Oliveira Júnior','Virginia B.de Oliveira','Rodovia: Km 2 - Cond. RK Conjunto Centauro – Quadra G – Casa 6','Região dos Lagos','Sobradinho/DF','73252-900','2002-03-05 10:24:39','(61) 3302-1298','(61) 9229-4163',NULL),(183,'Janaina','2013-07-31 10:25:07',1,'Feminino','','','','','','',NULL,'','',NULL),(184,'Geovanna Alburquerque Guimarães','2013-09-05 13:05:26',1,'Feminino','','','','','','',NULL,'','',NULL),(185,'João Victor Fernandes Pinheiro','2013-09-09 13:06:59',1,'Masculino','','','','','','',NULL,'','',NULL),(186,'André Luis','2013-09-09 13:08:38',1,'Masculino','','','','','','',NULL,'','',NULL),(187,'Gabriella Pereira','2013-09-09 13:26:19',1,'Feminino','Osmar Moreira dos Santos ','Francisca Elaine Pereira ','Quadra: 45 Conjunto C','Setor de Mansões de ','Sobradinho/DF','73080-380','2004-09-19 19:04:30','(61) 3485-3696','(61) 9296-1552',NULL),(188,'Arthur Alexandre Luz Moura','2013-09-09 13:50:53',1,'Masculino','Alex','Aurea','Rodovia: Km 2','Região dos Lagos','Sobradinho/DF','73252-900','2005-06-15 18:52:15','(61) 9296-3479','',NULL),(189,'Miguel (Irmão Rafael)','2013-09-10 00:38:39',0,'Masculino','','','','','','',NULL,'','',NULL),(190,'João Pedro Pereira','2013-09-15 16:24:33',1,'Masculino','','','','','','',NULL,'','',NULL),(191,'Larissa Lopes','2013-09-15 17:01:11',1,'Feminino','Wlamyr M. Hochmuller de Mello','Claudia Lopes Silveira',' Quadra 6 – CL 22 – Apto 01','Sobradinho','Sobradinho/DF','73025-060','2003-06-10 19:28:05','(61) 3487-6289','(61) 9907-4172',NULL),(192,'Gabriel Marcenio','2013-09-15 22:08:36',1,'Masculino','','','','','','',NULL,'','',NULL),(193,'Tainá Antunes Santos','2013-09-21 10:07:01',1,'Feminino','','','','','','',NULL,'','',NULL),(194,'Renato Rabelo Amato','2013-09-28 10:51:31',1,'Masculino','','','','','','',NULL,'','',NULL),(195,'Camila Moreira','2013-10-05 09:54:14',1,'Feminino','','','','','','',NULL,'','',NULL),(196,'Vitor Hugo','2013-10-19 10:46:25',1,'Masculino','','','','','','',NULL,'','',NULL),(197,'Caio Henrique Mugarte','2013-11-02 10:52:30',1,'Masculino','','','','','','',NULL,'','',NULL),(198,'João Eduardo Lima Favilla','2013-11-02 10:57:31',1,'Masculino','','','','','','',NULL,'','',NULL),(200,'Maria Clara ','2014-03-07 20:47:50',1,'Feminino','Niccholas Allison C. Leite','DEnise Becker de Oliveira','','','','','2007-10-02 20:47:50','','',NULL),(201,'Lucas Lavareda','2014-03-07 20:58:54',1,'Masculino','','','','','','','2009-12-05 20:58:54','','',NULL),(202,'Marina Sebba de Assis','2014-03-07 20:59:58',0,'Feminino','','','','','','','2009-05-06 20:59:58','','',NULL),(203,'Maria Clara Faleiro Queiroz','2014-03-07 21:02:41',1,'Feminino','Diogo Queiroz de Almeida ','Priscila Poliane de Souza Faleiro','Quadra: Central Conjunto B Bloco F apt 208','Sobradinho','Brasília/DF','73010-625','2010-12-28 20:06:38','','',NULL),(204,'Camilla Vitta Ciccon Mugarti','2014-03-07 21:32:06',1,'Feminino','','','','','','','2006-07-17 21:32:06','','',NULL),(205,'Bianca Silva de Carvalho','2014-03-07 22:03:56',1,'Feminino','','','','','','','2002-02-24 22:03:56','','',NULL),(206,'Rafael  Natividade Marques','2014-03-07 22:15:11',1,'Masculino','','','','','','','2008-08-08 22:15:11','','',NULL),(207,'Yasmim','2014-03-09 08:41:38',1,'Feminino','','','','','','',NULL,'','',NULL),(208,'Pedro Maia','2014-03-09 08:53:38',1,'Masculino','','','','','','',NULL,'','',NULL),(209,'Fernanda Queiroz ','2014-03-22 09:55:26',1,'Feminino','Daniel dos Santos Freitas  ','Talita Queiroz de Almeida','Quadra: Quadra 12','Sobradinho','Sobradinho/DF','73010-120','2011-08-04 19:47:55','(61) 3263-0143','(61) 8138-5234',NULL),(210,'Davi Lemos de São José ','2014-03-22 10:16:37',1,'Masculino','Fabiano A. de São José ','Adriana P. L. São José ','Condomínio Vivendas Bela Vista – Módulo D – Casa 2','Grande Colorado','Sobradinho/DF','73105-909','2010-09-09 19:44:00','(61) 3387-9459','(61) 9973-3307',NULL),(211,'Miguel Natividade ','2014-03-22 10:17:08',1,'Masculino','Carlos Marques ','Karoline Natividade','ondomínio Jardim Europa II – Conjunto Q – Casa 25','','','','2011-03-23 20:09:33','(61) 3797-0429','(61) 8121-4970',NULL),(212,'Vinicius Alberto Nogueira de Souza','2014-03-22 10:17:30',0,'Masculino','Humberto de Souza ','Mariana Nogueira','Condomínio Jardim Europa II – Conjunto G – Casa 14','','','73015-904','2010-11-09 20:22:11','(61) 3021-5940','',NULL),(213,'Maria Eduarda ','2014-03-22 10:54:41',1,'Feminino','','','','','','',NULL,'','',NULL),(214,'Maria Luiza Sebba ','2014-03-22 11:01:30',1,'Feminino','','','','','','',NULL,'','',NULL),(215,'Gabriel Gomes','2014-03-22 11:02:47',1,'Masculino','','','','','','',NULL,'','',NULL),(216,'Marina Rocha ','2014-03-22 11:15:21',1,'Feminino','','','','','','',NULL,'','',NULL),(217,'João Pedro Rabelo Alcântara','2014-03-29 10:04:46',1,'Masculino','Emerson Alcântara ','Ana Maria Rabelo','Quadra: Quadra 18 Conjunto M','Sobradinho','Sobradinho/DF','73050-193','2011-01-04 20:00:11','(61) 3522-7289','(61) 9808-0072',NULL),(218,'Henrique Sebba de Abreu','2014-03-29 11:12:11',1,'Masculino','','','','','','',NULL,'','',NULL),(219,'Samylle dos Santos (assistência)','2014-04-05 13:34:00',1,'Feminino','','','','','','',NULL,'','',NULL),(220,'Vinicius de Oliveira (assistência)','2014-04-05 13:34:42',1,'Masculino','','','','','','',NULL,'','',NULL),(221,'Priscila Soares (assistência)','2014-04-05 13:35:09',1,'Feminino','','','','','','',NULL,'','',NULL),(222,'Luan (assistência)','2014-04-05 13:41:24',1,'Masculino','','','','','','',NULL,'','',NULL),(224,'Carlos Eduardo Sebba de Assis ','2014-04-12 10:01:36',1,'Masculino','Fernando de Assis Bontempo ','Aline Sebba de Assis','  Quadra 16 – Conjunto G – Casa 4','Sobradinho','Brasília-DF','','2011-06-30 19:38:24','(61) 3264-6427','(61) 9208-7726',NULL),(225,'Eduarda','2014-04-12 12:34:56',1,'Feminino','','Aparecida Candida ','','','','',NULL,'','',NULL),(226,'Luana Silva de Alencar Braga','2014-04-12 12:35:23',1,'Feminino','','','','','','',NULL,'','',NULL),(227,'José Matheus Silva','2014-04-12 12:35:51',1,'Masculino','','','','','','',NULL,'','',NULL),(228,'Vinicius de Abreu','2014-04-26 10:32:41',1,'Masculino','','','','','','',NULL,'','',NULL),(229,'Renato Rabello Amato ','2014-05-03 10:40:49',1,'Masculino','','','','','','',NULL,'','',NULL),(230,'João Gabriel ','2014-05-17 10:56:12',1,'Feminino','','','','','','',NULL,'','',NULL),(231,'Angelo Afonso da Silva','2014-05-24 10:10:02',1,'Masculino','','','','','','',NULL,'','',NULL),(232,'Elloa da Silva Sales Lima ','2014-07-26 10:43:32',1,'Feminino','','','','','','',NULL,'','',NULL),(233,'Maria Clara dos Santos ','2014-08-09 10:04:59',1,'Feminino','','','','','','',NULL,'','',NULL),(236,'Gisele Gabriela','2014-09-06 10:33:18',1,'Feminino','','','','','','',NULL,'','',NULL),(237,'Rebeca Souza ','2014-11-01 09:51:14',1,'Feminino','','','','','','',NULL,'','',NULL),(238,'Gabriela - Assistência','2014-11-08 10:20:36',1,'Feminino','','','','','','',NULL,'','',NULL),(239,'Manuela Carvalho','2014-11-15 10:23:29',1,'Feminino','','','','','','',NULL,'','',NULL),(240,'Jean Braz dos Santos','2014-11-15 10:26:47',1,'Masculino','','','','','','',NULL,'','',NULL),(241,'Alef Victor Cunha Lobato','2015-03-10 21:04:42',1,'Masculino','Edmilson','Greicy Kelly ','Módula H – Casa 14 – Estância III','','Planaltina','','2008-06-06 21:04:42','9871-5267','',NULL),(242,'Aline Letícia M','2015-03-11 18:58:50',1,'Feminino','Paula Cecília S. Moreira ','José Roberto Q. Ferreira','Quadra 6 – AR 2 – Ed. Le Premier Sobradinho – Apto 413','Sobradinho','Sobradinho/DF','73025-060','2004-06-19 18:58:50','(61) 8642-0735','',NULL),(243,'Ícaro Bernardes Barbosa','2015-03-11 19:51:26',1,'Masculino','Wellington B. Ribeiro ','Jaqueline A. B. Alves ',' Quadra 1 – Conjunto C1 – Casa 58','Sobradinho','Sobradinho/DF','73020-010','2010-05-02 19:51:26','(61) 3487-3360','(61) 8319-4237',NULL),(245,'Luna Victória Cunha Lobato','2015-03-11 20:03:01',1,'Feminino','Edimilson ','Greicy Kelly','Módula H – Casa 14 – Estância III ','Planaltina/DF','','','2017-09-19 20:03:37','(61) 9871-5267','',NULL),(246,'Sofia Saunders Miranda','2015-03-11 20:12:05',0,'Feminino','Darlan Miranda ','Karla Saunders ','Condomínio Sol Nascente – Módulo F – Casa 5 ','Grande Colorado','Sobradinho/DF','73105-904','2010-06-26 20:12:05','(61) 9137-6982','',NULL),(247,'Sofia Saunders Miranda','2015-03-11 20:15:41',1,'Feminino','Darlan Miranda','Karla Saunders','Condomínio Sol Nascente – Módulo F – Casa 5','Grande Colorado','Sobradinho/DF','73105-904','2010-06-26 20:15:41','(61) 9137-6982','',NULL),(248,'Vinícius Alberto Nogueira de Souza','2015-03-11 20:18:19',1,'Masculino','Humberto de Souza','Mariana Nogueira ','Condomínio Jardim Europa II – Conjunto G – Casa 14 ','Grande Colorado','Sobradinho/DF','73105-904','2010-11-09 20:18:19','(61) 3021-5940','',NULL),(249,'Pedro Mendes Furtado ','2015-03-14 09:48:45',1,'Masculino','','','','','','',NULL,'','',NULL),(250,'Maria Eduarda Nogueira de Souza ','2015-03-14 09:50:10',1,'Feminino','','','','','','',NULL,'','',NULL),(251,'Yuri Toledo Cerqueira Lima','2015-03-14 09:51:50',1,'Masculino','','','','','','',NULL,'','',NULL),(252,'Bedina Heinzelmane','2015-03-14 09:53:15',1,'Feminino','','','','','','',NULL,'','',NULL),(253,'Gabriel Victor ','2015-03-14 09:54:30',1,'Masculino','','','','','','',NULL,'','',NULL),(254,'Samuel Jesus Ramos','2015-03-14 09:54:49',1,'Masculino','','','','','','',NULL,'','',NULL),(255,'Mikaelly ','2015-03-14 09:56:16',1,'Feminino','','','','','','',NULL,'','',NULL),(256,'Ryan Rodrigues (assistência)','2015-03-14 10:06:26',1,'Masculino','','','','','','',NULL,'','',NULL),(257,'Luan Henrique Rodrigues','2015-03-14 10:25:26',1,'Masculino','','','','','','',NULL,'','',NULL),(258,'Henrique Sebba ','2015-03-21 09:55:43',1,'Masculino','','','','','','',NULL,'','',NULL),(259,'Arthur Felipe de Aquino Sebba','2015-03-21 09:57:22',1,'Masculino','','','','','','',NULL,'','',NULL),(260,'João Costa Lima','2015-03-21 10:00:43',1,'Masculino','','','','','','',NULL,'','',NULL),(261,'Maria Luiza Silva','2015-03-21 10:22:29',1,'Feminino','','','','','','',NULL,'','',NULL),(262,'Maria Luiza Angelo Macedo','2015-03-21 10:28:51',1,'Feminino','','','','','','',NULL,'','',NULL),(263,'Elisa Torres','2015-03-21 10:30:47',1,'Feminino','','','','','','',NULL,'','',NULL),(264,'Rafela Guimarães Correia','2015-03-21 10:34:24',1,'Feminino','','','','','','',NULL,'','',NULL),(265,'Milena Silva','2015-03-21 10:34:48',1,'Feminino','','','','','','',NULL,'','',NULL),(266,'Thalles da Silva Sales Lima','2015-03-21 10:36:02',1,'Masculino','','','','','','',NULL,'','',NULL),(267,'Maria Eduarda Xavier de Medeiros ','2015-03-21 10:38:45',1,'Feminino','','','','','','',NULL,'','',NULL),(268,'Ana Luiza Xavier Medeiros','2015-03-21 10:39:09',1,'Feminino','','','','','','',NULL,'','',NULL),(269,'Pedro Henrique de Xavier medeiros','2015-03-21 10:39:32',1,'Masculino','','','','','','',NULL,'','',NULL),(270,'Alicia Martins de Almeida','2015-03-28 10:18:25',1,'Feminino','','','','','','',NULL,'','',NULL),(271,'João Gabriel da Luz ','2015-03-28 10:26:58',1,'Masculino','','','','','','',NULL,'','',NULL),(272,'Mariana Ribeiro ','2015-03-28 10:32:19',1,'Feminino','','','','','','',NULL,'','',NULL),(273,'Arthur','2015-04-04 10:41:07',1,'Masculino','','','','','','',NULL,'','',NULL),(274,'Benjamin Marques Bento','2015-04-04 10:46:55',1,'Masculino','','','','','','',NULL,'','',NULL),(275,'Guilherme','2015-04-04 10:58:03',1,'Masculino','','','','','','',NULL,'','',NULL),(276,'James ','2015-04-11 10:09:26',1,'Masculino','','','','','','',NULL,'','',NULL),(277,'Maria clara Sebba de abreu ','2015-04-11 10:26:09',1,'Feminino','','','','','','',NULL,'','',NULL),(278,'Bryan Soares ','2015-04-11 10:26:27',1,'Masculino','','','','','','',NULL,'','',NULL),(279,'Victor hugo','2015-04-11 10:30:00',1,'Masculino','','','','','','',NULL,'','',NULL),(280,'Luis Gustavo ','2015-04-11 11:13:02',1,'Masculino','','','','','','',NULL,'','',NULL),(281,'Gabriel Mascen','2015-04-25 10:38:33',1,'Masculino','','','','','','',NULL,'','',NULL),(282,'Alexander','2015-05-02 10:28:10',1,'Masculino','','','','','','',NULL,'','',NULL),(283,'Julia ','2015-05-02 10:30:38',1,'Feminino','','','','','','',NULL,'','',NULL),(284,'Emilly','2015-05-09 11:04:37',1,'Feminino','','','','','','',NULL,'','',NULL),(285,'Lucas Jesus','2015-05-09 11:07:20',1,'Masculino','','','','','','',NULL,'','',NULL),(286,'Paulo victor','2015-05-23 10:15:04',1,'Masculino','','','','','','',NULL,'','',NULL),(287,'Manoella de carvalho','2015-05-23 10:50:03',1,'Masculino','','','','','','',NULL,'','',NULL),(288,'Milena Silva','2015-05-23 10:51:56',1,'Feminino','','','','','','',NULL,'','',NULL),(289,'Amanda Santos de Jesus','2015-05-23 11:01:15',1,'Feminino','','','','','','',NULL,'','',NULL),(290,'Beatriz sebba','2015-05-30 10:08:58',1,'Feminino','','','','','','',NULL,'','',NULL),(291,'Suri','2015-06-06 10:00:17',1,'Feminino','','','','','','',NULL,'','',NULL),(292,'yugin','2015-06-06 10:01:32',1,'Masculino','','','','','','',NULL,'','',NULL),(293,'Bernardo Guimaraes','2015-06-06 10:03:12',1,'Masculino','','','','','','',NULL,'','',NULL),(294,'Miguel Alcebiades de Oliveira Lima','2015-06-06 10:04:00',1,'Masculino','','','','','','',NULL,'','',NULL),(295,'Yan Henrique ','2015-06-06 10:04:29',1,'Masculino','','','','','','',NULL,'','',NULL),(296,'Alexander Caio','2015-06-06 10:04:54',1,'Masculino','','','','','','',NULL,'','',NULL),(297,'Yasmin ','2015-06-13 10:13:10',1,'Feminino','','','','','','',NULL,'','',NULL),(298,'Ryan Rodrigues (assistência)','2015-06-13 10:55:09',1,'Masculino','','','','','','',NULL,'','',NULL),(299,'Lara Vitoria','2015-06-13 11:05:13',1,'Feminino','','','','','','',NULL,'','',NULL),(300,'Maria Luiza Weslau Silva','2015-08-01 10:55:41',1,'Feminino','','','','','','',NULL,'','',NULL),(301,'Ana Beatriz - (assistencia)','2015-08-08 10:56:30',1,'Feminino','','','','','','',NULL,'','',NULL),(302,'Emilly Maiza Queiroz Pereira - (Assistencia)','2015-08-08 11:05:06',1,'Feminino','','','','','','',NULL,'','',NULL),(303,'Ana Beatriz Oliveira','2015-08-08 11:05:56',1,'Feminino','','','','','','',NULL,'','',NULL),(304,'Letícia','2015-08-15 10:03:43',1,'Feminino','','','','','','',NULL,'','',NULL),(305,'Letícia Alcântara Arruda','2015-08-15 10:08:55',1,'Feminino','','','','','','',NULL,'','',NULL),(306,'Wanessa Herminia Martins Pequeno ','2015-08-22 11:08:31',1,'Feminino','','','','','','',NULL,'','',NULL),(307,'Ícaro Bernardes Barbosa','2015-08-29 10:06:56',1,'Masculino','','','','','','',NULL,'','',NULL),(308,'Roseane da Silva de Lima','2015-09-05 10:02:35',1,'Feminino','','','','','','',NULL,'','',NULL),(309,'Ana Luiza','2015-10-03 10:08:53',1,'Feminino','','','','','','',NULL,'','',NULL),(310,'Ana Julia Lopes Ladin','2015-10-03 10:24:00',1,'Feminino','','','','','','',NULL,'','',NULL),(311,'Lucas Santos','2015-10-03 10:37:45',1,'Masculino','','','','','','',NULL,'','',NULL),(312,'Vinicíus de Abreu Bispo','2015-10-03 10:39:42',1,'Masculino','','','','','','',NULL,'','',NULL),(313,'Izaías - (assistência)','2015-10-10 10:59:06',1,'Masculino','','','','','','',NULL,'','',NULL),(314,'Julia dos Anjos (Assistência)','2015-10-10 11:02:16',1,'Feminino','','','','','','',NULL,'','',NULL),(315,'Gabriel de Souza ','2015-10-17 10:36:02',1,'Masculino','','','','','','',NULL,'','',NULL),(316,'Jean Dos Santos','2015-10-24 09:59:55',1,'Masculino','','','','','','',NULL,'','',NULL),(317,'Luiza Lopes ','2015-10-31 10:24:34',1,'Feminino','','','','','','',NULL,'','',NULL),(318,'Miguel Antunes Brito da Costa ','2016-02-23 23:47:35',1,'Masculino','','','','','','',NULL,'','',NULL),(319,'Milena Venceslau ','2016-02-23 23:49:30',1,'Feminino','','','','','','',NULL,'','',NULL),(320,'Rafaella Guimarães Correia Maufrigades','2016-02-23 23:52:09',1,'Feminino','','','','','','',NULL,'','',NULL),(321,'Vinicius Martin Ferreira ','2016-02-24 00:28:00',1,'Masculino','','','','','','',NULL,'','',NULL),(322,'Luiza Gabriela Lopes','2016-03-12 10:22:30',1,'Feminino','','','','','','',NULL,'','',NULL),(323,'Beatriz Couto Franco da Silveira','2016-03-12 10:24:37',1,'Feminino','','','','','','',NULL,'','',NULL),(324,'Leonardo Couto Franco da Silveira','2016-03-12 10:26:52',1,'Masculino','','','','','','','2012-02-06 10:26:52','','',NULL),(325,'Ana Júlia Lopes','2016-03-12 10:27:59',1,'Feminino','','','','','','','2010-02-11 10:27:59','','',NULL),(326,'Maria Ribeiro Braga','2016-03-12 10:29:31',1,'Feminino','','','','','','','2009-12-04 10:29:31','','',NULL),(327,'Letícia Ribeiro Braga','2016-03-12 10:30:07',1,'Feminino','','','','','','','2012-10-31 10:30:07','','',NULL),(328,'Jorge Luiz Hessen','2016-03-12 10:30:33',1,'Masculino','','','','','','','2013-04-15 10:30:33','','',NULL),(329,'Mariana Leal Natividade','2016-03-19 11:03:39',1,'Feminino','','','','','','',NULL,'','',NULL),(330,'João Gabriel da Luz','2016-04-02 10:20:56',1,'Masculino','','','','','','',NULL,'','',NULL),(331,'Guilherme Vilar','2016-04-02 10:22:55',1,'Masculino','','','','','','',NULL,'','',NULL),(332,'Pedro Mendes','2016-04-02 11:04:08',0,'Masculino','','','','','','',NULL,'','',NULL),(333,'Jean Braz dos santos','2016-04-09 10:14:57',1,'Masculino','','','','','','',NULL,'','',NULL),(334,'Ada Victória Moura Leite','2016-04-09 10:24:30',1,'Feminino','','','','','','',NULL,'','',NULL),(335,'Miguel ','2016-05-21 10:08:20',1,'Masculino','','','','','','',NULL,'','',NULL),(336,'Thiago Carvalho Martins','2016-05-28 10:25:01',1,'Masculino','','','','','','',NULL,'','',NULL),(337,'Antônio Gabriel Pereira de Almeida','2016-06-11 09:39:47',1,'Masculino','','','','','','',NULL,'','',NULL),(338,'Henrique Amaral','2016-06-11 10:50:35',1,'Masculino','','','','','','',NULL,'','',NULL),(339,'João Guilherme Barbosa','2016-06-18 10:34:23',1,'Masculino','','','','','','',NULL,'','',NULL),(340,'Melissa Torres','2016-06-18 10:37:25',1,'Feminino','','','','','','',NULL,'','',NULL),(341,'Andressa Rafaela','2016-08-06 10:42:50',1,'Feminino','','','','','','',NULL,'','',NULL),(342,'Theo Lacerda ','2016-08-13 10:35:00',1,'Masculino','','','','','','',NULL,'','',NULL),(343,'Rafael Vasconcelos Viana','2016-08-27 10:46:28',1,'Masculino','','','','','','',NULL,'','',NULL),(344,'Daniel Toscano','2016-10-01 10:14:03',1,'Masculino','','','','','','',NULL,'','',NULL),(345,'Luna Christine Sousa Ribeiro','2016-10-15 10:28:12',1,'Feminino','','','','','','',NULL,'','',NULL),(346,'Rafael Mascene do Vale','2016-10-15 10:34:49',1,'Masculino','','','','','','',NULL,'','',NULL),(347,'Carlos Eduardo Souza Ribeiro','2016-10-22 10:00:57',1,'Masculino','','','','','','',NULL,'','',NULL),(348,'Talles Lorenzo Souza do Nascimento','2016-10-22 10:19:38',1,'Masculino','','','','','','',NULL,'','',NULL),(349,'Helena Vieira','2016-10-29 10:17:26',1,'Feminino','','','','','','',NULL,'','',NULL),(350,'Eduardo','2016-10-29 10:48:30',1,'Masculino','','','','','','',NULL,'','',NULL),(351,'Heitor Queiroz Rios','2017-03-04 00:46:38',1,'Masculino','','','','','','',NULL,'','',NULL),(352,'Luiza Gabriella R. ','2017-03-04 00:46:54',1,'Feminino','','','','','','',NULL,'','',NULL),(353,'Maria Luisa Ângelo','2017-03-04 00:47:04',1,'Feminino','','','','','','',NULL,'','',NULL),(354,'Anna Julia L. Gradim','2017-03-04 00:48:40',1,'Feminino','','','','','','',NULL,'','',NULL),(355,'Maria Luisa Venceslau Silva','2017-03-04 00:58:42',1,'Feminino','','','','','','',NULL,'','',NULL),(356,'Pedro Furtado Villar','2017-03-04 00:59:01',1,'Masculino','','','','','','',NULL,'','',NULL),(357,'Jean Braz dos Santos','2017-03-04 11:07:00',1,'Masculino','','','','','','',NULL,'','',NULL),(358,'Tamires Yasmin','2017-03-04 11:08:52',1,'Feminino','','','','','','',NULL,'','',NULL),(359,'Matheus Ventura','2017-03-04 11:13:44',1,'Masculino','','','','','','',NULL,'','',NULL),(360,'Lara Letícia Ventura','2017-03-04 11:14:46',1,'Feminino','','','','','','',NULL,'','',NULL),(361,'Talles Lorenzo Souza do Nascimento','2017-03-11 10:06:40',1,'Masculino','','','','','','',NULL,'','',NULL),(362,'Melissa Brandão Torres','2017-03-11 10:08:50',1,'Feminino','','','','','','',NULL,'','',NULL),(363,'Maria Eduarda Guimarães De Jesus ','2017-03-11 10:09:47',1,'Feminino','','','','','','',NULL,'','',NULL),(364,'Luna Christine Sousa Ribeiro','2017-03-11 10:10:39',1,'Feminino','','','','','','',NULL,'','',NULL),(365,'Guilherme Mendes Furtado Villar','2017-03-11 10:16:09',1,'Masculino','','','','','','',NULL,'','',NULL),(366,'Carlos Edurado Souza Ribeiro','2017-03-11 10:17:16',1,'Masculino','','','','','','',NULL,'','',NULL),(367,'Davi Lemos de São José','2017-03-11 10:18:20',1,'Masculino','','','','','','',NULL,'','',NULL),(368,'Maria Luisa Ângelo','2017-03-11 10:22:06',1,'Feminino','','','','','','',NULL,'','',NULL),(369,'Maria Eduarda Castro','2017-03-18 09:36:31',1,'Feminino','','','','','','',NULL,'','',NULL),(370,'Thiago Carvalho Martins','2017-03-18 10:30:11',1,'Masculino','','','','','','',NULL,'','',NULL),(371,'Maria Luiza Angelo','2017-03-18 10:34:57',1,'Feminino','','','','','','',NULL,'','',NULL),(372,'Ana Luiza da Silva Oliveira','2017-03-18 11:09:47',1,'Feminino','','','','','','',NULL,'','',NULL),(373,'Rafael Wallace','2017-04-01 10:05:34',1,'Masculino','','','','','','',NULL,'','',NULL),(374,'Bianca Brumm','2017-04-01 10:09:58',1,'Feminino','','','','','','',NULL,'','',NULL),(375,'Isac - assistencia','2017-04-01 10:12:39',1,'Masculino','','','','','','',NULL,'','',NULL),(376,'Ana Beatriz Ramiro Souza','2017-04-01 10:21:38',1,'Feminino','','','','','','',NULL,'','',NULL),(377,'Tatielly Ramos Vieira ','2017-04-01 10:22:59',1,'Feminino','','','','','','',NULL,'','',NULL),(378,'Andressa Rafaelli ','2017-04-01 10:25:29',1,'Feminino','','','','','','',NULL,'','',NULL),(379,'Vinicíus Vasconcelos Faleiro','2017-04-15 10:25:28',1,'Masculino','','','','','','',NULL,'','',NULL),(380,'Maria Flor','2017-04-15 10:50:59',1,'Feminino','','','','','','',NULL,'','',NULL),(381,'Isabela Faleiro Queiroz','2017-05-06 09:55:16',1,'Feminino','','','','','','',NULL,'','',NULL),(382,'Sofia Teles Santana','2017-05-27 11:06:14',1,'Feminino','','','','','','',NULL,'','',NULL),(383,'Alice Borba Ribeiro ','2017-05-27 11:09:00',1,'Feminino','','','','','','',NULL,'','',NULL),(384,'Arthur Alexandre Silva Moura','2017-06-10 10:49:55',1,'Masculino','','','','','','',NULL,'','',NULL),(385,'Marcos Vinicius ','2017-08-19 10:12:33',1,'Masculino','','','','','','',NULL,'','',NULL),(386,'Vitória Macedo lima','2017-09-02 10:20:28',1,'Feminino','','','','','','',NULL,'','',NULL),(387,'José Vitor ','2017-09-02 10:24:15',1,'Masculino','','','','','','',NULL,'','',NULL),(388,'Ana Carolina','2017-09-16 10:11:46',1,'Feminino','','','','','','',NULL,'','',NULL),(389,'Amanda ','2017-09-23 10:18:06',1,'Feminino','','','','','','',NULL,'','',NULL),(390,'Lucas','2017-09-23 10:24:10',1,'Masculino','','','','','','',NULL,'','',NULL),(391,'Lara Pires Santana ','2017-10-28 09:55:07',1,'Feminino','','','','','','',NULL,'','',NULL),(392,'Talles da Silva Sales Lima','2018-03-01 22:08:39',1,'Masculino','','','','','','',NULL,'','',NULL),(393,'Thamyres Yasmin Ramiro ','2018-03-01 22:24:53',1,'Feminino','','','','','','',NULL,'','',NULL),(394,'Ana Carolina M. Santos','2018-03-01 22:25:49',1,'Feminino','','','','','','',NULL,'','',NULL),(395,'Bernardo Guimarães De Sousa Jesus ','2018-03-01 22:26:25',1,'Masculino','','','','','','',NULL,'','',NULL),(396,'Carlos Eduardo Sousa ','2018-03-01 22:27:15',1,'Masculino','','','','','','',NULL,'','',NULL),(397,'Ana Luisa Da Silva Oliveira ','2018-03-01 22:30:01',1,'Feminino','','','','','','',NULL,'','',NULL),(398,'Guilherme Mendes Furtado Villar','2018-03-03 10:17:20',1,'Masculino','','','','','','',NULL,'','',NULL),(399,'Théo Fontes Lima','2018-03-03 10:22:02',1,'Masculino','','','','','','',NULL,'','',NULL),(400,'Enzo Oliveira Heinen ','2018-03-03 10:22:17',1,'Masculino','','','','','','',NULL,'','',NULL),(401,'Alice Borba ','2018-03-03 10:23:35',1,'Feminino','','','','','','',NULL,'','',NULL),(402,'João Lucas Natividade','2018-03-17 10:22:07',1,'Masculino','','','','','','',NULL,'','',NULL),(403,'Luigi Victorio ','2018-03-24 10:03:06',1,'Masculino','','','','','','',NULL,'','',NULL),(404,'Nikolas Abreu Santos ','2018-03-24 10:03:47',1,'Masculino','','','','','','',NULL,'','',NULL),(405,'Vinicius ','2018-03-31 10:46:33',1,'Masculino','','','','','','',NULL,'','',NULL),(406,'Pietro Abreu Santos ','2018-03-31 11:00:21',1,'Masculino','','','','','','',NULL,'','',NULL),(407,'Paulo Vitor ','2018-04-07 10:57:40',1,'Masculino','','','','','','',NULL,'','',NULL),(408,'Sophia','2018-04-21 10:26:05',1,'Feminino','','','','','','',NULL,'','',NULL),(409,'Isadora Oliveira Dutra Santos','2018-05-05 10:22:47',1,'Feminino','','','','','','',NULL,'','',NULL),(410,'Heitor Zacaroni Sussel','2018-06-02 10:41:58',1,'Masculino','','','','','','',NULL,'','',NULL),(411,'Cesar Zacaroni Sussel','2018-06-02 10:42:11',1,'Masculino','','','','','','',NULL,'','',NULL),(412,'Alley','2018-06-16 09:53:17',1,'Masculino','','','','','','',NULL,'','',NULL),(413,'João Guilherme Barbosa do Valle ','2018-06-23 10:23:46',1,'Masculino','','','','','','',NULL,'','',NULL),(414,'Beatriz Souza Pinto','2018-08-18 10:35:55',1,'Feminino','','','','','','',NULL,'','',NULL),(415,'Ana Clara Dutra Quititi','2018-08-18 11:06:53',1,'Feminino','','','','','','',NULL,'','',NULL),(416,'Rafael Xavier','2018-08-25 10:14:21',1,'Masculino','','','','','','',NULL,'','',NULL),(417,'Vinicius Alves da Rocha ','2019-03-06 22:02:42',1,'Masculino','','','','','','',NULL,'','',NULL),(418,'Andressa Rafaelle Costa Lima','2019-03-06 22:12:33',1,'Feminino','','','','','','','2013-07-01 22:12:33','','',NULL),(419,'Gabriel de Sousa Cunha','2019-03-06 22:28:53',1,'Masculino','','','','','','','2009-02-12 22:28:53','','',NULL),(420,'Isabely Oliveira Dutra Santos','2019-03-06 22:29:49',1,'Feminino','','','','','','',NULL,'','',NULL),(421,'Alice Xavier','2019-03-09 10:49:35',1,'Feminino','','','','','','',NULL,'','',NULL),(422,'Catarina','2019-03-09 10:51:30',1,'Feminino','','','','','','',NULL,'','',NULL),(423,'Heloísa Queiroz','2019-03-09 10:52:51',1,'Feminino','','','','','','',NULL,'','',NULL),(424,'Beatriz','2019-03-16 10:17:54',1,'Feminino','','','','','','',NULL,'','',NULL),(425,'Alice Rodrigues','2019-04-13 10:04:43',1,'Feminino','','','','','','',NULL,'','',NULL),(426,'Catarina Aguiar','2019-04-13 10:22:35',1,'Feminino','','','','','','',NULL,'','',NULL),(427,'Heloisa ','2019-04-13 10:24:20',1,'Feminino','','','','','','',NULL,'','',NULL),(432,'Gabriel de Sousa ','2019-06-08 11:01:49',1,'Masculino','','','','','','',NULL,'','',NULL),(442,'Bernardo Chave Peixoto','2019-06-15 10:13:29',1,'Masculino','','','','','','',NULL,'','',NULL),(452,'Sofia Lizun','2019-06-22 10:12:51',1,'Feminino','','','','','','',NULL,'','',NULL),(462,'Izac Gabriel','2019-08-31 10:18:04',1,'Masculino','','','','','','',NULL,'','',NULL),(472,'Catarina Rodrigues','2019-09-28 10:00:05',1,'Feminino','','','','','','',NULL,'','',NULL),(482,'Manuela Meirelles','2019-09-28 10:42:09',1,'Feminino','','','','','','',NULL,'','',NULL),(492,'Nicolas Oriel do Rei Mirada','2019-10-26 11:22:36',1,'Masculino','','','','','','',NULL,'','',NULL),(502,'Luiza Queiroz','2020-03-06 21:10:51',1,'Feminino','Daniel Freitas','Talita Queiroz ','','','','',NULL,'','',NULL),(512,'Heloisa Monteiro de Paiva','2020-03-06 21:19:18',1,'Feminino','','','','','','',NULL,'','',NULL),(522,'Talles Lorenzo Souza','2020-03-06 21:20:57',1,'Masculino','','','','','','',NULL,'','',NULL),(532,'Olívia Borba Nunes','2020-03-14 10:18:20',1,'Feminino','','','','','','',NULL,'','',NULL),(542,'Lívia Oliveira Heinen','2020-03-14 10:45:02',1,'Feminino','','','','','','',NULL,'','',NULL),(554,'Helena Queiroz Rios','2022-03-11 22:06:45',1,'Feminino','Wagner de Souza Rios','Grazielle Alves de Queiroz Gomes','Quadra: Quadra 12 Conjunto D','Sobradinho','Sobradinho/DF','73010-124',NULL,'','',NULL),(564,'Bruna Braga Neves','2022-03-11 22:12:26',1,'Feminino','Anne Braga Santana Neves','Bruno Alves Neves','Rodovia: DF-150 Km 5','Setor Habitacional C','Brasília/DF','73090-914',NULL,'','',NULL),(574,'Mariana','2022-03-19 10:07:52',1,'Feminino','','','','','','',NULL,'','',NULL),(584,'Julia','2022-03-19 10:08:50',1,'Feminino','','','','','','',NULL,'','',NULL),(594,'Julia','2022-03-19 10:09:37',1,'Feminino','','','','','','',NULL,'','',NULL),(604,'Henrique Kamppel','2022-03-19 10:15:13',1,'Masculino','','','','','','',NULL,'','',NULL),(614,'Alíce Pires de Moraes','2022-03-19 10:17:05',1,'Feminino','','','','','','',NULL,'','',NULL),(624,'Maitê Marques','2022-03-19 10:18:31',1,'Feminino','','','','','','',NULL,'','',NULL),(634,'Bruna','2022-03-19 10:19:33',1,'Feminino','','','','','','',NULL,'','',NULL),(644,'Benjamin','2022-03-19 10:34:28',1,'Masculino','','','','','','',NULL,'','',NULL),(654,'Alice Borba Xavier','2022-03-19 10:40:18',1,'Feminino','','','','','','',NULL,'','',NULL),(664,'Valentina Petruceli','2022-03-26 09:47:35',1,'Feminino','','','','','','',NULL,'','',NULL),(674,'Eduarda Maria','2022-03-26 10:19:10',1,'Feminino','','','','','','',NULL,'','',NULL);
/*!40000 ALTER TABLE `evangelizando` ENABLE KEYS */;
UNLOCK TABLES;

--
-- Table structure for table `evangelizando_turma`
--

DROP TABLE IF EXISTS `evangelizando_turma`;
/*!40101 SET @saved_cs_client     = @@character_set_client */;
/*!50503 SET character_set_client = utf8mb4 */;
CREATE TABLE `evangelizando_turma` (
  `id_evangelizando_turma` int(11) NOT NULL AUTO_INCREMENT,
  `st_ativo` tinyint(1) NOT NULL,
  `dt_cadastro` datetime NOT NULL,
  `id_turma` int(11) NOT NULL,
  `id_evangelizando` int(11) NOT NULL,
  `id_usuario` int(11) NOT NULL,
  PRIMARY KEY (`id_evangelizando_turma`),
  KEY `fk_evangelizando_turma_turma1_idx` (`id_turma`),
  KEY `fk_evangelizando_turma_evangelizando1_idx` (`id_evangelizando`),
  KEY `fk_evangelizando_turma_usuario1_idx` (`id_usuario`),
  CONSTRAINT `fk_evangelizando_turma_evangelizando1` FOREIGN KEY (`id_evangelizando`) REFERENCES `evangelizando` (`id_evangelizando`) ON DELETE NO ACTION ON UPDATE NO ACTION,
  CONSTRAINT `fk_evangelizando_turma_turma1` FOREIGN KEY (`id_turma`) REFERENCES `turma` (`id_turma`) ON DELETE NO ACTION ON UPDATE NO ACTION,
  CONSTRAINT `fk_evangelizando_turma_usuario1` FOREIGN KEY (`id_usuario`) REFERENCES `usuario` (`id_usuario`) ON DELETE NO ACTION ON UPDATE NO ACTION
) ENGINE=InnoDB AUTO_INCREMENT=1964 DEFAULT CHARSET=latin1;
/*!40101 SET character_set_client = @saved_cs_client */;

--
-- Dumping data for table `evangelizando_turma`
--

LOCK TABLES `evangelizando_turma` WRITE;
/*!40000 ALTER TABLE `evangelizando_turma` DISABLE KEYS */;
INSERT INTO `evangelizando_turma` VALUES (41,1,'2013-07-30 09:59:49',14,47,1),(42,1,'2013-07-30 10:04:32',9,49,1),(43,1,'2013-07-30 10:07:29',9,50,1),(44,1,'2013-07-30 10:10:47',9,51,1),(45,1,'2013-07-30 10:23:17',9,52,1),(46,1,'2013-07-30 11:35:43',9,53,1),(47,1,'2013-07-30 11:37:58',9,54,1),(48,1,'2013-07-30 11:39:32',9,55,1),(49,1,'2013-07-30 11:40:59',9,56,1),(50,1,'2013-07-30 11:42:29',9,57,1),(51,1,'2013-07-30 11:43:11',9,58,1),(52,1,'2013-07-30 11:43:44',9,59,1),(53,1,'2013-07-30 11:46:04',9,60,1),(54,1,'2013-07-30 11:46:33',9,61,1),(55,1,'2013-07-30 11:46:48',9,62,1),(56,1,'2013-07-30 11:47:02',9,63,1),(57,1,'2013-07-30 11:47:17',9,64,1),(58,1,'2013-07-30 11:47:44',9,65,1),(59,1,'2013-07-30 11:51:12',14,66,1),(60,1,'2013-07-30 11:56:59',14,67,1),(61,1,'2013-07-30 11:58:58',14,68,1),(62,1,'2013-07-30 12:00:42',14,69,1),(63,1,'2013-07-30 12:02:14',14,70,1),(64,1,'2013-07-30 12:03:35',14,71,1),(65,1,'2013-07-30 12:05:21',14,72,1),(66,1,'2013-07-30 12:07:04',14,73,1),(67,1,'2013-07-30 12:10:16',14,74,1),(68,1,'2013-07-30 12:12:30',14,75,1),(69,1,'2013-07-30 13:43:05',14,76,1),(70,1,'2013-07-30 13:45:17',14,77,1),(71,1,'2013-07-30 13:46:37',14,78,1),(72,1,'2013-07-30 13:48:02',14,79,1),(73,1,'2013-07-30 13:49:50',14,80,1),(74,1,'2013-07-30 13:51:18',14,81,1),(75,1,'2013-07-30 13:51:52',14,82,1),(76,1,'2013-07-30 13:52:26',14,83,1),(77,1,'2013-07-30 13:52:58',14,84,1),(78,1,'2013-07-30 13:53:22',14,85,1),(79,1,'2013-07-30 13:55:03',14,86,1),(80,1,'2013-07-30 13:56:28',14,87,1),(81,1,'2013-07-30 13:57:04',14,88,1),(82,1,'2013-07-30 14:11:29',13,89,1),(83,1,'2013-07-30 14:12:51',13,90,1),(84,1,'2013-07-30 14:16:34',13,91,1),(85,1,'2013-07-30 14:19:49',13,92,1),(86,1,'2013-07-30 14:24:12',13,93,1),(87,1,'2013-07-30 14:24:46',15,94,1),(88,1,'2013-07-30 14:25:14',13,95,1),(89,1,'2013-07-30 14:26:50',13,96,1),(90,1,'2013-07-30 14:28:22',13,97,1),(91,1,'2013-07-30 14:29:01',13,98,1),(92,1,'2013-07-30 14:30:25',13,99,1),(93,1,'2013-07-30 14:31:31',13,100,1),(94,1,'2013-07-30 14:33:47',13,101,1),(95,1,'2013-07-30 14:35:09',13,102,1),(96,1,'2013-07-30 14:36:24',13,103,1),(97,1,'2013-07-30 14:37:42',13,104,1),(98,1,'2013-07-30 14:39:14',13,105,1),(99,1,'2013-07-30 14:41:06',13,106,1),(100,1,'2013-07-30 14:43:03',13,107,1),(101,1,'2013-07-30 14:44:17',13,108,1),(102,1,'2013-07-30 14:46:05',13,109,1),(103,1,'2013-07-30 14:47:22',13,110,1),(104,1,'2013-07-30 14:48:52',13,111,1),(105,1,'2013-07-30 14:50:09',13,112,1),(106,1,'2013-07-30 14:50:39',13,113,1),(107,1,'2013-07-30 14:52:30',13,114,1),(108,1,'2013-07-30 14:53:06',13,115,1),(109,1,'2013-07-30 14:54:32',13,116,1),(110,1,'2013-07-30 14:55:46',13,117,1),(111,1,'2013-07-30 14:57:00',13,118,1),(112,1,'2013-07-30 15:00:38',13,119,1),(113,1,'2013-07-30 15:01:28',13,120,1),(114,1,'2013-07-30 15:01:42',13,121,1),(115,1,'2013-07-30 15:05:41',15,122,1),(116,1,'2013-07-30 15:06:08',15,123,1),(117,1,'2013-07-30 15:07:06',15,124,1),(118,1,'2013-07-30 15:08:26',15,125,1),(119,1,'2013-07-30 15:09:41',15,126,1),(120,1,'2013-07-30 15:11:52',15,127,1),(121,1,'2013-07-30 15:12:23',15,128,1),(122,1,'2013-07-30 15:12:58',15,129,1),(123,1,'2013-07-30 15:14:33',15,130,1),(124,1,'2013-07-30 15:15:09',15,131,1),(125,1,'2013-07-30 15:35:52',15,132,1),(126,1,'2013-07-30 15:37:30',15,133,1),(127,1,'2013-07-30 15:38:40',15,134,1),(128,1,'2013-07-30 15:40:33',15,135,1),(129,1,'2013-07-30 15:41:55',15,136,1),(130,1,'2013-07-30 15:43:51',15,137,1),(131,1,'2013-07-30 15:44:57',15,138,1),(132,1,'2013-07-30 15:45:34',15,139,1),(133,1,'2013-07-30 15:47:45',15,140,1),(134,1,'2013-07-30 15:48:50',15,141,1),(135,1,'2013-07-30 15:49:34',15,142,1),(136,1,'2013-07-30 15:50:37',15,143,1),(137,1,'2013-07-30 15:51:12',15,144,1),(138,1,'2013-07-30 15:52:29',15,145,1),(139,1,'2013-07-30 15:56:22',15,146,1),(140,1,'2013-07-30 15:57:04',15,147,1),(141,1,'2013-07-30 15:58:09',15,148,1),(142,1,'2013-07-30 15:59:18',15,149,1),(143,1,'2013-07-30 16:02:18',15,150,1),(144,1,'2013-07-30 16:14:52',16,151,1),(145,1,'2013-07-30 16:17:04',16,152,1),(146,1,'2013-07-30 16:17:40',16,153,1),(147,1,'2013-07-30 16:18:17',16,154,1),(148,1,'2013-07-30 16:19:14',16,155,1),(149,1,'2013-07-30 16:20:11',16,156,1),(150,1,'2013-07-30 16:21:49',16,157,1),(151,1,'2013-07-30 16:23:32',16,158,1),(152,1,'2013-07-30 16:49:17',16,159,1),(153,1,'2013-07-30 16:51:11',16,160,1),(154,1,'2013-07-30 16:52:17',16,161,1),(155,1,'2013-07-30 16:53:23',16,162,1),(156,1,'2013-07-30 16:54:36',16,163,1),(157,1,'2013-07-30 16:55:05',16,164,1),(158,1,'2013-07-30 16:55:57',16,165,1),(159,1,'2013-07-30 17:01:37',16,166,1),(160,1,'2013-07-30 17:03:05',16,167,1),(161,1,'2013-07-30 17:05:58',16,168,1),(162,1,'2013-07-30 17:07:24',16,169,1),(163,1,'2013-07-30 17:08:55',16,170,1),(164,1,'2013-07-30 17:10:42',16,171,1),(165,1,'2013-07-30 17:12:10',16,172,1),(166,1,'2013-07-30 17:12:57',16,173,1),(167,1,'2013-07-30 17:13:28',16,174,1),(168,1,'2013-07-31 10:13:44',16,175,1),(169,1,'2013-07-31 10:14:53',16,176,1),(170,1,'2013-07-31 10:17:15',16,177,1),(171,1,'2013-07-31 10:18:28',16,178,1),(172,1,'2013-07-31 10:19:02',16,179,1),(173,1,'2013-07-31 10:20:22',16,180,1),(174,1,'2013-07-31 10:20:51',16,181,1),(175,1,'2013-07-31 10:24:39',16,182,1),(176,1,'2013-07-31 10:25:07',16,183,1),(177,1,'2013-09-05 12:49:23',14,46,1),(178,1,'2013-09-05 13:05:26',14,184,1),(179,1,'2013-09-09 13:06:59',13,185,1),(180,1,'2013-09-09 13:08:38',13,186,1),(181,1,'2013-09-09 13:26:19',13,187,1),(182,1,'2013-09-09 13:50:53',13,188,1),(183,1,'2013-09-10 00:38:39',9,189,1),(184,1,'2013-09-15 16:24:33',15,190,1),(185,1,'2013-09-15 17:01:11',15,191,1),(186,1,'2013-09-15 22:08:36',15,192,1),(187,1,'2013-09-21 10:07:01',14,193,1),(188,1,'2013-09-28 10:51:31',15,194,1),(189,1,'2013-10-05 09:54:14',14,195,1),(190,1,'2013-10-19 10:46:25',9,196,1),(191,1,'2013-11-02 10:52:30',16,197,4),(192,1,'2013-11-02 10:57:31',16,198,4),(193,0,'2014-03-07 01:30:08',18,55,4),(194,1,'2014-03-07 01:30:08',18,49,4),(195,0,'2014-03-07 01:30:08',18,51,4),(196,1,'2014-03-07 01:30:50',18,57,4),(197,1,'2014-03-07 01:30:50',18,52,4),(198,1,'2014-03-07 01:30:50',18,50,4),(199,1,'2014-03-07 01:30:50',18,56,4),(200,0,'2014-03-07 01:30:50',18,47,4),(201,1,'2014-03-07 01:30:50',18,54,4),(202,1,'2014-03-07 01:30:50',18,79,4),(203,1,'2014-03-07 01:30:50',18,70,4),(204,1,'2014-03-07 01:30:50',18,76,4),(205,1,'2014-03-07 01:30:50',18,67,4),(206,0,'2014-03-07 01:31:44',19,66,4),(207,0,'2014-03-07 01:31:44',19,74,4),(208,1,'2014-03-07 01:31:44',18,73,4),(209,0,'2014-03-07 01:31:44',19,75,4),(210,1,'2014-03-07 01:31:44',19,77,4),(211,0,'2014-03-07 01:31:44',19,72,4),(212,0,'2014-03-07 01:31:44',19,71,4),(213,1,'2014-03-07 01:31:44',19,80,4),(214,1,'2014-03-07 01:31:44',19,69,4),(215,1,'2014-03-07 01:31:44',19,68,4),(216,1,'2014-03-07 01:31:44',19,92,4),(217,1,'2014-03-07 01:31:44',19,105,4),(218,0,'2014-03-07 01:31:44',19,100,4),(219,0,'2014-03-07 01:31:44',19,99,4),(220,0,'2014-03-07 01:32:40',20,102,4),(221,0,'2014-03-07 01:32:40',20,117,4),(222,0,'2014-03-07 01:32:40',20,118,4),(223,0,'2014-03-07 01:32:40',20,106,4),(224,0,'2014-03-07 01:32:40',20,114,4),(225,0,'2014-03-07 01:32:40',20,108,4),(226,0,'2014-03-07 01:32:40',20,116,4),(227,0,'2014-03-07 01:32:40',20,112,4),(228,1,'2014-03-07 01:32:40',20,90,4),(229,1,'2014-03-07 01:32:40',20,101,4),(230,0,'2014-03-07 01:32:40',20,96,4),(231,1,'2014-03-07 01:32:40',20,97,4),(232,1,'2014-03-07 01:32:41',20,109,4),(233,1,'2014-03-07 01:32:41',20,110,4),(234,1,'2014-03-07 01:32:41',20,93,4),(235,0,'2014-03-07 01:32:41',20,103,4),(236,1,'2014-03-07 01:32:41',20,107,4),(237,1,'2014-03-07 01:32:41',20,111,4),(238,1,'2014-03-07 01:32:41',20,91,4),(239,1,'2014-03-07 01:32:41',20,120,4),(240,1,'2014-03-07 01:32:41',20,140,4),(241,0,'2014-03-07 01:32:41',20,133,4),(242,0,'2014-03-07 01:32:41',20,104,4),(243,0,'2014-03-07 01:34:22',21,134,4),(244,0,'2014-03-07 01:34:22',21,138,4),(245,0,'2014-03-07 01:34:22',21,135,4),(246,0,'2014-03-07 01:34:22',21,143,4),(247,0,'2014-03-07 01:34:22',21,148,4),(248,0,'2014-03-07 01:34:22',21,125,4),(249,0,'2014-03-07 01:34:22',21,127,4),(250,0,'2014-03-07 01:34:23',21,126,4),(251,0,'2014-03-07 01:34:23',21,141,4),(252,0,'2014-03-07 01:34:23',21,122,4),(253,0,'2014-03-07 01:34:23',21,130,4),(254,0,'2014-03-07 01:34:23',21,124,4),(255,0,'2014-03-07 01:34:23',21,136,4),(256,0,'2014-03-07 01:34:23',21,149,4),(257,0,'2014-03-07 01:34:23',21,145,4),(258,0,'2014-03-07 01:34:23',21,137,4),(259,0,'2014-03-07 01:34:23',21,146,4),(260,0,'2014-03-07 01:34:23',21,172,4),(261,0,'2014-03-07 01:34:23',21,182,4),(262,0,'2014-03-07 01:34:23',21,155,4),(263,0,'2014-03-07 01:34:23',21,177,4),(264,0,'2014-03-07 01:34:23',21,163,4),(265,0,'2014-03-07 01:34:23',21,175,4),(266,0,'2014-03-07 01:34:23',21,156,4),(267,0,'2014-03-07 01:34:23',21,169,4),(268,0,'2014-03-07 01:34:23',21,168,4),(269,0,'2014-03-07 01:34:23',21,166,4),(270,0,'2014-03-07 01:34:23',21,159,4),(271,0,'2014-03-07 01:34:23',21,153,4),(272,0,'2014-03-07 01:34:23',21,157,4),(273,0,'2014-03-07 01:34:23',21,152,4),(274,0,'2014-03-07 01:34:23',21,161,4),(275,0,'2014-03-07 01:34:23',21,178,4),(276,0,'2014-03-07 01:34:23',21,151,4),(277,0,'2014-03-07 01:34:23',21,180,4),(278,0,'2014-03-07 01:34:23',21,170,4),(279,0,'2014-03-07 01:34:23',21,158,4),(280,0,'2014-03-07 01:34:23',21,167,4),(281,0,'2014-03-07 01:34:23',21,171,4),(282,0,'2014-03-07 01:34:23',21,162,4),(283,0,'2014-03-07 01:34:23',21,176,4),(284,1,'2014-03-07 20:40:19',18,184,4),(286,1,'2014-03-07 20:47:50',18,200,4),(287,1,'2014-03-07 20:53:04',17,60,4),(288,1,'2014-03-07 20:53:04',17,61,4),(289,1,'2014-03-07 20:53:04',17,62,4),(290,1,'2014-03-07 20:53:04',17,63,4),(291,1,'2014-03-07 20:58:54',17,201,4),(293,1,'2014-03-07 21:02:42',17,203,4),(294,1,'2014-03-07 21:17:49',19,102,4),(295,1,'2014-03-07 21:17:49',19,118,4),(296,1,'2014-03-07 21:17:49',19,106,4),(297,1,'2014-03-07 21:17:49',19,114,4),(298,1,'2014-03-07 21:17:49',19,108,4),(299,1,'2014-03-07 21:17:49',19,116,4),(300,1,'2014-03-07 21:17:49',19,104,4),(301,1,'2014-03-07 21:19:11',19,87,4),(302,1,'2014-03-07 21:19:12',19,119,4),(303,1,'2014-03-07 21:20:13',19,188,4),(304,1,'2014-03-07 21:20:55',19,78,4),(305,1,'2014-03-07 21:32:06',19,204,4),(306,1,'2014-03-07 21:46:12',20,134,4),(307,1,'2014-03-07 21:46:12',20,143,4),(308,1,'2014-03-07 21:47:37',20,187,4),(309,1,'2014-03-07 21:48:36',20,190,4),(310,1,'2014-03-07 21:49:10',20,191,4),(311,1,'2014-03-07 21:49:44',20,150,4),(312,1,'2014-03-07 21:59:38',21,125,4),(313,1,'2014-03-07 21:59:38',21,141,4),(314,1,'2014-03-07 21:59:38',21,124,4),(315,1,'2014-03-07 21:59:38',21,136,4),(316,1,'2014-03-07 21:59:38',21,149,4),(317,1,'2014-03-07 21:59:38',21,145,4),(318,1,'2014-03-07 21:59:38',21,137,4),(319,1,'2014-03-07 21:59:38',21,146,4),(320,1,'2014-03-07 21:59:38',21,172,4),(321,1,'2014-03-07 21:59:38',21,182,4),(322,1,'2014-03-07 21:59:38',21,155,4),(323,1,'2014-03-07 21:59:38',21,177,4),(324,1,'2014-03-07 21:59:38',21,163,4),(325,1,'2014-03-07 21:59:38',21,156,4),(326,1,'2014-03-07 22:00:41',21,126,4),(327,1,'2014-03-07 22:03:56',21,205,4),(328,1,'2014-03-07 22:11:14',18,66,4),(329,1,'2014-03-07 22:11:15',18,75,4),(330,1,'2014-03-07 22:13:16',18,55,4),(332,1,'2014-03-07 22:15:11',18,206,4),(333,1,'2014-03-09 08:41:38',21,207,4),(334,1,'2014-03-09 08:53:38',20,208,4),(335,1,'2014-03-22 09:55:26',17,209,1),(336,1,'2014-03-22 10:16:37',17,210,1),(337,1,'2014-03-22 10:17:08',17,211,1),(338,1,'2014-03-22 10:17:30',17,212,1),(339,1,'2014-03-22 10:39:44',19,193,1),(340,1,'2014-03-22 10:54:41',19,213,1),(341,1,'2014-03-22 11:01:30',19,214,1),(342,1,'2014-03-22 11:02:47',20,215,1),(343,1,'2014-03-22 11:15:21',18,216,1),(344,1,'2014-03-29 10:04:46',17,217,1),(345,1,'2014-03-29 11:12:11',18,218,1),(346,1,'2014-04-05 13:34:00',20,219,4),(347,1,'2014-04-05 13:34:42',20,220,4),(348,1,'2014-04-05 13:35:09',20,221,4),(349,1,'2014-04-05 13:41:24',19,222,4),(351,1,'2014-04-12 10:01:36',17,224,4),(352,1,'2014-04-12 12:34:56',19,225,4),(353,1,'2014-04-12 12:35:23',19,226,4),(354,1,'2014-04-12 12:35:51',20,227,4),(355,1,'2014-04-26 10:32:41',19,228,4),(356,1,'2014-05-03 10:40:49',20,229,4),(357,1,'2014-05-17 10:56:12',17,230,4),(358,1,'2014-05-24 10:10:02',18,231,4),(359,1,'2014-07-26 10:43:32',19,232,1),(360,1,'2014-08-09 10:04:59',18,233,4),(361,1,'2014-08-30 10:13:54',19,72,4),(363,1,'2014-09-06 10:33:18',19,236,4),(364,1,'2014-11-01 09:51:14',18,237,4),(365,1,'2014-11-08 10:20:36',17,238,1),(366,1,'2014-11-15 10:23:29',17,239,1),(367,1,'2014-11-15 10:26:48',17,240,1),(368,1,'2015-03-10 20:43:56',22,60,1),(369,1,'2015-03-10 20:43:56',22,50,1),(370,1,'2015-03-10 20:43:56',23,67,1),(371,1,'2015-03-10 20:50:48',22,63,1),(372,1,'2015-03-10 20:50:48',22,201,1),(373,1,'2015-03-10 20:50:48',22,61,1),(374,1,'2015-03-10 20:50:48',22,55,1),(375,1,'2015-03-10 20:50:48',22,52,1),(376,1,'2015-03-10 20:50:49',22,54,1),(377,1,'2015-03-10 20:50:49',22,216,1),(378,1,'2015-03-10 20:52:00',22,62,1),(379,1,'2015-03-10 20:52:00',22,57,1),(380,1,'2015-03-10 20:52:00',22,56,1),(381,1,'2015-03-10 20:52:00',22,206,1),(382,1,'2015-03-10 21:04:42',22,241,1),(383,1,'2015-03-10 21:09:05',23,70,1),(384,1,'2015-03-10 21:09:05',23,66,1),(385,1,'2015-03-10 21:09:05',23,69,1),(386,1,'2015-03-10 21:09:05',23,68,1),(387,1,'2015-03-10 21:14:00',23,73,1),(388,1,'2015-03-10 21:14:00',23,77,1),(389,1,'2015-03-10 21:14:00',23,184,1),(390,1,'2015-03-10 21:14:00',23,232,1),(391,1,'2015-03-10 21:14:00',23,72,1),(392,1,'2015-03-10 21:16:21',23,79,1),(393,1,'2015-03-10 21:16:21',23,76,1),(394,1,'2015-03-10 21:16:21',23,75,1),(395,1,'2015-03-10 21:16:21',23,80,1),(396,1,'2015-03-10 21:16:21',23,78,1),(397,1,'2015-03-10 21:17:05',23,193,1),(398,1,'2015-03-11 18:35:56',24,92,4),(399,1,'2015-03-11 18:35:56',24,105,4),(400,1,'2015-03-11 18:35:56',24,102,4),(401,1,'2015-03-11 18:35:56',24,106,4),(402,1,'2015-03-11 18:35:56',24,108,4),(403,1,'2015-03-11 18:35:56',24,90,4),(404,1,'2015-03-11 18:35:56',24,101,4),(405,1,'2015-03-11 18:35:56',24,97,4),(406,1,'2015-03-11 18:35:56',24,93,4),(407,1,'2015-03-11 18:35:56',24,107,4),(408,1,'2015-03-11 18:35:56',24,91,4),(409,1,'2015-03-11 18:35:56',24,120,4),(410,1,'2015-03-11 18:35:56',24,104,4),(411,1,'2015-03-11 18:35:56',24,190,4),(412,1,'2015-03-11 18:35:56',24,226,4),(413,1,'2015-03-11 18:35:56',24,227,4),(414,1,'2015-03-11 18:39:33',24,118,4),(415,1,'2015-03-11 18:39:33',24,114,4),(416,1,'2015-03-11 18:39:33',24,116,4),(417,1,'2015-03-11 18:39:33',24,109,4),(418,1,'2015-03-11 18:39:33',24,110,4),(419,1,'2015-03-11 18:39:33',24,111,4),(420,1,'2015-03-11 18:39:33',24,87,4),(421,1,'2015-03-11 18:39:33',24,214,4),(422,1,'2015-03-11 18:51:39',24,188,4),(423,1,'2015-03-11 18:58:50',24,242,4),(424,1,'2015-03-11 19:04:48',24,187,4),(425,1,'2015-03-11 19:15:23',25,125,4),(426,1,'2015-03-11 19:15:23',25,126,4),(427,1,'2015-03-11 19:15:23',25,124,4),(428,1,'2015-03-11 19:15:23',25,150,4),(429,1,'2015-03-11 19:25:43',25,134,4),(430,1,'2015-03-11 19:30:37',25,140,4),(431,1,'2015-03-11 19:30:37',25,143,4),(432,1,'2015-03-11 19:30:37',25,191,4),(433,1,'2015-03-11 19:30:37',25,148,4),(434,1,'2015-03-11 19:30:37',25,141,4),(435,1,'2015-03-11 19:30:37',25,136,4),(436,1,'2015-03-11 19:30:37',25,149,4),(437,1,'2015-03-11 19:30:37',25,145,4),(438,1,'2015-03-11 19:30:37',25,137,4),(439,1,'2015-03-11 19:30:37',25,146,4),(440,1,'2015-03-11 19:38:36',26,224,4),(441,1,'2015-03-11 19:46:06',26,210,4),(442,1,'2015-03-11 19:48:06',26,209,4),(443,1,'2015-03-11 19:51:26',26,243,4),(445,1,'2015-03-11 20:00:37',26,217,4),(446,1,'2015-03-11 20:03:01',26,245,4),(447,1,'2015-03-11 20:07:04',26,203,4),(448,1,'2015-03-11 20:09:45',26,211,4),(449,0,'2015-03-11 20:12:05',26,246,4),(450,1,'2015-03-11 20:15:41',26,247,4),(451,1,'2015-03-11 20:18:19',26,248,4),(452,1,'2015-03-14 09:48:45',23,249,4),(453,1,'2015-03-14 09:50:10',23,250,4),(454,1,'2015-03-14 09:51:50',23,251,4),(455,1,'2015-03-14 09:53:15',23,252,4),(456,1,'2015-03-14 09:54:30',23,253,4),(457,1,'2015-03-14 09:54:49',23,254,4),(458,1,'2015-03-14 09:56:17',23,255,4),(459,1,'2015-03-14 10:06:26',23,256,4),(460,1,'2015-03-14 10:25:26',24,257,4),(461,1,'2015-03-21 09:55:43',22,258,4),(462,1,'2015-03-21 09:57:22',22,259,4),(463,1,'2015-03-21 10:00:43',22,260,4),(464,1,'2015-03-21 10:22:29',23,261,4),(465,1,'2015-03-21 10:28:51',26,262,4),(466,1,'2015-03-21 10:30:47',26,263,4),(467,1,'2015-03-21 10:34:24',26,264,4),(468,1,'2015-03-21 10:34:49',26,265,4),(469,1,'2015-03-21 10:36:02',26,266,4),(470,1,'2015-03-21 10:38:45',26,267,4),(471,1,'2015-03-21 10:39:09',26,268,4),(472,1,'2015-03-21 10:39:32',26,269,4),(473,1,'2015-03-28 10:18:25',26,270,4),(474,1,'2015-03-28 10:26:58',22,271,4),(475,1,'2015-03-28 10:32:19',22,272,4),(476,1,'2015-04-04 10:41:08',26,273,4),(477,1,'2015-04-04 10:46:55',26,274,4),(478,1,'2015-04-04 10:58:04',26,275,4),(479,1,'2015-04-11 10:09:26',23,276,4),(480,1,'2015-04-11 10:26:09',26,277,4),(481,1,'2015-04-11 10:26:27',26,278,4),(482,1,'2015-04-11 10:30:00',26,279,4),(483,1,'2015-04-11 11:13:02',25,280,4),(484,1,'2015-04-25 10:38:33',25,281,4),(485,1,'2015-05-02 10:28:11',26,282,4),(486,1,'2015-05-02 10:30:38',22,283,4),(487,1,'2015-05-09 11:04:37',24,284,4),(488,1,'2015-05-09 11:07:20',23,285,4),(489,1,'2015-05-23 10:15:04',26,286,4),(490,1,'2015-05-23 10:50:03',22,287,4),(491,1,'2015-05-23 10:51:56',22,288,4),(492,1,'2015-05-23 11:01:16',24,289,4),(493,1,'2015-05-30 10:08:58',26,290,4),(494,1,'2015-06-06 10:00:17',23,291,4),(495,1,'2015-06-06 10:01:32',23,292,4),(496,1,'2015-06-06 10:03:12',26,293,4),(497,1,'2015-06-06 10:04:00',26,294,4),(498,1,'2015-06-06 10:04:29',26,295,4),(499,1,'2015-06-06 10:04:54',26,296,4),(500,1,'2015-06-13 10:13:10',26,297,4),(501,1,'2015-06-13 10:55:10',26,298,4),(502,1,'2015-06-13 11:05:14',24,299,4),(503,1,'2015-08-01 10:55:41',23,300,1),(504,1,'2015-08-08 10:56:30',24,301,4),(505,1,'2015-08-08 11:05:06',23,302,4),(506,1,'2015-08-08 11:05:56',23,303,4),(507,1,'2015-08-15 10:03:43',26,304,4),(508,1,'2015-08-15 10:08:56',26,305,4),(509,1,'2015-08-22 11:08:31',24,306,4),(510,1,'2015-08-29 10:06:56',22,307,4),(511,1,'2015-09-05 10:02:35',22,308,4),(512,1,'2015-10-03 10:08:53',26,309,4),(513,1,'2015-10-03 10:24:00',22,310,4),(514,1,'2015-10-03 10:37:45',24,311,4),(515,1,'2015-10-03 10:39:42',24,312,4),(516,1,'2015-10-10 10:59:06',24,313,4),(517,1,'2015-10-10 11:02:16',25,314,4),(518,1,'2015-10-17 10:36:02',22,315,4),(519,1,'2015-10-24 09:59:55',22,316,4),(520,1,'2015-10-31 10:24:34',26,317,4),(521,1,'2016-02-23 23:38:58',27,263,4),(522,1,'2016-02-23 23:38:58',27,266,4),(523,1,'2016-02-23 23:38:58',27,267,4),(524,1,'2016-02-23 23:38:58',27,268,4),(525,1,'2016-02-23 23:38:58',27,269,4),(526,1,'2016-02-23 23:38:58',27,270,4),(527,1,'2016-02-23 23:38:58',27,274,4),(528,1,'2016-02-23 23:47:07',28,209,4),(529,1,'2016-02-23 23:47:07',28,224,4),(530,1,'2016-02-23 23:47:07',28,211,4),(531,1,'2016-02-23 23:47:07',28,217,4),(532,1,'2016-02-23 23:47:07',28,203,4),(533,1,'2016-02-23 23:47:07',28,210,4),(534,1,'2016-02-23 23:47:07',28,60,4),(535,1,'2016-02-23 23:47:07',28,63,4),(536,1,'2016-02-23 23:47:07',28,62,4),(537,1,'2016-02-23 23:47:07',28,61,4),(538,1,'2016-02-23 23:47:07',28,259,4),(539,1,'2016-02-23 23:47:07',28,262,4),(540,1,'2016-02-23 23:47:08',28,272,4),(541,1,'2016-02-23 23:47:08',28,293,4),(542,1,'2016-02-23 23:47:36',28,318,4),(543,1,'2016-02-23 23:49:30',28,319,4),(544,1,'2016-02-23 23:52:09',28,320,4),(545,1,'2016-02-24 00:11:02',29,55,4),(546,1,'2016-02-24 00:16:04',29,57,4),(547,1,'2016-02-24 00:16:05',29,52,4),(548,1,'2016-02-24 00:16:05',29,56,4),(549,1,'2016-02-24 00:16:05',29,206,4),(550,1,'2016-02-24 00:16:05',29,54,4),(551,1,'2016-02-24 00:16:05',29,79,4),(552,1,'2016-02-24 00:16:05',29,76,4),(553,1,'2016-02-24 00:16:05',29,67,4),(554,1,'2016-02-24 00:16:05',29,66,4),(555,1,'2016-02-24 00:16:05',29,73,4),(556,1,'2016-02-24 00:16:05',29,260,4),(557,1,'2016-02-24 00:16:05',29,261,4),(558,1,'2016-02-24 00:16:05',29,184,4),(559,1,'2016-02-24 00:16:05',29,251,4),(560,1,'2016-02-24 00:27:31',30,77,4),(561,1,'2016-02-24 00:27:31',30,71,4),(562,1,'2016-02-24 00:27:31',30,69,4),(563,1,'2016-02-24 00:27:31',30,105,4),(564,1,'2016-02-24 00:27:31',30,102,4),(565,1,'2016-02-24 00:27:31',30,118,4),(566,1,'2016-02-24 00:27:31',30,106,4),(567,1,'2016-02-24 00:27:31',30,108,4),(568,1,'2016-02-24 00:27:31',30,116,4),(569,1,'2016-02-24 00:27:31',30,104,4),(570,1,'2016-02-24 00:27:32',30,289,4),(571,1,'2016-02-24 00:27:32',30,312,4),(572,1,'2016-02-24 00:27:32',30,78,4),(573,1,'2016-02-24 00:27:32',30,193,4),(574,1,'2016-02-24 00:27:32',30,214,4),(575,1,'2016-02-24 00:27:32',30,232,4),(576,1,'2016-02-24 00:28:00',30,321,4),(577,1,'2016-02-24 00:32:40',31,90,4),(578,1,'2016-02-24 00:32:40',31,101,4),(579,1,'2016-02-24 00:32:40',31,97,4),(580,1,'2016-02-24 00:32:41',31,109,4),(581,1,'2016-02-24 00:32:41',31,110,4),(582,1,'2016-02-24 00:32:41',31,93,4),(583,1,'2016-02-24 00:32:41',31,187,4),(584,1,'2016-02-24 00:32:41',31,111,4),(585,1,'2016-02-24 00:32:41',31,91,4),(586,1,'2016-02-24 00:32:41',31,140,4),(587,1,'2016-02-24 00:32:41',31,134,4),(588,1,'2016-02-24 00:32:41',31,191,4),(589,1,'2016-02-24 00:32:41',31,280,4),(590,1,'2016-02-24 00:32:41',31,150,4),(591,1,'2016-02-24 00:32:41',31,215,4),(592,1,'2016-03-12 10:22:30',27,322,4),(593,1,'2016-03-12 10:24:37',27,323,4),(594,1,'2016-03-12 10:26:52',27,324,4),(595,1,'2016-03-12 10:27:59',28,325,4),(596,1,'2016-03-12 10:29:31',28,326,4),(597,1,'2016-03-12 10:30:07',27,327,4),(598,1,'2016-03-12 10:30:33',27,328,4),(599,1,'2016-03-12 10:46:22',29,315,4),(600,1,'2016-03-19 11:03:39',27,329,4),(601,1,'2016-04-02 10:20:56',28,330,4),(602,1,'2016-04-02 10:22:55',28,331,4),(603,1,'2016-04-02 11:04:08',29,332,4),(604,1,'2016-04-09 10:14:58',28,333,4),(605,1,'2016-04-09 10:24:30',29,334,4),(606,1,'2016-05-21 10:08:21',27,335,4),(607,1,'2016-05-28 10:25:01',28,336,4),(608,1,'2016-06-11 09:39:47',29,337,4),(609,1,'2016-06-11 10:50:35',29,338,4),(610,1,'2016-06-18 10:34:23',27,339,4),(611,1,'2016-06-18 10:37:25',27,340,4),(612,1,'2016-08-06 10:42:50',27,341,4),(613,1,'2016-08-13 10:35:00',29,342,4),(614,1,'2016-08-27 10:46:28',30,343,4),(615,1,'2016-10-01 10:14:03',30,344,4),(616,1,'2016-10-15 10:28:12',27,345,4),(617,1,'2016-10-15 10:34:49',29,346,4),(618,1,'2016-10-22 10:00:57',28,347,4),(619,1,'2016-10-22 10:19:38',27,348,4),(620,1,'2016-10-29 10:17:26',27,349,4),(621,1,'2016-10-29 10:48:30',28,350,4),(622,1,'2017-03-04 00:38:59',32,328,4),(623,1,'2017-03-04 00:38:59',32,327,4),(624,0,'2017-03-04 00:38:59',32,274,4),(625,1,'2017-03-04 00:38:59',32,329,4),(626,1,'2017-03-04 00:38:59',32,339,4),(627,1,'2017-03-04 00:46:22',33,324,4),(628,1,'2017-03-04 00:46:22',33,209,4),(629,1,'2017-03-04 00:46:22',33,224,4),(630,1,'2017-03-04 00:46:22',33,211,4),(631,1,'2017-03-04 00:46:22',33,217,4),(632,1,'2017-03-04 00:46:22',33,203,4),(633,1,'2017-03-04 00:46:22',34,60,4),(634,1,'2017-03-04 00:46:23',33,263,4),(635,1,'2017-03-04 00:46:23',33,266,4),(636,1,'2017-03-04 00:46:23',33,267,4),(637,1,'2017-03-04 00:46:23',33,268,4),(638,1,'2017-03-04 00:46:23',33,269,4),(639,1,'2017-03-04 00:46:23',33,270,4),(640,1,'2017-03-04 00:46:23',33,293,4),(641,1,'2017-03-04 00:46:23',33,318,4),(642,1,'2017-03-04 00:46:23',33,323,4),(643,1,'2017-03-04 00:46:38',32,351,4),(644,0,'2017-03-04 00:46:54',32,352,4),(645,1,'2017-03-04 00:47:04',33,353,4),(646,1,'2017-03-04 00:48:40',34,354,4),(647,1,'2017-03-04 00:51:20',34,63,4),(648,1,'2017-03-04 00:51:20',34,61,4),(649,1,'2017-03-04 00:51:20',34,55,4),(650,1,'2017-03-04 00:51:20',34,57,4),(651,1,'2017-03-04 00:51:20',34,52,4),(652,1,'2017-03-04 00:51:20',34,206,4),(653,1,'2017-03-04 00:51:20',34,54,4),(654,1,'2017-03-04 00:51:20',34,259,4),(655,1,'2017-03-04 00:51:21',34,260,4),(656,1,'2017-03-04 00:51:21',34,272,4),(657,1,'2017-03-04 00:51:21',34,315,4),(658,1,'2017-03-04 00:51:21',34,319,4),(659,1,'2017-03-04 00:51:21',34,342,4),(660,1,'2017-03-04 00:57:54',35,79,4),(661,1,'2017-03-04 00:57:54',35,70,4),(662,1,'2017-03-04 00:57:54',35,76,4),(663,1,'2017-03-04 00:57:55',35,67,4),(664,1,'2017-03-04 00:57:55',35,66,4),(665,1,'2017-03-04 00:57:55',35,73,4),(666,1,'2017-03-04 00:57:55',35,77,4),(667,1,'2017-03-04 00:57:55',35,71,4),(668,1,'2017-03-04 00:57:55',36,68,4),(669,1,'2017-03-04 00:57:55',36,321,4),(670,1,'2017-03-04 00:57:55',35,78,4),(671,1,'2017-03-04 00:57:56',35,232,4),(672,1,'2017-03-04 00:57:56',35,251,4),(673,1,'2017-03-04 00:58:42',35,355,4),(674,1,'2017-03-04 00:59:01',35,356,4),(675,1,'2017-03-04 01:02:19',36,105,4),(676,1,'2017-03-04 01:02:19',36,102,4),(677,1,'2017-03-04 01:02:19',36,118,4),(678,1,'2017-03-04 01:02:19',36,106,4),(679,1,'2017-03-04 01:02:19',36,108,4),(680,1,'2017-03-04 01:02:20',36,116,4),(681,1,'2017-03-04 01:02:20',36,90,4),(682,1,'2017-03-04 01:02:20',36,97,4),(683,1,'2017-03-04 01:02:20',36,109,4),(684,1,'2017-03-04 01:02:20',36,110,4),(685,1,'2017-03-04 01:02:20',36,93,4),(686,1,'2017-03-04 01:02:20',36,111,4),(687,1,'2017-03-04 01:02:20',36,104,4),(688,1,'2017-03-04 01:02:20',36,312,4),(689,1,'2017-03-04 01:02:20',35,343,4),(690,1,'2017-03-04 11:07:00',34,357,4),(691,1,'2017-03-04 11:08:52',34,358,4),(692,1,'2017-03-04 11:13:45',36,359,4),(693,1,'2017-03-04 11:14:46',33,360,4),(694,1,'2017-03-11 10:06:40',32,361,4),(695,1,'2017-03-11 10:08:50',32,362,4),(696,1,'2017-03-11 10:09:47',32,363,4),(697,1,'2017-03-11 10:10:39',32,364,4),(698,1,'2017-03-11 10:16:09',33,365,4),(699,1,'2017-03-11 10:17:16',33,366,4),(700,1,'2017-03-11 10:18:20',33,367,4),(701,1,'2017-03-11 10:22:06',33,368,4),(702,1,'2017-03-18 09:36:32',35,369,4),(703,1,'2017-03-18 10:30:11',33,370,4),(704,1,'2017-03-18 10:34:57',33,371,4),(705,1,'2017-03-18 11:09:47',35,372,4),(706,1,'2017-03-25 11:07:09',35,72,4),(707,1,'2017-04-01 10:05:34',33,373,4),(708,1,'2017-04-01 10:09:59',33,374,4),(709,1,'2017-04-01 10:12:39',32,375,4),(710,1,'2017-04-01 10:21:38',35,376,4),(711,1,'2017-04-01 10:22:59',35,377,4),(712,1,'2017-04-01 10:25:29',32,378,4),(713,1,'2017-04-15 10:25:28',33,379,4),(714,1,'2017-04-15 10:50:59',32,380,4),(715,1,'2017-05-06 09:55:16',32,381,4),(716,1,'2017-05-27 11:06:14',33,382,4),(717,1,'2017-05-27 11:09:00',32,383,4),(718,1,'2017-06-10 10:49:55',34,384,4),(719,1,'2017-08-19 10:12:33',32,385,4),(720,1,'2017-09-02 10:20:28',35,386,4),(721,1,'2017-09-02 10:24:15',35,387,4),(722,1,'2017-09-16 10:11:47',33,388,4),(723,1,'2017-09-23 10:18:06',32,389,4),(724,1,'2017-09-23 10:24:10',33,390,4),(725,1,'2017-10-28 09:55:07',33,391,4),(726,1,'2018-03-01 22:04:02',37,348,4),(727,1,'2018-03-01 22:04:02',37,351,4),(728,1,'2018-03-01 22:04:02',37,378,4),(729,1,'2018-03-01 22:04:03',37,381,4),(730,1,'2018-03-01 22:07:38',38,328,4),(731,1,'2018-03-01 22:07:38',38,327,4),(732,1,'2018-03-01 22:07:39',38,209,4),(733,1,'2018-03-01 22:07:39',38,267,4),(734,1,'2018-03-01 22:07:39',38,268,4),(735,1,'2018-03-01 22:07:39',38,269,4),(736,1,'2018-03-01 22:07:39',38,270,4),(737,1,'2018-03-01 22:07:39',38,329,4),(738,1,'2018-03-01 22:07:39',38,345,4),(739,1,'2018-03-01 22:07:39',38,363,4),(740,1,'2018-03-01 22:08:39',38,392,4),(741,1,'2018-03-01 22:13:43',39,217,4),(742,1,'2018-03-01 22:13:43',39,293,4),(743,1,'2018-03-01 22:13:43',39,333,4),(744,1,'2018-03-01 22:13:44',39,347,4),(745,1,'2018-03-01 22:13:44',39,365,4),(746,1,'2018-03-01 22:13:44',39,367,4),(747,1,'2018-03-01 22:13:44',39,388,4),(748,1,'2018-03-01 22:17:08',39,203,4),(749,1,'2018-03-01 22:17:09',39,61,4),(750,1,'2018-03-01 22:17:09',39,360,4),(751,1,'2018-03-01 22:24:24',39,272,4),(752,1,'2018-03-01 22:24:24',39,353,4),(753,1,'2018-03-01 22:24:53',39,393,4),(754,0,'2018-03-01 22:25:49',40,394,4),(755,0,'2018-03-01 22:26:25',40,395,4),(756,0,'2018-03-01 22:27:15',40,396,4),(757,1,'2018-03-01 22:30:01',40,397,4),(758,1,'2018-03-01 22:33:41',40,60,4),(759,1,'2018-03-01 22:33:41',40,57,4),(760,1,'2018-03-01 22:33:41',40,52,4),(761,1,'2018-03-01 22:33:41',40,54,4),(762,1,'2018-03-01 22:33:41',40,79,4),(763,1,'2018-03-01 22:33:41',40,70,4),(764,1,'2018-03-01 22:33:41',40,76,4),(765,1,'2018-03-01 22:33:41',40,67,4),(766,1,'2018-03-01 22:33:41',40,66,4),(767,1,'2018-03-01 22:33:42',40,73,4),(768,1,'2018-03-01 22:33:42',40,315,4),(769,1,'2018-03-01 22:33:42',40,386,4),(770,1,'2018-03-01 22:33:42',40,387,4),(771,1,'2018-03-01 22:33:42',40,249,4),(772,1,'2018-03-01 22:40:03',41,72,4),(773,1,'2018-03-01 22:40:03',41,68,4),(774,1,'2018-03-01 22:40:03',41,102,4),(775,1,'2018-03-01 22:40:03',41,104,4),(776,1,'2018-03-01 22:40:03',41,376,4),(777,1,'2018-03-01 22:40:03',41,232,4),(778,1,'2018-03-01 22:41:36',41,77,4),(779,1,'2018-03-01 22:41:36',41,105,4),(780,1,'2018-03-01 22:41:36',41,118,4),(781,1,'2018-03-01 22:41:36',41,106,4),(782,1,'2018-03-01 22:41:36',41,108,4),(783,1,'2018-03-01 22:41:36',41,321,4),(784,1,'2018-03-01 22:41:36',41,78,4),(785,1,'2018-03-01 22:41:36',41,343,4),(786,1,'2018-03-01 22:41:36',41,359,4),(787,1,'2018-03-03 10:17:20',38,398,4),(788,1,'2018-03-03 10:22:02',37,399,4),(789,1,'2018-03-03 10:22:18',37,400,4),(790,1,'2018-03-03 10:23:35',37,401,4),(791,1,'2018-03-17 10:22:08',37,402,4),(792,1,'2018-03-24 10:03:07',39,403,4),(793,1,'2018-03-24 10:03:47',39,404,4),(794,1,'2018-03-31 10:46:33',37,405,4),(795,1,'2018-03-31 11:00:21',40,406,4),(796,1,'2018-04-07 10:57:40',39,407,4),(797,1,'2018-04-21 10:26:05',37,408,4),(798,1,'2018-05-05 10:22:47',40,409,4),(799,1,'2018-06-02 10:41:58',37,410,4),(800,1,'2018-06-02 10:42:11',37,411,4),(801,0,'2018-06-16 09:53:17',38,412,4),(802,1,'2018-06-23 10:23:46',38,413,4),(803,1,'2018-08-18 10:35:55',37,414,4),(804,1,'2018-08-18 11:06:53',41,415,4),(805,1,'2018-08-25 10:14:21',38,416,4),(806,1,'2019-03-06 22:01:51',43,351,4),(807,1,'2019-03-06 22:01:51',43,381,4),(808,1,'2019-03-06 22:01:51',42,399,4),(809,1,'2019-03-06 22:01:51',42,400,4),(810,1,'2019-03-06 22:01:51',43,401,4),(811,1,'2019-03-06 22:01:51',42,410,4),(812,1,'2019-03-06 22:01:51',42,411,4),(813,1,'2019-03-06 22:02:43',42,417,4),(814,1,'2019-03-06 22:12:33',43,418,4),(815,1,'2019-03-06 22:12:47',43,328,4),(816,1,'2019-03-06 22:15:34',43,327,4),(817,1,'2019-03-06 22:16:00',43,345,4),(818,1,'2019-03-06 22:16:50',43,329,4),(819,1,'2019-03-06 22:16:50',43,348,4),(820,1,'2019-03-06 22:16:50',43,363,4),(821,1,'2019-03-06 22:23:14',44,209,4),(822,1,'2019-03-06 22:23:14',44,217,4),(823,1,'2019-03-06 22:23:14',44,203,4),(824,1,'2019-03-06 22:23:14',44,267,4),(825,1,'2019-03-06 22:23:14',44,268,4),(826,1,'2019-03-06 22:23:14',44,269,4),(827,1,'2019-03-06 22:23:14',44,270,4),(828,1,'2019-03-06 22:23:14',44,286,4),(829,1,'2019-03-06 22:23:14',44,293,4),(830,1,'2019-03-06 22:23:14',44,347,4),(831,1,'2019-03-06 22:23:14',44,353,4),(832,1,'2019-03-06 22:23:14',44,365,4),(833,1,'2019-03-06 22:23:14',44,367,4),(834,1,'2019-03-06 22:23:14',44,392,4),(835,1,'2019-03-06 22:23:14',44,394,4),(836,1,'2019-03-06 22:23:14',44,403,4),(837,1,'2019-03-06 22:23:14',44,404,4),(838,1,'2019-03-06 22:29:08',45,60,4),(839,1,'2019-03-06 22:29:08',45,63,4),(840,1,'2019-03-06 22:29:49',45,420,4),(841,1,'2019-03-06 22:31:00',45,60,4),(842,1,'2019-03-06 22:31:00',45,63,4),(843,1,'2019-03-06 22:31:00',45,61,4),(844,1,'2019-03-06 22:31:01',45,57,4),(845,1,'2019-03-06 22:31:01',45,54,4),(846,1,'2019-03-06 22:31:01',45,272,4),(847,1,'2019-03-06 22:31:01',45,406,4),(848,1,'2019-03-06 22:31:01',45,409,4),(849,1,'2019-03-06 22:31:01',45,240,4),(850,1,'2019-03-06 22:31:36',45,62,4),(851,1,'2019-03-06 22:32:05',45,386,4),(852,1,'2019-03-06 22:39:51',46,79,4),(853,1,'2019-03-06 22:39:51',46,70,4),(854,1,'2019-03-06 22:39:51',46,76,4),(855,1,'2019-03-06 22:39:51',46,67,4),(856,1,'2019-03-06 22:39:51',46,66,4),(857,1,'2019-03-06 22:39:51',46,73,4),(858,1,'2019-03-06 22:39:51',46,77,4),(859,1,'2019-03-06 22:39:51',46,72,4),(860,1,'2019-03-06 22:39:51',46,80,4),(861,1,'2019-03-06 22:39:52',46,69,4),(862,1,'2019-03-06 22:39:52',46,332,4),(863,1,'2019-03-06 22:39:52',46,356,4),(864,1,'2019-03-06 22:39:52',46,387,4),(865,1,'2019-03-06 22:39:52',46,397,4),(866,1,'2019-03-06 22:39:52',46,415,4),(867,1,'2019-03-06 22:39:52',46,232,4),(868,1,'2019-03-09 10:49:35',42,421,4),(869,1,'2019-03-09 10:51:30',42,422,4),(870,1,'2019-03-09 10:52:51',42,423,4),(871,1,'2019-03-16 10:05:16',43,339,4),(872,1,'2019-03-16 10:17:54',42,424,4),(873,1,'2019-04-13 10:04:43',43,425,4),(874,1,'2019-04-13 10:22:35',42,426,4),(875,1,'2019-04-13 10:24:20',42,427,4),(882,1,'2019-06-08 11:01:49',45,432,4),(892,1,'2019-06-15 10:13:29',42,442,4),(902,1,'2019-06-22 10:12:51',44,452,4),(912,1,'2019-08-31 10:18:04',44,462,4),(922,1,'2019-09-28 10:00:05',42,472,4),(932,1,'2019-09-28 10:42:09',43,482,4),(942,1,'2019-10-26 11:22:36',42,492,4),(952,1,'2020-03-06 21:10:15',52,423,4),(962,1,'2020-03-06 21:10:51',52,502,4),(972,1,'2020-03-06 21:17:12',62,383,4),(982,1,'2020-03-06 21:17:12',62,410,4),(992,1,'2020-03-06 21:17:12',62,411,4),(1002,1,'2020-03-06 21:17:12',62,414,4),(1012,1,'2020-03-06 21:17:12',62,421,4),(1022,1,'2020-03-06 21:18:41',62,351,4),(1032,1,'2020-03-06 21:18:41',62,381,4),(1042,1,'2020-03-06 21:18:41',62,399,4),(1052,1,'2020-03-06 21:18:41',62,400,4),(1062,1,'2020-03-06 21:18:42',62,417,4),(1072,1,'2020-03-06 21:19:18',62,512,4),(1082,1,'2020-03-06 21:20:41',72,328,4),(1092,1,'2020-03-06 21:20:41',72,327,4),(1102,1,'2020-03-06 21:20:57',72,522,4),(1112,1,'2020-03-06 21:22:25',82,209,4),(1122,1,'2020-03-06 21:22:25',82,267,4),(1132,1,'2020-03-06 21:22:25',82,268,4),(1142,1,'2020-03-06 21:22:25',82,269,4),(1152,1,'2020-03-06 21:22:25',82,270,4),(1162,1,'2020-03-06 21:22:25',82,293,4),(1172,1,'2020-03-06 21:22:25',82,367,4),(1182,1,'2020-03-06 21:22:25',82,394,4),(1192,1,'2020-03-06 21:23:10',82,217,4),(1202,1,'2020-03-06 21:23:10',82,203,4),(1212,1,'2020-03-06 21:23:10',82,365,4),(1222,1,'2020-03-06 21:23:10',82,403,4),(1232,1,'2020-03-06 21:25:23',82,353,4),(1242,1,'2020-03-06 21:25:23',82,392,4),(1252,1,'2020-03-06 21:25:23',82,407,4),(1262,1,'2020-03-06 21:27:45',92,60,4),(1272,1,'2020-03-06 21:27:45',92,63,4),(1282,1,'2020-03-06 21:27:46',92,61,4),(1292,1,'2020-03-06 21:27:46',92,419,4),(1302,1,'2020-03-06 21:27:46',92,57,4),(1312,1,'2020-03-06 21:27:46',92,54,4),(1322,1,'2020-03-06 21:27:46',92,272,4),(1332,1,'2020-03-06 21:27:46',92,333,4),(1342,1,'2020-03-06 21:28:30',92,386,4),(1352,1,'2020-03-06 21:31:04',102,70,4),(1362,1,'2020-03-06 21:31:04',102,76,4),(1372,1,'2020-03-06 21:31:04',102,67,4),(1382,1,'2020-03-06 21:31:04',102,66,4),(1392,1,'2020-03-06 21:31:04',102,73,4),(1402,1,'2020-03-06 21:31:04',102,387,4),(1412,1,'2020-03-06 21:31:04',102,397,4),(1422,1,'2020-03-06 21:31:04',102,249,4),(1432,1,'2020-03-07 10:43:06',72,418,4),(1442,1,'2020-03-07 11:03:36',62,472,4),(1452,1,'2020-03-14 10:18:20',52,532,4),(1462,1,'2020-03-14 10:28:51',72,339,4),(1472,1,'2020-03-14 10:45:02',52,542,4),(1484,1,'2022-03-11 22:05:02',114,542,4),(1494,1,'2022-03-11 22:06:46',114,554,4),(1504,1,'2022-03-11 22:10:55',124,422,4),(1514,1,'2022-03-11 22:10:56',124,423,4),(1524,1,'2022-03-11 22:10:57',124,502,4),(1534,1,'2022-03-11 22:12:26',124,564,4),(1544,1,'2022-03-11 22:14:18',124,532,4),(1554,1,'2022-03-11 22:50:59',134,418,4),(1564,1,'2022-03-11 22:51:00',134,327,4),(1574,1,'2022-03-11 22:51:00',134,348,4),(1584,1,'2022-03-11 22:51:01',134,413,4),(1594,1,'2022-03-11 22:53:59',144,209,4),(1604,1,'2022-03-11 22:54:00',144,210,4),(1614,1,'2022-03-11 22:54:01',144,268,4),(1624,1,'2022-03-11 22:54:03',144,270,4),(1634,1,'2022-03-11 22:54:04',144,394,4),(1644,1,'2022-03-11 22:54:04',144,395,4),(1654,1,'2022-03-11 22:55:51',144,217,4),(1664,1,'2022-03-11 22:55:52',144,203,4),(1674,1,'2022-03-11 22:55:53',144,267,4),(1684,1,'2022-03-11 22:55:53',144,365,4),(1694,1,'2022-03-11 22:55:54',144,403,4),(1704,1,'2022-03-11 22:57:23',144,269,4),(1714,1,'2022-03-11 22:57:24',144,368,4),(1724,1,'2022-03-11 22:57:25',144,392,4),(1734,1,'2022-03-11 22:57:25',144,407,4),(1744,1,'2022-03-11 23:02:40',154,512,4),(1754,1,'2022-03-11 23:02:41',154,400,4),(1764,1,'2022-03-11 23:02:41',154,410,4),(1774,1,'2022-03-11 23:02:42',154,411,4),(1784,1,'2022-03-11 23:02:44',154,414,4),(1794,1,'2022-03-11 23:02:44',154,421,4),(1804,1,'2022-03-11 23:22:55',164,351,4),(1814,1,'2022-03-11 23:22:55',164,381,4),(1824,1,'2022-03-11 23:22:56',164,383,4),(1834,1,'2022-03-11 23:22:57',164,399,4),(1844,1,'2022-03-11 23:22:57',164,417,4),(1854,1,'2022-03-11 23:22:58',164,472,4),(1864,1,'2022-03-19 10:07:53',114,574,4),(1874,1,'2022-03-19 10:09:38',114,594,4),(1884,1,'2022-03-19 10:15:14',124,604,4),(1894,1,'2022-03-19 10:17:07',124,614,4),(1904,1,'2022-03-19 10:18:33',124,624,4),(1914,1,'2022-03-19 10:19:34',124,634,4),(1924,1,'2022-03-19 10:34:28',134,644,4),(1934,1,'2022-03-19 10:40:18',164,654,4),(1944,1,'2022-03-26 09:47:36',154,664,4),(1954,1,'2022-03-26 10:19:11',124,674,4);
/*!40000 ALTER TABLE `evangelizando_turma` ENABLE KEYS */;
UNLOCK TABLES;

--
-- Table structure for table `funcao_atividade`
--

DROP TABLE IF EXISTS `funcao_atividade`;
/*!40101 SET @saved_cs_client     = @@character_set_client */;
/*!50503 SET character_set_client = utf8mb4 */;
CREATE TABLE `funcao_atividade` (
  `id_func` int(11) NOT NULL AUTO_INCREMENT,
  `no_funcao` varchar(45) NOT NULL,
  `st_ativo` tinyint(1) NOT NULL,
  PRIMARY KEY (`id_func`)
) ENGINE=InnoDB AUTO_INCREMENT=8 DEFAULT CHARSET=latin1;
/*!40101 SET character_set_client = @saved_cs_client */;

--
-- Dumping data for table `funcao_atividade`
--

LOCK TABLES `funcao_atividade` WRITE;
/*!40000 ALTER TABLE `funcao_atividade` DISABLE KEYS */;
INSERT INTO `funcao_atividade` VALUES (1,'Bibliotecario',1),(6,'Evangelizador(a)',1),(7,'Pai',1);
/*!40000 ALTER TABLE `funcao_atividade` ENABLE KEYS */;
UNLOCK TABLES;

--
-- Table structure for table `funcionalidade`
--

DROP TABLE IF EXISTS `funcionalidade`;
/*!40101 SET @saved_cs_client     = @@character_set_client */;
/*!50503 SET character_set_client = utf8mb4 */;
CREATE TABLE `funcionalidade` (
  `id_funcionalidade` int(11) NOT NULL AUTO_INCREMENT,
  `no_funcionalidade` varchar(45) NOT NULL,
  `dt_cadastro` datetime NOT NULL,
  `st_ativo` tinyint(1) NOT NULL,
  `no_menu` varchar(45) DEFAULT NULL,
  `id_tipo_funcionalidade` int(11) NOT NULL,
  `id_controller` int(11) NOT NULL,
  PRIMARY KEY (`id_funcionalidade`),
  KEY `fk_funcionalidade_tipo_funcionalidade1_idx` (`id_tipo_funcionalidade`),
  KEY `fk_funcionalidade_controller1_idx` (`id_controller`),
  CONSTRAINT `fk_funcionalidade_controller1` FOREIGN KEY (`id_controller`) REFERENCES `controller` (`id_controller`) ON DELETE NO ACTION ON UPDATE NO ACTION,
  CONSTRAINT `fk_funcionalidade_tipo_funcionalidade1` FOREIGN KEY (`id_tipo_funcionalidade`) REFERENCES `tipo_funcionalidade` (`id_tipo_funcionalidade`) ON DELETE NO ACTION ON UPDATE NO ACTION
) ENGINE=InnoDB AUTO_INCREMENT=46 DEFAULT CHARSET=latin1;
/*!40101 SET character_set_client = @saved_cs_client */;

--
-- Dumping data for table `funcionalidade`
--

LOCK TABLES `funcionalidade` WRITE;
/*!40000 ALTER TABLE `funcionalidade` DISABLE KEYS */;
INSERT INTO `funcionalidade` VALUES (1,'listar_editora','2013-01-01 00:00:00',1,'Listar Editora',3,1),(2,'cadastrar_editora','2013-01-02 00:00:00',1,'Cadastrar Editora',1,1),(3,'editar_editora','2013-01-11 00:00:00',1,'',2,1),(4,'excluir_editora','2013-01-14 00:00:00',1,'',4,1),(5,'cadastrar_autor','2013-01-14 00:00:00',1,'Cadastrar Autor',1,2),(6,'listar_autor','2013-01-14 00:00:00',1,'Listar Autor',3,2),(7,'editar_autor','2013-01-14 00:00:00',1,'',2,2),(8,'excluir_autor','2013-01-14 00:00:00',1,'',4,2),(9,'cadastrar_funcao_atividade','2013-01-14 00:00:00',1,'Cadastrar Função/Atividade',1,3),(10,'listar_funcao_atividade','2013-01-15 00:00:00',1,'Listar Função/Atividade',3,3),(11,'editar_funcao_atividade','2013-01-15 00:00:00',1,'',2,3),(12,'excluir_funcao_atividade','2013-01-15 00:00:00',1,'',4,3),(13,'cadastrar_colaborador','2013-01-15 00:00:00',1,'Cadastrar Colaborador',1,4),(14,'listar_colaborador','2013-01-19 00:00:00',1,'Listar Colaborador',3,4),(15,'editar_colaborador','2013-01-17 00:00:00',1,'',2,4),(16,'excluir_colaborador','2013-01-19 00:00:00',1,'',4,4),(17,'cadastrar_perfil','2013-01-19 00:00:00',1,'Cadastrar Perfil',1,5),(18,'listar-perfil','2013-01-24 00:00:00',1,'Listar Perfil',3,5),(19,'editar_perfil','2013-01-24 00:00:00',1,NULL,2,5),(20,'excluir_perfil','2013-01-25 00:00:00',1,NULL,4,5),(21,'cadastrar_usuario','2013-01-25 00:00:00',1,'Cadastrar Usuário',1,6),(22,'listar_usuario','2013-01-26 00:00:00',1,'Listar Usuário',3,6),(23,'editar_usuario','2013-01-28 00:00:00',1,NULL,2,6),(24,'excluir_usuario','2013-01-28 00:00:00',1,NULL,4,6),(25,'cadastrar_livro','2013-01-28 00:00:00',1,'Cadastrar Livro',1,7),(26,'listar_livro','2013-01-30 00:00:00',1,'Listar Livro',3,7),(28,'editar_livro','2013-02-04 00:00:00',1,NULL,2,7),(29,'excluir_livro','2013-02-04 00:00:00',1,NULL,4,7),(30,'cadastrar_evangelizando','2013-02-04 00:00:00',1,'Cadastrar Evangelizando',1,8),(31,'listar_evangelizando','2013-02-04 00:00:00',1,'Listar Evangelizando',3,8),(32,'editar_evangelizando','2013-02-04 00:00:00',1,NULL,2,8),(33,'excluir_evangelizando','2013-02-04 00:00:00',1,NULL,4,8),(34,'cadastrar_turma','2013-02-04 00:00:00',1,'Cadastrar Turma',1,9),(35,'listar_turma','2013-02-05 00:00:00',1,'Listar Turma',3,9),(36,'editar_tuma','2013-02-05 00:00:00',1,NULL,2,9),(37,'excluir_turma','2013-02-05 00:00:00',1,NULL,4,9),(38,'cadastrar_matricula','2013-02-06 00:00:00',1,'Matricular Evangelizando',1,10),(39,'listar_matricula','2013-02-06 00:00:00',1,'Listar Matrícula',3,10),(40,'editar_matricula','2013-02-08 00:00:00',1,NULL,2,10),(41,'excluir_matricula','2013-02-08 00:00:00',1,NULL,4,10),(42,'cadastrar_emprestimo','2013-02-08 00:00:00',1,'Cadastrar Empréstimo',1,11),(43,'listar_emprestimo','2013-02-18 00:00:00',1,'Listar Empréstimo',3,11),(44,'editar_emprestimo','2013-04-29 00:00:00',1,NULL,2,11),(45,'excluir_emprestimo','2013-04-29 00:00:00',1,NULL,4,11);
/*!40000 ALTER TABLE `funcionalidade` ENABLE KEYS */;
UNLOCK TABLES;

--
-- Table structure for table `funcionalidade_perfil`
--

DROP TABLE IF EXISTS `funcionalidade_perfil`;
/*!40101 SET @saved_cs_client     = @@character_set_client */;
/*!50503 SET character_set_client = utf8mb4 */;
CREATE TABLE `funcionalidade_perfil` (
  `id_funcionalidade` int(11) NOT NULL,
  `id_perfil` int(11) NOT NULL,
  PRIMARY KEY (`id_funcionalidade`,`id_perfil`),
  KEY `fk_funcionalidade_has_perfil_perfil1` (`id_perfil`),
  KEY `fk_funcionalidade_has_perfil_funcionalidade1` (`id_funcionalidade`),
  CONSTRAINT `fk_funcionalidade_has_perfil_funcionalidade1` FOREIGN KEY (`id_funcionalidade`) REFERENCES `funcionalidade` (`id_funcionalidade`) ON DELETE NO ACTION ON UPDATE NO ACTION,
  CONSTRAINT `fk_funcionalidade_has_perfil_perfil1` FOREIGN KEY (`id_perfil`) REFERENCES `perfil` (`id_perfil`) ON DELETE NO ACTION ON UPDATE NO ACTION
) ENGINE=InnoDB DEFAULT CHARSET=latin1;
/*!40101 SET character_set_client = @saved_cs_client */;

--
-- Dumping data for table `funcionalidade_perfil`
--

LOCK TABLES `funcionalidade_perfil` WRITE;
/*!40000 ALTER TABLE `funcionalidade_perfil` DISABLE KEYS */;
INSERT INTO `funcionalidade_perfil` VALUES (1,1),(2,1),(3,1),(4,1),(5,1),(6,1),(7,1),(8,1),(9,1),(10,1),(11,1),(12,1),(13,1),(14,1),(15,1),(16,1),(17,1),(18,1),(19,1),(20,1),(21,1),(22,1),(23,1),(24,1),(25,1),(26,1),(28,1),(29,1),(30,1),(31,1),(32,1),(33,1),(34,1),(35,1),(36,1),(37,1),(38,1),(39,1),(40,1),(41,1),(42,1),(43,1),(44,1),(45,1),(1,5),(6,5),(10,5),(14,5),(18,5),(22,5),(26,5),(31,5),(35,5),(39,5),(43,5);
/*!40000 ALTER TABLE `funcionalidade_perfil` ENABLE KEYS */;
UNLOCK TABLES;

--
-- Table structure for table `livro`
--

DROP TABLE IF EXISTS `livro`;
/*!40101 SET @saved_cs_client     = @@character_set_client */;
/*!50503 SET character_set_client = utf8mb4 */;
CREATE TABLE `livro` (
  `id_livro` int(11) NOT NULL AUTO_INCREMENT,
  `no_livro` text NOT NULL,
  `nu_exemplar` varchar(10) NOT NULL,
  `dt_cadastro` datetime NOT NULL,
  `st_ativo` tinyint(1) NOT NULL,
  `nu_edicao` varchar(11) DEFAULT NULL,
  `nu_ano` int(11) DEFAULT NULL,
  `no_obs` text,
  `id_editora` int(11) NOT NULL,
  `id_usuario` int(11) NOT NULL,
  `id_origem_livro` int(11) NOT NULL,
  PRIMARY KEY (`id_livro`),
  KEY `fk_livro_editora1` (`id_editora`),
  KEY `fk_livro_usuario1` (`id_usuario`),
  KEY `fk_livro_origem_livro1_idx` (`id_origem_livro`),
  CONSTRAINT `fk_livro_editora1` FOREIGN KEY (`id_editora`) REFERENCES `editora` (`id_editora`) ON DELETE NO ACTION ON UPDATE NO ACTION,
  CONSTRAINT `fk_livro_origem_livro1` FOREIGN KEY (`id_origem_livro`) REFERENCES `origem_livro` (`id_origem_livro`) ON DELETE NO ACTION ON UPDATE NO ACTION,
  CONSTRAINT `fk_livro_usuario1` FOREIGN KEY (`id_usuario`) REFERENCES `usuario` (`id_usuario`) ON DELETE NO ACTION ON UPDATE NO ACTION
) ENGINE=InnoDB AUTO_INCREMENT=1432 DEFAULT CHARSET=latin1;
/*!40101 SET character_set_client = @saved_cs_client */;

--
-- Dumping data for table `livro`
--

LOCK TABLES `livro` WRITE;
/*!40000 ALTER TABLE `livro` DISABLE KEYS */;
INSERT INTO `livro` VALUES (58,'Se as Coisas Fossem Mães','1','2013-08-03 09:55:04',1,'',2009,'',148,1,3),(59,'Os Dez Amigos','1','2013-08-03 09:56:28',1,'1ª',2008,'',117,1,3),(60,'Patativa do Assaré','1','2013-08-03 09:57:57',0,'2ª',2008,'',57,1,3),(61,'Nem Todo Mundo Brinca Assim!','1','2013-08-03 10:01:53',1,'2ª',2007,'',79,1,3),(62,'A Chave do Saber','1','2013-08-03 10:03:12',1,'1ª',1997,'',68,1,3),(63,'A Zeropeia','1','2013-08-03 10:04:24',0,'2ª',1999,'',142,1,3),(64,'A Lição do Semeador','1','2013-08-03 10:05:58',1,'1ª',2009,'',168,1,3),(65,'Os Dois Franciscos','1','2013-08-03 10:07:31',1,'1ª',2010,'',83,1,3),(66,'Manhã - A Menina que Enxergava com os Olhos do Coração','1','2013-08-03 10:09:48',1,'1ª',2007,'',153,1,3),(67,'Era Uma Vez um Menino Travesso','1','2013-08-03 10:13:15',0,'2ª',2006,'',79,1,3),(68,'Gabriel','1','2013-08-03 10:20:14',0,'3ª',2010,'',41,1,3),(69,'Uma Joaninha Diferente','1','2013-08-03 10:22:15',1,'14ª',2008,'',130,1,3),(70,'A Baleia que Fala Feito Gente Grande','1','2013-08-03 10:24:09',0,'1ª',2005,'',61,1,3),(71,'Eram','1','2013-08-03 10:25:20',1,'1ª',2008,'',96,1,3),(72,'Verdes, Azuis e Vermelhinhas','1','2013-08-03 10:26:36',1,'1ª',2009,'',76,1,3),(73,'Tenho Medo mas Dou um Jeito','1','2013-08-03 10:29:27',0,'2ª',1997,'',27,1,3),(74,'As Leis Morais para os Pequeninos - 3ª Lei ','1','2013-08-03 10:31:12',1,'1ª',2004,'',43,1,3),(75,'A Reprodução das Borboletas','1','2013-08-03 10:33:03',1,'1ª',2008,'',149,1,3),(76,'A Formiguinha e a Neve','1','2013-08-03 10:35:55',0,'19ª',2006,'',121,1,3),(77,'Sorriso Alegre','1','2013-08-03 10:37:48',0,'',1994,'',90,1,3),(78,'A Centopéia com cem e a Minhoca sem Pernas','1','2013-08-03 10:39:03',1,'2ª',2006,'',78,1,3),(79,'O Que Eu  Quero','1','2013-08-03 10:40:29',1,'10ª',2008,'',130,1,3),(80,'Toinzinho e Chico Xavier em lindos casos','1','2013-08-03 10:42:03',1,'1ª',2003,'',107,1,3),(81,'Andrezinho -  Matéria - Energia - Vibração','1','2013-08-03 10:46:19',1,'1ª',2006,'',123,1,3),(82,'Histórias que Jesus Contou','1','2013-08-03 10:48:01',0,'15ª',1998,'',107,1,3),(83,'A Vida Fala III','1','2013-08-03 10:50:24',0,'11ª',2006,'',83,1,3),(84,'O Enigma das Mesas que Falam','1','2013-08-03 10:51:28',0,'1ª',2006,'',78,1,3),(85,'Os Dez Mandamentos','1','2013-08-03 10:52:54',1,'4ª',2003,'',107,1,3),(86,'Meu Primeiro Amor','1','2013-08-03 10:54:28',0,'1ª',2010,'',83,1,3),(87,'O Gênio da Lâmpada','1','2013-08-03 10:55:29',0,'7ª',1998,'',83,1,3),(88,'Dorcas, o anjo da caridade','1','2013-08-03 10:56:50',1,'4ª',2006,'',114,1,3),(89,'Cavalhinho de Flores','1','2013-08-03 10:58:05',1,'1ª',2009,'',83,1,3),(90,'Mamíferos','1','2013-08-03 10:59:45',1,'',2008,'',31,1,3),(91,'A Vida Fala II','1','2013-08-03 11:00:43',0,'10ª',2000,'',83,1,3),(92,'O Livro da Paz','1','2013-08-03 11:01:42',1,'5ª',2004,'',129,1,3),(93,'Outra Vez','1','2013-08-03 11:03:58',0,'',2005,'',139,1,3),(94,'Vermelhinho -  O peixinho','1','2013-08-03 11:04:57',1,'2ª',2004,'',78,1,3),(95,'Porque você é você!','1','2013-08-03 11:06:16',1,'1ª',2012,'',41,1,3),(100,'teste chosen','1','2013-08-09 01:34:29',0,'',1989,'',32,1,2),(105,'Uma Viagem Inesquecível','1','2013-08-24 09:44:05',1,'1',2008,'',83,1,3),(106,'Aprenda a Conversar com seu Anjo','1','2013-08-24 09:45:45',1,'1',2007,'',89,1,3),(107,'Andrezinho - Espiritismo em Quadrinhos - Matéria, Energia e Vibração','1','2013-08-24 09:46:41',0,'',0,'',123,1,3),(108,'O Mistério da Cabana','1','2013-08-24 09:49:38',1,'1ª',2011,'',83,1,3),(109,'Como Começa?','1','2013-08-24 09:50:27',0,'3ª',2009,'',42,1,3),(110,'O Casamento da Princesa','1','2013-08-24 09:51:23',1,'1ª',2009,'',135,1,3),(111,'O Poder da Gentileza','1','2013-08-24 09:52:18',1,'1ª',2008,'',83,1,3),(112,'Os Dez Mandamentos-A lei de Deus explicada...','1','2013-08-24 09:58:33',0,'4ª',2003,'',107,1,3),(114,'Poá','1','2013-08-24 10:01:06',0,'1ª',2009,'',19,1,3),(116,'A Galinha e a Pata','1','2013-08-24 10:05:18',1,'',2008,'',143,1,3),(117,'Tem Bicho no Circo','1','2013-08-24 10:07:59',0,'1ª',2009,'',117,1,3),(118,'No Risco do Caracol','1','2013-08-24 10:09:32',1,'',2008,'',29,1,3),(120,'Bichodário','1','2013-08-24 10:12:37',1,'1ª',2008,'',108,1,3),(121,'O Conto e o Encanto de uma Estrela','1','2013-08-24 10:17:51',1,'',0,'',170,1,3),(122,'O Mistério da Caixa Vermelha','1','2013-08-24 10:19:43',1,'',2008,'',51,1,3),(123,'Bem Me Quero Bem Me Querem','1','2013-08-24 10:20:42',1,'1ª',2009,'',51,1,3),(124,'Hoje é Amanhã?','1','2013-08-24 10:21:40',1,'',2005,'',166,1,3),(125,'Longe, Perto do Rio','1','2013-08-24 10:22:24',1,'1ª',2008,'',149,1,3),(126,'Cores','1','2013-08-24 10:23:05',1,'',0,'',18,1,3),(127,'A Caminho da Escola','1','2013-08-24 10:24:07',1,'',0,'',155,1,3),(128,'Nicolau - o menino que pintava sonhos','1','2013-08-24 10:26:46',1,'1ª',2009,'',171,1,3),(130,'Gato de Papel','1','2013-08-24 10:29:20',1,'9ª',2003,'',72,1,3),(131,'Era Uma Vez um Gato Xadrez','1','2013-08-24 10:30:13',1,'',0,'',79,1,3),(132,'Ploc','1','2013-08-24 10:30:55',1,'1ª',2008,'',139,1,3),(133,'Tatus Tranquilos','1','2013-08-24 10:32:43',1,'1ª',2007,'',165,1,3),(134,'Doce Água Doce','1','2013-08-24 10:33:53',1,'1ª',2009,'',118,1,3),(135,'O Patinho Feio','1','2013-08-24 10:35:22',0,'',0,'',158,1,3),(136,'A Abelha Abelhuda','1','2013-08-24 10:36:41',1,'',2006,'',90,1,3),(137,'Rua Jardim, 75','1','2013-08-24 10:37:53',1,'1ª',2008,'',108,1,3),(138,'Um Mundo Sem Livros','1','2013-08-24 10:38:39',0,'1ª',2009,'',83,1,3),(139,'Menino Chico','1','2013-08-24 10:40:23',1,'1ª',2010,'',83,1,3),(140,'Gato Guile','1','2013-08-24 10:41:40',1,'1ª',2008,'',42,1,3),(141,'Uma Criança Gentil','1','2013-08-24 10:44:35',1,'1ª',2009,'',131,1,3),(142,'O Cabelo de Lelê','1','2013-08-24 10:45:47',1,'1ª',2007,'',125,1,3),(143,'O Pica Pau e a Coruja','1','2013-08-24 10:48:06',1,'1ª',2011,'',83,1,3),(144,'Recados do Além','1','2013-08-24 10:49:24',1,'1ª',2008,'',83,1,3),(145,'Evangelho em Casa','1','2013-08-24 10:52:37',0,'8ª',1990,'',83,1,3),(146,'Alegria de Servir','1','2013-08-24 10:53:48',1,'2ª',2003,'',83,1,3),(147,'Aprenda a Conversar com seu Anjo','2','2013-08-24 14:41:54',1,'1',2007,'',89,1,3),(148,'Bingo em Vida Nova para Zé Mutreta','1','2013-08-24 14:47:17',0,'1ª',1989,'',53,1,3),(149,'O Vencedor','1','2013-08-24 14:48:40',0,'1ª',1988,'',110,1,3),(150,'É Melhor Ser Amigo','1','2013-08-24 14:50:10',0,'2ª',1995,'',89,1,3),(151,'A Única Dádiva de Deus','1','2013-08-24 14:51:55',1,'',0,'',78,1,3),(152,'O Jogo do Contrário','1','2013-08-24 14:56:08',1,'1ª',2009,'',27,1,3),(153,'Ensinamentos de Jesus - O Semeador','1','2013-08-24 14:58:32',1,'',2001,'',63,1,3),(154,'Respeito é Bom e Faz Bem','1','2013-08-24 15:00:29',1,'8ª',2010,'',156,1,3),(155,'Estatutos de um Novo Mundo para Crianças','1','2013-08-24 15:01:46',1,'2ª',2006,'',33,1,3),(156,'O Beija-Flor-de-Topete','1','2013-08-24 15:03:11',1,'6ª',2006,'',35,1,3),(157,'Aves','1','2013-08-24 15:04:37',1,'',2008,'',31,1,3),(158,'A Paisagem','1','2013-08-24 15:05:48',1,'1ª',2008,'',90,1,3),(159,'Viva a Diferença','1','2013-08-24 15:06:38',0,'6ª',2006,'',131,1,3),(160,'O Remédio Imprevisto','1','2013-08-24 15:08:21',1,'1ª',2007,'',83,1,3),(161,'Animas da Savana','1','2013-08-24 15:11:52',1,'1ª',2008,'',108,1,3),(162,'Os Amigos das Flores','1','2013-08-24 15:13:44',0,'1ª',2008,'',48,1,3),(163,'Adeus, fraldas,adeus','1','2013-08-24 15:16:24',0,'',2003,'',79,1,3),(164,'O Menino que Via com as Mãos','1','2013-08-24 15:18:39',1,'5ª',2007,'',130,1,3),(165,'Aprendendo a Voar','1','2013-08-24 15:21:18',1,'3ª',2012,'',83,1,3),(166,'Aprendendo a Voar','2','2013-08-24 15:21:53',0,'3ª',2012,'',83,1,3),(167,'Aprendendo a Voar','3','2013-08-24 15:22:02',0,'3ª',2012,'',83,1,3),(168,'Pirata de Palavras','1','2013-08-24 15:23:43',1,'1ª',2008,'',62,1,3),(169,'O Quadrado','1','2013-08-24 15:24:52',0,'1ª',2009,'',135,1,3),(171,'Sabe quem Sou?','1','2013-08-24 15:26:05',1,'1ª',2008,'',121,1,3),(172,'Betina','1','2013-08-24 15:27:11',1,'',2009,'',116,1,3),(173,'O Sanduíche da Maricota','1','2013-08-24 15:28:13',1,'1ª',2009,'',160,1,3),(174,'O Sapato que Miava','1','2013-08-24 15:29:13',1,'',2007,'',90,1,3),(175,'Os Bichos','1','2013-08-24 15:32:34',0,'1ª',2009,'',61,1,3),(176,'O Maior Dos Presentes- A História do Outro Rei Mago','1','2013-08-24 15:35:37',0,'1ª',2006,'',27,1,3),(177,'Dez Patinhos','1','2013-08-24 15:38:37',1,'',2010,'',49,1,3),(178,'Música','1','2013-08-24 15:42:35',1,'1ª',2008,'',79,1,3),(179,'Lulu Adora a Biblioteca','1','2013-08-24 15:47:15',1,'1ª',2012,'',128,1,3),(180,'Ensinamentos de Jesus - O Bom Samaritano','1','2013-08-24 15:48:25',0,'',2001,'',63,1,3),(181,'A Vuagem de Tamar','1','2013-08-25 00:18:02',0,'4ª',2009,'',72,1,3),(182,'Alegria de Servir','2','2013-08-25 00:19:34',0,'2ª',2003,'sem livro',83,1,3),(183,'Alegria de Servir','3','2013-08-25 00:20:03',1,'2ª',2003,'',83,1,3),(184,'A Volta de Mariana','1','2013-08-25 00:23:17',1,'1ª',2008,'sem livro',83,1,3),(185,'A Volta de Mariana','2','2013-08-25 00:23:48',0,'1ª',2008,'sem livro',83,1,3),(186,'A Volta de Mariana','3','2013-08-25 00:24:01',0,'1ª',2008,'',83,1,3),(187,'Seara Infantil','1','2013-08-25 00:25:36',0,'5ª',1990,'sem livro',83,1,3),(188,'Seara Infantil','2','2013-08-25 00:26:12',0,'5ª',1990,'',83,1,3),(189,'Brinquedos','1','2013-08-25 00:29:31',1,'',0,'',124,1,3),(190,'Menino Chico','2','2013-08-25 00:29:52',0,'1ª',2010,'sem livro',83,1,3),(191,'Menino Chico','3','2013-08-25 00:30:04',1,'1ª',2010,'',83,1,3),(192,'A Semente da Verdade','1','2013-08-25 00:32:22',1,'1ª',2010,'sem livro',117,1,3),(193,'A Semente da Verdade','2','2013-08-25 00:33:03',1,'1ª',2010,'',117,1,3),(194,'A Vovó Sabe Tudo','1','2013-08-25 00:37:02',0,'5ª',2007,'sem livro',82,1,3),(195,'A Vovó Sabe Tudo','2','2013-08-25 00:37:41',0,'5ª',2007,'sem livro',82,1,3),(196,'A Vovó Sabe Tudo','3','2013-08-25 00:38:10',1,'5ª',2007,'',82,1,3),(197,'Um Mundo Sem Livros','2','2013-08-25 00:39:38',0,'1ª',2009,'sem livro',83,1,3),(198,'Um Mundo Sem Livros','3','2013-08-25 00:39:50',0,'1ª',2009,'',83,1,3),(199,'O Mensageiro das Boas Notícias','1','2013-08-25 00:41:51',1,'1ª',2006,'sem livro',83,1,3),(200,'O Mensageiro das Boas Notícias','2','2013-08-25 00:42:51',1,'1ª',2006,'',83,1,3),(201,'A Vida Fala III','2','2013-08-25 00:43:11',0,'11ª',2006,'sem livro',83,1,3),(202,'A Vida Fala III','3','2013-08-25 00:43:23',0,'11ª',2006,'sem livro',83,1,3),(203,'A Vida Fala III','4','2013-08-25 00:43:33',0,'11ª',2006,'sem livro',83,1,3),(204,'A Vida Fala III','5','2013-08-25 00:43:42',0,'11ª',2006,'sem livro',83,1,3),(205,'A Vida Fala III','6','2013-08-25 00:44:19',0,'11ª',2006,'',83,1,3),(206,'Mensagem do Pequeno Morto - A Grande Viagem','1','2013-08-25 00:46:11',0,'9ª',2005,'sem livro',83,1,3),(208,'Mensagem do Pequeno Morto - A Grande Viagem','2','2013-08-25 00:49:12',0,'9ª',2005,'sem livro',83,1,3),(209,'Mensagem do Pequeno Morto - A Grande Viagem','3','2013-08-25 00:49:20',1,'9ª',2005,'sem livro',83,1,3),(210,'Mensagem do Pequeno Morto - A Grande Viagem','4','2013-08-25 00:49:31',0,'9ª',2005,'',83,1,3),(211,'Evangelho em Casa','2','2013-08-25 00:50:15',0,'8ª',1990,'sem livro',83,1,3),(212,'Evangelho em Casa','3','2013-08-25 00:50:30',0,'8ª',1990,'sem livro',83,1,3),(213,'Evangelho em Casa','4','2013-08-25 00:50:40',0,'8ª',1990,'',83,1,3),(214,'O Primeiro Donativo','1','2013-08-25 00:52:35',0,'3ª',1992,'sem livro',83,1,3),(215,'O Primeiro Donativo','2','2013-08-25 00:52:59',0,'3ª',1992,'sem livro',83,1,3),(216,'O Primeiro Donativo','3','2013-08-25 00:54:07',0,'3ª',1992,'sem livro',83,1,3),(217,'O Primeiro Donativo','4','2013-08-25 00:54:21',0,'3ª',1992,'',83,1,3),(218,'Escuta Meu Filho!','1','2013-08-25 00:55:34',0,'2ª',2003,'sem livro',107,1,3),(219,'Escuta Meu Filho!','2','2013-08-25 00:55:57',1,'2ª',2003,'',107,1,3),(220,'O Rei Cansado','1','2013-08-26 00:26:06',1,'1ª',2005,'sem livro',83,1,3),(221,'O Rei Cansado','2','2013-08-26 00:26:33',0,'1ª',2005,'',83,1,3),(222,'A Vitória de Nélio','1','2013-08-26 00:28:20',1,'1ª',2008,'sem livro',83,1,3),(223,'A Vitória de Nélio','2','2013-08-26 00:28:39',1,'1ª',2008,'',83,1,3),(224,'Um Sonho Fantástico','1','2013-08-26 00:29:38',0,'1ª',2008,'sem livro',83,1,3),(225,'Um Sonho Fantástico','2','2013-08-26 00:29:54',0,'1ª',2008,'sem livro',83,1,3),(226,'Um Sonho Fantástico','3','2013-08-26 00:30:06',0,'1ª',2008,'sem livro',83,1,3),(227,'Um Sonho Fantástico','4','2013-08-26 00:31:56',0,'1ª',2008,'',83,1,3),(228,'Cartilha do Bem','1','2013-08-26 00:33:31',0,'3ª',2007,'sem livro',83,1,3),(229,'Cartilha do Bem','2','2013-08-26 00:33:55',0,'3ª',2007,'sem livro',83,1,3),(230,'Cartilha do Bem','3','2013-08-26 00:34:03',0,'3ª',2007,'sem livro',83,1,3),(231,'Cartilha do Bem','4','2013-08-26 00:34:11',0,'3ª',2007,'sem livro',83,1,3),(232,'Cartilha do Bem','5','2013-08-26 00:34:19',0,'3ª',2007,'sem livro',83,1,3),(233,'Cartilha do Bem','6','2013-08-26 00:34:27',0,'3ª',2007,'sem livro',83,1,3),(234,'Cartilha do Bem','7','2013-08-26 00:34:35',1,'3ª',2007,'sem livro',83,1,3),(235,'Cartilha do Bem','8','2013-08-26 00:34:42',1,'3ª',2007,'sem livro',83,1,3),(236,'Cartilha do Bem','9','2013-08-26 00:35:17',1,'3ª',2007,'',83,1,3),(237,'O Menino que Espiava pra Dentro','1','2013-08-26 00:40:12',0,'2ª',2008,'sem livro',96,1,3),(238,'O Menino que Espiava pra Dentro','2','2013-08-26 00:40:29',0,'2ª',2008,'',96,1,3),(239,'Dolores Dolorida','1','2013-08-29 10:41:10',1,'',0,'sem livro',114,1,3),(240,'Uma Viagem Inesquecível','2','2013-08-29 10:42:47',1,'1',2008,'sem livro',83,1,3),(241,'Uma Viagem Inesquecível','3','2013-08-29 10:42:57',1,'1',2008,'sem livro',83,1,3),(242,'Fisher Price','1','2013-08-29 10:45:37',0,'',0,'sem livro',86,1,3),(243,'Macaco Danado','1','2013-08-29 10:51:59',1,'',0,'sem livro',48,1,3),(244,'O Papagaio que Falava Latim','1','2013-08-29 10:53:32',1,'',0,'sem livro',83,1,3),(245,'O Maior Brejo do Mundo','1','2013-08-29 11:07:03',0,'',0,'sem livro',83,1,3),(246,'O Maior Brejo do Mundo','2','2013-08-29 11:07:24',1,'',NULL,'sem livro',83,1,3),(247,'Brincar com Arte- Massinha de Farinha','1','2013-08-29 11:08:57',0,'',0,'sem livro',50,1,3),(248,'Ruivão, o Lobo Bom','1','2013-08-29 11:10:40',1,'',0,'sem livro',109,1,3),(249,'Aprendendo Números na Fazenda - Livro Holográfico','1','2013-08-29 11:13:32',0,'',0,'sem livro',158,1,3),(250,'Menina Bonita do Laço de Fita','1','2013-08-29 11:14:59',1,'',0,'sem livro',27,1,3),(251,'Um Zoológico de Papel','1','2013-08-29 11:16:51',0,'',0,'sem livro',90,1,3),(252,'Bom Louro','1','2013-08-29 11:23:33',1,'',0,'sem livro',83,1,3),(253,'Bom Louro','2','2013-08-29 11:27:51',0,'',NULL,'sem livro',83,1,3),(254,'Bom Louro','3','2013-08-29 11:27:59',0,'',NULL,'sem livro',83,1,3),(255,'Bom Louro','4','2013-08-29 11:28:06',0,'',NULL,'sem livro',83,1,3),(256,'O Ratinho e os Opostos','1','2013-08-29 11:37:41',0,'',0,'sem livro',117,1,3),(257,'Sapo Com Medo d Água','1','2013-08-29 11:39:57',0,'',0,'sem livro',162,1,3),(258,'Palavrão - Smilingüido','1','2013-08-29 11:44:13',0,'',0,'sem livro',83,1,3),(259,'Animais','1','2013-08-29 11:45:43',1,'',0,'sem livro',139,1,3),(260,'Baby Zoo - Baby Elefante em: Tudo Tem Hora Certa','1','2013-08-29 11:47:13',0,'',0,'sem livro',101,1,3),(261,'Antevéspera de Natal','1','2013-08-29 13:00:15',1,'',0,'sem livro',83,1,3),(262,'Bellinha e a Lagarta Bernadete','1','2013-08-29 13:01:55',1,'',0,'sem livro',83,1,3),(263,'Uma História do Mundo Espiritual','1','2013-08-29 13:04:11',0,'',0,'sem livro',83,1,3),(266,'O Coelhinho Mexe-Mexe','1','2013-08-29 13:15:24',1,'',0,'sem livro',83,1,3),(267,'Rub, O Osso','1','2013-08-29 13:19:17',0,'',0,'sem livro',83,1,3),(268,'O Trânsito no Mundinho','1','2013-08-29 13:24:35',1,'',0,'sem livro',34,1,3),(269,'De Olho na Amazônia','1','2013-08-29 13:26:10',1,'',0,'sem livro',56,1,3),(270,'O Espelho do Sentimento','1','2013-08-29 13:27:13',0,'',0,'sem livro',83,1,3),(271,'O Trenzinho do Nicolau','1','2013-08-29 13:35:17',1,'',0,'sem livro',142,1,3),(272,'Rápido como um Gafanhoto','1','2013-08-29 13:38:16',1,'',0,'sem livro',41,1,3),(273,'Aves do Sertão','1','2013-08-29 13:58:20',1,'2',2010,'',57,1,3),(274,'Viagem a vapor','1','2013-08-29 14:01:06',1,'',0,'sem livro',19,1,3),(275,'O Homem que Amava Caixas','1','2013-08-29 14:05:14',1,'',0,'sem livro',41,1,3),(276,'O Burrinho Inteligente!','1','2013-08-29 14:06:43',0,'',0,'sem livro',84,1,3),(277,'A Conchinha Falante','1','2013-08-29 14:07:56',1,'',0,'sem livro',83,1,3),(278,'A Conchinha Falante','2','2013-08-29 14:08:12',0,'',NULL,'sem livro',83,1,3),(279,'A Conchinha Falante','3','2013-08-29 14:08:18',0,'',NULL,'sem livro',83,1,3),(280,'O Peixinho e o Rio','1','2013-08-29 14:10:28',0,'',0,'sem livro',83,1,3),(281,'Combustível para o Corpo','1','2013-08-29 14:11:57',0,'',0,'sem livro',79,1,3),(282,'Um Bebê em forma de Gente','1','2013-08-29 14:22:09',0,'',0,'sem livro',117,1,3),(283,'Questão de Jeito','1','2013-08-29 14:23:25',1,'',0,'sem livro',167,1,3),(284,'A História do Quadradinho','1','2013-08-29 14:24:34',0,'',0,'sem livro',22,1,3),(285,'Saia Dessa, Mano Pira!','1','2013-08-29 14:25:42',1,'',0,'sem livro',139,1,3),(286,'Amizade custa Pouco','1','2013-08-29 14:28:02',0,'',0,'sem livro',119,1,3),(287,'Formas','1','2013-08-29 14:31:46',0,'',0,'sem livro',18,1,3),(288,'Estou em Forma?','1','2013-08-29 14:35:35',1,'',0,'sem livro',144,1,3),(289,'O Rei Cansado','3','2013-08-29 14:36:59',1,'1ª',2005,'sem livro',83,1,3),(290,'O Rei Cansado','4','2013-08-29 14:37:06',0,'1ª',2005,'sem livro',83,1,3),(291,'O Rei Cansado','5','2013-08-29 14:37:13',1,'1ª',2005,'sem livro',83,1,3),(292,'O Rei Cansado','6','2013-08-29 14:37:20',0,'1ª',2005,'sem livro',83,1,3),(293,'O Rei Cansado','7','2013-08-29 14:37:27',0,'1ª',2005,'sem livro',83,1,3),(294,'O Peixinho Azul','1','2013-08-29 14:45:47',0,'',0,'sem livro',83,1,3),(295,'O Peixinho Azul','2','2013-08-29 14:46:16',0,'',NULL,'sem livro',83,1,3),(296,'O Peixinho Azul','3','2013-08-29 14:46:28',0,'',NULL,'sem livro',83,1,3),(297,'O Peixinho Azul','4','2013-08-29 14:46:34',0,'',NULL,'sem livro',83,1,3),(298,'O Peixinho Azul','5','2013-08-29 14:46:40',0,'',NULL,'sem livro',83,1,3),(299,'O Peixinho Azul','6','2013-08-29 14:46:46',1,'',NULL,'sem livro',83,1,3),(300,'Olhos Para Ver o que Deus Faz','1','2013-08-29 14:49:38',1,'',0,'sem livro',64,1,3),(301,'Krokô e Galinhola - Um conto africano por Maté','1','2013-08-29 14:50:47',0,'',0,'sem livro',41,1,3),(302,'Surpresa no Campo - O Grilo Pula-Pula','1','2013-08-29 14:52:11',0,'',0,'sem livro',83,1,3),(303,'Surpresa no Campo - O Grilo Pula-Pula','2','2013-08-29 14:52:27',0,'',NULL,'sem livro',83,1,3),(304,'Surpresa no Campo - O Grilo Pula-Pula','3','2013-08-29 14:52:34',0,'',NULL,'sem livro',83,1,3),(305,'O Coelhinho Teobaldo','1','2013-08-29 14:54:46',0,'',0,'sem livro',158,1,3),(306,'Adivinha Quanto EU TE AMO','1','2013-08-29 14:56:26',0,'',0,'sem livro',46,1,3),(307,'Cadê','1','2013-08-29 14:58:48',0,'',0,'sem livro',96,1,3),(308,'Eu Amo Aranhas','1','2013-08-29 15:00:19',0,'',0,'sem livro',45,1,3),(309,'O Redondo','1','2013-08-29 15:09:01',1,'',0,'sem livro\n',135,1,3),(310,'Bem Me Quer, Bem Me Quer','1','2013-08-29 15:10:36',0,'',0,'sem livro',83,1,3),(311,'Bem Me Quer, Bem Me Quer','2','2013-08-29 15:10:58',0,'',NULL,'sem livro',83,1,3),(312,'Camila Não Quer Emprestar Seus Brinquedos','1','2013-08-29 15:12:28',1,'',0,'sem livro',108,1,3),(313,'Marley, o Cãozinho Trapalhão','1','2013-08-29 15:49:19',0,'',0,'sem livro',61,1,3),(314,'Você Sabia?','1','2013-08-29 15:51:02',0,'',2010,'sem livro',35,1,1),(315,'Surpresas!','1','2013-08-29 15:52:39',0,'',0,'sem livro',27,1,3),(316,'Surpresas!','2','2013-08-29 15:53:05',0,'',NULL,'sem livro',27,1,3),(317,'Surpresas!','3','2013-08-29 15:53:12',0,'',NULL,'sem livro',27,1,3),(318,'Olhe o Desperdício, Coelho Felício','1','2013-08-29 15:54:32',1,'',0,'sem livro',126,1,3),(319,'A Arca de Noé','1','2013-08-29 15:56:22',1,'',0,'sem livro',49,1,3),(320,'Sabe quem Sou?','2','2013-08-29 16:02:33',0,'1ª',2008,'sem livro',121,1,3),(321,'Sabe quem Sou?','3','2013-08-29 16:02:44',0,'1ª',2008,'sem livro',121,1,3),(322,'Onde existe amor, Deus aí está','1','2013-08-30 20:15:12',1,'1',2008,'',130,4,2),(323,'Melhores Amigas','1','2013-08-30 23:30:41',0,'1',2006,'',165,4,1),(324,'As cores do amor','1','2013-08-30 23:33:04',1,'1',2007,'',111,4,1),(325,'Valores para a vida toda generosidade','1','2013-08-30 23:34:26',1,'1',1998,'',36,4,1),(326,'Valentina','1','2013-08-30 23:37:40',1,'1',2007,'',92,4,1),(329,'O livro da família','1','2013-08-30 23:42:17',1,'1',2009,'',129,4,1),(330,'Ser gente é bom','1','2013-08-30 23:43:15',1,'1',2009,'',106,4,1),(333,'Seja delicado com os pequenos','1','2013-08-30 23:49:23',0,'1',0,'',172,4,1),(335,'Guilherme Augusto Araújo Fernandes','1','2013-08-30 23:52:36',1,'1',1995,'',41,4,1),(336,'Tudo bem ser diferente','1','2013-08-30 23:53:31',0,'1',2002,'',129,4,1),(337,'Cadê Clarisse','1','2013-08-30 23:54:22',1,'1',2004,'',60,4,1),(338,'A lenda da felicidade','1','2013-08-30 23:55:30',1,'1',2008,'',111,4,1),(339,'Para onde pulou a pulga','1','2013-08-30 23:56:32',1,'1',2008,'',115,4,1),(340,'A Vitória de Nélio','3','2013-08-31 10:08:44',1,'1ª',2008,'',83,1,3),(341,'A Vitória de Nélio','4','2013-08-31 10:08:56',0,'1ª',2008,'',83,1,3),(342,'O Amigo do Rei','1','2013-08-31 10:10:10',1,'9ª',2009,'',142,1,3),(343,'Se um dia eu for embora','1','2013-08-31 10:11:45',1,'1ª',2008,'',29,1,3),(344,'Gato Viriato','1','2013-08-31 10:13:04',1,'1ª',2009,'',65,1,3),(345,'O Cavalinho Sonhador','1','2013-08-31 10:14:24',1,'2ª',1988,'',119,1,3),(346,'O Valor de Cada Um','1','2013-08-31 10:15:59',0,'',2008,'',90,1,3),(347,'O Rabo do Gato','1','2013-08-31 10:18:12',0,'23ª',2005,'',27,1,3),(348,'Pequenas Lições - Perdoar, Sempre!!!','1','2013-09-04 16:48:45',0,'',0,'sem livro',152,1,3),(349,'O Caminho','1','2013-09-04 16:54:11',0,'',0,'sem livro',83,1,3),(350,'Valores Para a Vida Toda - Honestidade','1','2013-09-04 16:56:23',0,'',0,'sem livro',36,1,3),(351,'O Tatu Cavaleiro','1','2013-09-04 16:57:30',0,'',0,'sem livro',83,1,3),(352,'O Tatu Cavaleiro','2','2013-09-04 16:58:02',0,'',NULL,'sem livro',83,1,3),(353,'Os Pintinhos de Beatriz','1','2013-09-04 16:59:50',0,'',0,'sem livro',83,1,3),(354,'Pai Nosso','1','2013-09-04 17:03:12',0,'',0,'sem lirvo',83,1,3),(355,'Pai Nosso','2','2013-09-04 17:03:28',0,'',NULL,'sem lirvo',83,1,3),(356,'Pai Nosso','3','2013-09-04 17:03:34',1,'',NULL,'sem lirvo',83,1,3),(357,'A Gotinha de Orvalho','1','2013-09-04 17:39:12',1,'2',1998,'',146,1,3),(358,'O Coelhinho Mexe-Mexe','2','2013-09-04 17:40:55',0,'',NULL,'sem livro',83,1,3),(359,'Romeu, o Porquinho Carteiro','1','2013-09-04 17:42:16',0,'',0,'sem livro',97,1,3),(360,'A História do Quadradinho','2','2013-09-04 17:44:06',1,'',2008,'sem livro',22,1,3),(361,'O Grilo Perneta','1','2013-09-05 00:22:10',0,'',0,'sem livro',83,1,3),(362,'O Grilo Perneta','2','2013-09-05 00:22:29',0,'',NULL,'sem livro',83,1,3),(363,'Dois Olhinhos - O Menino que Veio das Estrelas','1','2013-09-05 00:26:40',1,'2',2009,'',78,1,3),(364,'Fugindo Para Viver','1','2013-09-05 00:41:03',1,'',0,'sem livro',83,1,3),(365,'Fugindo Para Viver','2','2013-09-05 00:41:23',1,'',NULL,'sem livro',83,1,3),(366,'Fugindo Para Viver','3','2013-09-05 00:41:30',1,'',NULL,'sem livro',83,1,3),(367,'O Peixinho Azul','7','2013-09-05 00:43:50',0,'',NULL,'sem livro',83,1,3),(368,'O Filho Pródigo','1','2013-09-05 00:46:08',1,'',0,'sem livro',83,1,3),(369,'A Revolta dos Livrinhos','1','2013-09-05 00:58:37',1,'',0,'sem livro',67,1,3),(370,'123','1','2013-09-05 01:02:00',0,'',0,'sem livro',18,1,3),(371,'Folha','1','2013-09-05 01:03:53',1,'',0,'sem livro',41,1,3),(372,'A Vida Fala I','1','2013-09-05 01:06:14',0,'',0,'sem livro',83,1,3),(373,'A Vida Fala I','2','2013-09-05 01:06:36',0,'',NULL,'sem livro',83,1,3),(374,'A Vida Fala I','3','2013-09-05 01:06:45',0,'',NULL,'sem livro',83,1,3),(375,'A Vida Fala I','4','2013-09-05 01:06:51',0,'',NULL,'sem livro',83,1,3),(376,'A Vida Fala I','5','2013-09-05 01:06:58',0,'',NULL,'sem livro',83,1,3),(377,'O Menino, o Jabuti e o Menino','1','2013-09-05 01:09:27',1,'',0,'sem livro',129,1,3),(378,'O Gênio da Lâmpada','2','2013-09-05 01:22:00',0,'7ª',1998,'sem livro',83,1,3),(379,'O Tesouro das Virtudes para Crianças 2','1','2013-09-05 01:23:22',1,'7',2000,'',127,1,3),(380,'Nem sorte nem azar. Pé de laranja, laranja dá.','1','2013-09-05 01:25:24',0,'',0,'sem livro',158,1,3),(381,'A Vida da Formiga','1','2013-09-05 12:39:09',1,'1ª',2006,'',87,1,3),(382,'O Peixinho e o Rio','2','2013-09-05 12:41:05',1,'',NULL,'sem livro',83,1,3),(384,'O Remédio Imprevisto','2','2013-09-05 12:55:39',1,'1ª',2007,'sem livro',83,1,3),(385,'A Espera','1','2013-09-05 12:56:56',0,'',0,'sem livro',42,1,3),(386,'Rápido como um Gafanhoto','2','2013-09-05 13:08:40',1,'',NULL,'sem livro',41,1,3),(387,'Contagem Regressiva','1','2013-09-05 13:10:57',1,'',0,'sem livro',41,1,3),(388,'Anton Sabe Fazer Mágica','1','2013-09-05 13:12:45',1,'',0,'sem livro',173,1,3),(389,'Amanhecer na Roça','1','2013-09-05 13:13:56',1,'',0,'sem livro',72,1,3),(390,'10 Coisas que eu Posso Fazer para Ajudar Meu Planeta','1','2013-09-05 14:42:09',0,'',0,'sem livro',18,1,3),(391,'O Tatu Cavaleiro','3','2013-09-05 14:44:28',1,'',NULL,'sem livro',83,1,3),(392,'O Livro dos Sentimentos','1','2013-09-06 10:43:56',0,'',0,'sem livro',129,1,3),(393,'O Poder da Gentileza','2','2013-09-06 16:00:22',0,'1ª',2008,'sem livro',83,1,3),(394,'O Poder da Gentileza','3','2013-09-06 16:00:31',1,'1ª',2008,'sem livro',83,1,3),(395,'Uma Amiga Diferente','1','2013-09-06 16:03:52',0,'',0,'sem livro',45,1,3),(397,'Meu Avô Desencarnou','1','2013-09-06 16:18:40',1,'',0,'sem livro',83,1,3),(398,'Meu Avô Desencarnou','2','2013-09-06 16:19:00',1,'',NULL,'sem livro',83,1,3),(399,'Histórias que Jesus Contou','2','2013-09-06 16:47:21',1,'15ª',1998,'sem livro',107,1,3),(400,'Que Febre de Mosquito!','1','2013-09-06 16:53:25',0,'',0,'sem livro',73,1,3),(401,'Pula, Gato!','1','2013-09-06 17:09:45',1,'1ª',2010,'',144,1,3),(402,'Japonesinhos','1','2013-09-06 17:15:36',1,'',0,'sem livro',134,1,3),(403,'Beijinho Beija - Flor','1','2013-09-07 00:17:28',0,'',0,'sem livro',83,1,3),(404,'Beijinho Beija - Flor','2','2013-09-07 00:17:46',1,'',NULL,'sem livro',83,1,3),(405,'O Tatu Cavaleiro','4','2013-09-07 00:32:40',1,'',NULL,'sem livro',83,1,3),(406,'Os Milagres de Jesus - Historietas para a Infância','1','2013-09-07 00:34:16',1,'',0,'sem livro',83,1,3),(407,'Borboletas','1','2013-09-07 01:04:22',1,'',0,'sem livro',123,1,3),(408,'A Gotinha de Orvalho','2','2013-09-07 01:05:55',0,'',NULL,'sem livro',83,1,3),(409,'A Estrela Encantada','1','2013-09-07 01:07:15',0,'',0,'sem livro',52,1,3),(410,'A Volta de Mariana','4','2013-09-07 01:09:11',0,'1ª',2008,'sem livro',83,1,3),(411,'A Volta de Mariana','5','2013-09-07 01:09:24',1,'1ª',2008,'sem livro',83,1,3),(412,'O Passeio da Estrelinha Azul: Caridade','1','2013-09-07 10:46:36',0,'',2005,'',174,1,1),(413,'O Coelhinho Mexe-Mexe','3','2013-09-07 10:46:56',1,'',NULL,'',83,1,3),(414,'O Sonho de Carolina: Colaboração','1','2013-09-07 10:55:04',0,'1ª',2004,'',174,1,1),(415,'A Fuga do Zé: O Valor da Oração','1','2013-09-07 10:56:31',1,'1ª',2003,'',174,1,1),(416,'O Gatinho Mimoso: Alimentação','1','2013-09-07 10:57:35',1,'',2003,'',174,1,1),(417,'O Biscoitão: Providência Divina','1','2013-09-07 10:58:31',1,'',2004,'',174,1,1),(418,'Bingo em Vida Nova para Zé Mutreta','2','2013-09-07 17:37:37',0,'1ª',1989,'sem livro',53,1,3),(419,'A Diversão vai à Escola','1','2013-09-07 17:47:19',0,'',0,'sem livro',122,1,3),(420,'Vamos Brincar de Escola?','1','2013-09-07 17:51:26',1,'',0,'sem livro',142,1,3),(421,'Ensinamentos de Jesus- O Milagre Dos Pães e Peixes','1','2013-09-07 17:53:19',1,'',0,'sem livro',63,1,3),(422,'O Caso da Lagarta Que Tomou Chá de Sumiço','1','2013-09-07 18:00:41',1,'',0,'sem livro',41,1,3),(423,'Chapeuzinho Amarelo','1','2013-09-09 12:58:50',0,'',0,'sem livro',104,1,3),(424,'Chapeuzinho Amarelo','2','2013-09-09 12:59:10',0,'',NULL,'sem livro',104,1,3),(425,'Girafafá Girafafinha','1','2013-09-09 23:53:59',0,'',0,'sem livro',145,1,3),(426,'Os Atletas','1','2013-09-10 00:25:19',0,'',0,'sem livro',61,1,3),(427,'Os Filhos do Grande Rei','1','2013-09-10 01:20:38',0,'',0,'sem livro',83,1,3),(428,'Os Filhos do Grande Rei','2','2013-09-10 01:20:59',0,'',NULL,'sem livro',83,1,3),(429,'Os Filhos do Grande Rei','3','2013-09-10 01:21:08',0,'',NULL,'sem livro',83,1,3),(430,'Paulo e Estevão Para Jovens Leitores','1','2013-09-13 11:22:30',1,'',0,'sem livro',83,1,3),(431,'Paulo e Estevão Para Jovens Leitores','2','2013-09-13 11:22:52',1,'',NULL,'sem livro',83,1,3),(432,'Os Dois Franciscos','2','2013-09-13 11:30:28',1,'1ª',2010,'',83,1,3),(433,'O Primeiro Donativo','5','2013-09-13 11:36:29',0,'3ª',1992,'sem livro',83,1,3),(434,'O Primeiro Donativo','6','2013-09-13 11:36:36',0,'3ª',1992,'sem livro',83,1,3),(435,'Luna e os Óculos','1','2013-09-13 11:38:40',1,'',0,'sem livro',26,1,3),(436,'Evangelho em Casa','5','2013-09-14 21:42:18',1,'8ª',1990,'sem livro',83,1,3),(437,'Mensagem do Pequeno Morto - A Grande Viagem','5','2013-09-14 21:46:04',0,'9ª',2005,'sem livro',83,1,3),(438,'O Caminho Oculto','1','2013-09-14 21:56:29',0,'',0,'sem livro',83,1,3),(439,'O Caminho Oculto','2','2013-09-14 21:56:51',0,'',NULL,'sem livro',83,1,3),(440,'Alvorada Cristã','1','2013-09-14 22:21:02',1,'',0,'semlivro',83,1,3),(441,'Mensagem do Pequeno Morto - A Grande Viagem','6','2013-09-15 16:32:36',1,'9ª',2005,'sem livro',83,1,3),(442,'História de Catarina','1','2013-09-15 16:35:35',1,'',0,'sem livro',28,1,3),(443,'História de Catarina','2','2013-09-15 16:41:43',2,'',NULL,'sem livro',28,1,3),(444,'Os Filhos do Grande Rei','4','2013-09-15 16:43:48',0,'',NULL,'sem livro',83,1,3),(445,'Os Filhos do Grande Rei','5','2013-09-15 16:43:58',0,'',NULL,'sem livro',83,1,3),(446,'Os Filhos do Grande Rei','6','2013-09-15 16:44:04',0,'',NULL,'sem livro',83,1,3),(447,'Os Filhos do Grande Rei','7','2013-09-15 16:44:11',0,'',NULL,'sem livro',83,1,3),(448,'Os Filhos do Grande Rei','8','2013-09-15 16:44:17',0,'',NULL,'sem livro',83,1,3),(449,'O Rei Sete Palmos','1','2013-09-15 16:48:38',1,'',0,'sem livro',114,1,3),(450,'Perdoar - É Melhor para Seu Coração','1','2013-09-15 16:50:35',1,'',0,'sem livro',156,1,3),(451,'O Guarda - Chuva do Vovô','1','2013-09-15 16:52:18',0,'',0,'sem livro',60,1,3),(452,'Simão Cirineu','1','2013-09-15 16:53:55',1,'',0,'sem livro',114,1,3),(453,'Uma História do Mundo Espiritual','1','2013-09-15 21:38:20',1,'',2008,'',83,1,1),(454,'Docemel - A Abelha que não acreditava em Deus','1','2013-09-15 21:40:57',1,'2',2002,'sem livro',83,1,3),(455,'Docemel - A Abelha que não acreditava em Deus','2','2013-09-15 21:41:43',0,'2',2002,'sem livro',83,1,3),(456,'O Caminho Oculto','3','2013-09-15 22:03:19',0,'',NULL,'sem livro',83,1,3),(457,'O Caminho Oculto','4','2013-09-15 22:03:29',0,'',NULL,'sem livro',83,1,3),(458,'O Caminho Oculto','5','2013-09-15 22:03:36',0,'',NULL,'sem livro',83,1,3),(459,'O Caminho Oculto','6','2013-09-15 22:03:45',0,'',NULL,'sem livro',83,1,3),(460,'O Caminho Oculto','7','2013-09-15 22:03:57',0,'',NULL,'sem livro',83,1,3),(461,'O Caminho Oculto','8','2013-09-15 22:04:05',0,'',NULL,'sem livro',83,1,3),(462,'O Caminho Oculto','9','2013-09-15 22:04:35',0,'',NULL,'sem livro',83,1,3),(463,'O Caminho Oculto','10','2013-09-15 22:04:42',0,'',NULL,'sem livro',83,1,3),(464,'Crianças no Além','1','2013-09-15 23:31:12',1,'',0,'sem livro',93,1,3),(465,'Crianças no Além','2','2013-09-15 23:31:30',0,'',NULL,'sem livro',93,1,3),(466,'O Pequeno Príncipe','1','2013-09-15 23:33:34',1,'',0,'sem livro',127,1,3),(467,'Saí da Toca amigo!','1','2013-09-15 23:39:12',1,'',0,'sem livro',72,1,3),(468,'O Papagaio que Falava Latim','2','2013-09-15 23:41:43',0,'',NULL,'sem livro',83,1,3),(469,'O Papagaio que Falava Latim','3','2013-09-15 23:41:49',0,'',NULL,'sem livro',83,1,3),(470,'O Papagaio que Falava Latim','4','2013-09-15 23:41:56',0,'',NULL,'sem livro',83,1,3),(471,'O Papagaio que Falava Latim','5','2013-09-15 23:42:03',0,'',NULL,'sem livro',83,1,3),(472,'Lelé o Jacaré Maluco','1','2013-09-16 00:11:06',0,'',0,'sem livro',125,1,3),(473,'Filó e Marieta','1','2013-09-16 00:13:14',1,'',0,'sem livro',130,1,3),(474,'Vento - Uma História Soprada por ELMA','1','2013-09-20 16:59:21',1,'',0,'sem livro',96,1,3),(475,'Respeito é Bom e Faz Bem','2','2013-09-20 17:01:59',1,'8ª',2010,'sem livro',156,1,3),(476,'A Viagem de Tamar','1','2013-09-20 17:06:24',1,'',0,'sem livro',72,1,3),(478,'Meu Primeiro Livro dos Golfinhos e Baleia','1','2013-09-21 01:01:49',1,'',0,'sem livro',56,1,3),(479,'Que Horas São?','1','2013-09-21 01:03:31',0,'',0,'sem livro',79,1,3),(480,'Uma Aventura no Reino da Batatinha - Aprendendo a Cooperar','1','2013-09-21 10:43:59',1,'1ª',2013,'',83,1,1),(481,'A História de Tuco - Aprendendo a Superar','1','2013-09-21 10:45:26',1,'1ª',2012,'',83,1,1),(482,'O Bom Amigo','1','2013-09-21 10:46:45',1,'1ª',2013,'',83,1,1),(483,'O Bom Amigo','2','2013-09-21 10:47:35',1,'1ª',2013,'',83,1,1),(484,'A Rua Sem Nome','1','2013-09-21 10:50:28',1,'1ª',2013,'',83,1,1),(485,'Branca de Neve','1','2013-09-28 01:08:51',1,'',0,'sem livro',158,1,3),(486,'Onda','1','2013-09-28 01:11:29',1,'',0,'sem livro',55,1,3),(487,'Os Milagres de Jesus - Historietas para a Infância','2','2013-09-28 10:28:08',0,'6',1999,'',83,1,1),(488,'Que Coisa Esquisita! - Cuidados com o Corpo','1','2013-09-28 10:43:29',1,'1',2013,'',174,1,1),(489,'Uma Aventura no Reino da Batatinha - Aprendendo a Cooperar','2','2013-09-28 10:44:11',0,'1ª',2013,'',83,1,1),(490,'A Rua Sem Nome','2','2013-09-28 10:45:09',0,'1ª',2013,'',83,1,1),(491,'A Cura do Cego de Jericó','1','2013-09-28 10:46:37',1,'1ª',2012,'',83,1,1),(492,'A Cura do Cego de Jericó','2','2013-09-28 10:47:25',1,'1ª',2012,'',83,1,1),(493,'Ao Som das Letras','1','2013-10-05 10:13:56',1,'1º',2008,'',149,1,1),(494,'Como é Difícil Escolher','1','2013-10-05 10:16:48',1,'1º',2010,'',89,1,1),(496,'A Cura do Cego de Jericó','3','2013-10-05 10:23:23',1,'1ª',2012,'',83,1,1),(497,'Espelho, Espelho Meu','1','2013-10-05 10:26:25',1,'1º',2010,'',89,1,1),(498,'Espelho, Espelho Meu','2','2013-10-05 10:27:26',1,'1º',2010,'',89,1,1),(499,'Como é Difícil Escolher','2','2013-10-05 10:28:04',0,'1º',2010,'',89,1,1),(500,'A Bola Da Vez','1','2013-10-05 10:34:14',1,'1º',0,'',57,1,1),(501,'Massinha de Farinha','1','2013-10-19 10:21:42',1,'1ª',2012,'',125,1,3),(502,'O Mundo do Trabalho','1','2013-10-19 10:33:15',1,'2ª',2009,'',125,1,3),(503,'Que Bom Ter Um Irmãozinho','1','2013-10-19 10:35:49',1,'',2003,'',79,1,3),(504,'O Porquinho Pancho','1','2013-10-19 10:42:51',0,'',0,'',175,1,3),(505,'A Vida de Allan Kardec para as Crianças','1','2013-10-19 10:44:40',1,'8ª',2009,'',107,1,3),(506,'A Tampa do Céu','1','2013-10-19 10:51:56',1,'',2008,'',142,1,3),(507,'É Melhor Ser Amigo','2','2013-10-19 10:55:56',0,'2ª',1995,'',89,1,3),(508,'É Melhor Ser Amigo','3','2013-10-19 10:56:03',0,'2ª',1995,'',89,1,3),(509,'É Melhor Ser Amigo','4','2013-10-19 10:56:10',1,'2ª',1995,'',89,1,3),(510,'É Melhor Ser Amigo','5','2013-10-19 10:56:15',0,'2ª',1995,'',89,1,3),(511,'Anita diz onde está','1','2013-10-26 09:56:20',1,'',0,'',140,1,3),(512,'É Meu! É Meu!','1','2013-10-26 09:58:45',1,'1ª',2005,'',79,1,3),(513,'Bom Louro','5','2013-10-26 10:10:26',1,'3ª',2006,'',83,1,3),(514,'Corpo de Gente e Corpo de Bicho','1','2013-10-26 10:22:15',1,'1ª',2009,'',27,1,3),(515,'Para onde vai a quinta-feira','1','2013-11-02 10:18:01',1,'',2003,'',41,4,1),(516,'O cão salva- vidas','1','2013-11-02 10:22:23',1,'1ª ',2006,'',83,4,1),(517,' O Mundinho','1','2013-11-02 10:23:49',0,'',1998,'',60,4,1),(518,'Perdoar, sempre!!!','1','2013-11-02 10:26:29',1,'',2006,'',152,4,1),(519,'Anita Quer seMexer','1','2013-11-02 10:41:19',1,'',0,'',140,4,3),(520,'Muitas Maneiras','1','2013-11-16 11:01:10',1,'',2004,'',133,1,3),(521,'Mariana','1','2013-11-16 11:02:15',1,'2ª',2006,'',20,1,3),(522,'O Papagaio que Falava Latim','6','2013-11-17 08:40:12',0,'',NULL,'sem livro',83,4,1),(524,'Sapo com medo d\\\' água!','1','2013-11-17 08:54:49',0,'',0,'',162,4,1),(525,'os jogos pan Americanos','1','2013-11-17 08:56:19',0,'',0,'',154,4,1),(526,'Amparo Espiritual','1','2013-11-17 08:57:16',0,'',0,'',114,4,1),(527,'As casas de ontem e de hoje ','1','2013-11-17 08:58:30',1,'',2008,'',32,4,1),(529,'Utopia não, esperança sim ','1','2013-11-17 09:02:15',1,'',0,'',52,4,1),(532,'Ar pra que serve o ar?','1','2013-11-17 09:06:13',0,'',0,'',61,4,1),(534,'Gente que Mora dentro da Gente ','1','2013-11-17 09:09:11',0,'',2008,'',61,4,1),(535,'Oração','1','2013-11-17 09:11:49',1,'',1999,'',105,4,1),(536,'O Grande Concurso','1','2013-11-17 09:12:43',1,'1',2001,'',123,4,1),(537,'Baby Zoo','1','2013-11-17 09:13:40',0,'',0,'',45,4,1),(538,'A Casa ','1','2013-11-17 09:14:23',1,'',1998,'',106,4,1),(539,'Hortolândia na Terra dos Cereais','1','2013-11-17 09:15:53',0,'2',0,'',141,4,1),(540,'O Retorno de Chuvita ','1','2013-11-17 09:16:48',1,'',2007,'',22,4,1),(542,'O Grilo Perneta','3','2013-11-17 09:19:09',0,'8',NULL,'sem livro',83,4,3),(543,'Toco de Lápis, pena de ganso','1','2013-11-17 09:27:10',0,'',2001,'',132,4,1),(544,'Menino e Menina ','1','2013-11-17 09:28:06',1,'2',0,'',106,4,1),(545,'O peixinho vermelho','1','2013-11-17 09:28:54',0,'5',2001,'',114,4,1),(546,'O Bichinho da Maça ','1','2013-11-17 09:29:44',0,'14',0,'',117,4,1),(547,'Pequenas e Grandes Invenções- O Canudinho','1','2013-11-17 09:30:55',0,'',0,'',161,4,1),(548,'Hortolândia na Terra dos Cereais- TSIU o Grão de Bico','1','2013-11-17 09:32:36',0,'',0,'',141,4,1),(549,'Lar- Lugar de morar','1','2013-11-17 09:34:47',1,'2',2000,'',53,4,1),(550,'Os Músicos de Bremem','1','2013-11-17 09:35:36',0,'',0,'',158,4,1),(551,'Coração de ganso','1','2013-11-17 09:36:39',1,'',2009,'',118,4,1),(552,'Hortolândia na Terra dos Cereais- Livi a Ervilha ','1','2013-11-17 09:40:34',0,'',0,'',141,4,1),(553,'Bem-te-vi e outras poesias','1','2013-11-17 09:41:26',0,'',0,'',49,4,1),(554,'A árvore que aprendeu a ser feliz ','1','2013-11-17 09:42:08',0,'',0,'',100,4,1),(555,'Robos - Virtudes e valores ','1','2013-11-17 09:44:38',0,'',0,'',176,4,1),(556,'Crianças no Além','3','2013-11-17 09:51:42',0,'',NULL,'sem livro',93,4,3),(557,'Cabra-cega','1','2013-11-17 09:55:07',1,'',1995,'',27,4,1),(558,'Números de 10 a 100','1','2013-11-17 09:55:39',0,'',0,'',141,4,1),(559,'Histórias e Lorotas da Vovó','1','2013-11-17 09:56:37',0,'',0,'',90,4,1),(560,'A Benfeitora','1','2013-11-17 09:57:31',0,'2',0,'',83,4,1),(561,'Sopa de Letrinhas','1','2013-11-17 09:59:14',0,'',2002,'',121,4,1),(562,'Hortolândia na Terra dos Cereais- Celinha a Cebola ','1','2013-11-17 10:00:18',0,'',0,'',141,4,1),(563,'A Harpa e a Galinha ','1','2013-11-17 10:00:57',0,'',0,'',83,4,1),(564,'A Lagarta Gonsala ','1','2013-11-17 10:01:36',0,'',0,'',158,4,1),(565,'Pinóquio','1','2013-11-17 10:02:01',0,'',0,'',158,4,1),(566,'Histórias Bíblicas- As Bodas','1','2013-11-17 10:03:18',0,'',0,'',45,4,1),(567,'O Segredo da Luz','1','2013-11-17 10:04:02',1,'',2001,'',78,4,1),(568,'A menina das luzes ','1','2013-11-17 10:04:37',1,'',0,'',78,4,1),(569,'O menino que aprendeu a ver','1','2013-11-17 10:05:31',1,'',0,'',136,4,1),(570,'Lua e Sol','1','2013-11-17 10:06:05',0,'',0,'',38,4,1),(571,'O que é o que é.. O Espírito ','1','2013-11-17 10:08:08',0,'',0,'',102,4,1),(572,' A porquinha de rabo esticadinho','1','2013-11-17 10:09:48',0,'',0,'',112,4,1),(573,'A formiga preguiçosa','1','2013-11-17 10:11:02',0,'',0,'',37,4,1),(574,'Caraoquê, o Caracol','1','2013-11-17 10:11:43',0,'',0,'',69,4,1),(575,'Baby Zoo- A grande Festa ','1','2013-11-17 10:12:28',0,'',0,'',45,4,1),(576,'Como nasceu a alegria ','1','2013-11-17 10:13:09',1,'',0,'',131,4,1),(577,'Ursinho Catavento','1','2013-11-17 10:13:34',0,'',0,'',158,4,1),(578,'O grande dia','1','2013-11-17 10:14:20',1,'',0,'',70,4,1),(579,'A bota do bode','1','2013-11-17 10:15:16',0,'',0,'',27,4,1),(580,'O caracol viajante ','1','2013-11-17 10:16:00',1,'',0,'',27,4,1),(581,'Os três presentes Mágicos ','1','2013-11-17 10:16:37',1,'',0,'',138,4,1),(582,'Não tem dois iguais ','1','2013-11-17 10:17:20',1,'',0,'',79,4,1),(583,'Terapia da gratidão','1','2013-11-17 10:20:26',1,'',0,'',131,4,1),(584,'Acorda Juliana!','1','2013-11-17 10:22:11',1,'',0,'',43,4,1),(585,'O último Golpe de Alvinho','1','2013-11-17 10:23:23',0,'',0,'',90,4,1),(586,'A Vida Fala II','2','2013-11-17 10:47:10',2,'10ª',2000,'',83,4,3),(587,'A Vida Fala II','3','2013-11-17 10:47:32',0,'10ª',2000,'',83,4,3),(588,'Amizade custa Pouco','2','2013-11-17 11:00:55',1,'9',NULL,'sem livro',119,4,3),(589,'Menino Chico','4','2013-11-17 11:01:35',1,'1ª',2010,'',83,4,3),(590,'O Gênio da Lâmpada','3','2013-11-17 11:01:52',1,'7ª',1998,'sem livro',83,4,3),(591,'O Caminho','2','2013-11-17 11:02:10',0,'',NULL,'sem livro',83,4,3),(592,'O Caminho','3','2013-11-17 11:02:25',0,'',NULL,'sem livro',83,4,3),(593,'A Lagarta Gonsala ','2','2013-11-17 11:02:40',0,'',NULL,'',158,4,1),(594,'Evangelho em Casa','6','2013-11-17 11:02:57',0,'8ª',1990,'sem livro',83,4,3),(595,'A Caixa de Lápis de Cor','1','2013-11-30 10:26:22',1,'',2008,'',133,1,3),(596,'O Frio pode Ser Quente?','1','2013-11-30 10:29:47',1,'1º',2009,'',177,1,3),(597,'As Cores no Mundo de Lúcia','1','2013-11-30 10:31:59',1,'1',2010,'',131,1,3),(598,'Pintando um Mundo Melhor','1','2013-11-30 10:34:08',1,'',2007,'',111,1,3),(599,'Compartilhar é Bom','1','2013-11-30 10:36:23',1,'1ª',2009,'',106,1,3),(600,'O Casal de João-de-Barro','1','2013-11-30 10:38:23',1,'',2008,'',32,1,3),(601,'Diversidade','1','2013-11-30 10:39:39',0,'1ª',1999,'',136,1,3),(602,'O Evangelho de Jesus - narrado para as crianças','1','2013-11-30 10:40:49',0,'1ª',2000,'',130,1,3),(603,'O Balão de Bolinhas','1','2013-11-30 10:42:30',0,'1ª',2010,'',51,1,3),(604,'Os Dez Amigos','2','2013-11-30 10:45:52',0,'1ª',2008,'',117,1,3),(605,'Animais em Extinção','2','2013-11-30 10:50:42',0,'',2002,'',44,1,3),(606,'Deus, Cristo e Caridade','1','2014-03-08 10:05:11',0,'1',2010,'',179,4,2),(607,'É Melhor Ser Amigo','6','2014-03-08 10:06:42',0,'2ª',1995,'',89,4,3),(608,'Mensagem do Pequeno Morto - A Grande Viagem','7','2014-03-08 10:07:06',1,'9ª',2005,'sem livro',83,4,3),(609,'Tudo bem ser diferente','2','2014-03-08 10:08:46',0,'1',2002,'',129,4,1),(610,'Não Vale a Pena Mentir','1','2014-03-08 10:13:48',1,'2ª',2002,'',89,4,1),(611,'Só um Minutinho','1','2014-03-08 10:18:32',0,'1ª',2004,'',90,4,1),(612,'Aprenda a Conversar com seu Anjo','3','2014-03-09 08:51:11',1,'1',2007,'',89,4,3),(613,'A Vitória de Nélio','5','2014-03-15 10:09:17',0,'1ª',2008,'',83,4,3),(614,'Pai Nosso','4','2014-03-29 09:52:59',1,'',NULL,'',83,1,3),(615,'A Mágica da Flauta','1','2014-04-05 10:19:50',1,'1ª',1998,'',130,4,1),(616,'A Grande Viagem','1','2014-04-12 12:57:34',1,'',2014,'',83,4,1),(617,'O Peixinho e o Rio','3','2014-04-12 13:03:45',1,'',NULL,'',83,4,1),(618,'O Peixinho e o Rio','4','2014-04-12 13:04:34',1,'',NULL,'',83,4,1),(620,'Dona Loba','1','2014-05-03 10:13:01',0,'8ª',1995,'',83,4,1),(621,'O Elogio da Abelha','1','2014-05-03 10:15:00',0,'1ª',2008,'',83,4,1),(622,'O Elogio da Abelha','2','2014-05-03 10:15:18',0,'1ª',2008,'',83,4,1),(623,'O Aprendiz Desapontado','1','2014-05-03 10:16:31',0,'1ª',2008,'',83,4,1),(624,'O Aprendiz Desapontado','2','2014-05-03 10:16:46',0,'1ª',2008,'',83,4,1),(625,'A Lição Inesquecível','1','2014-05-03 10:17:35',0,'1ª',2008,'',83,4,1),(626,'A Lição Inesquecível','2','2014-05-03 10:17:55',0,'1ª',2008,'',83,4,1),(627,'Dona Loba','2','2014-07-21 21:06:06',0,'8ª',1995,'',83,1,1),(628,'O Tatu Cavaleiro','5','2014-07-21 21:10:08',0,'1ª',1995,'',83,1,1),(629,'Seara Infantil','3','2014-07-21 21:12:55',0,'5ª',1990,'',83,1,3),(630,'Pai Nosso','5','2014-07-21 21:14:50',0,'20ª',2000,'',83,1,1),(631,'Evangelho em Casa','7','2014-07-21 21:19:02',1,'8ª',1990,'sem livro',83,1,1),(632,'O Aprendiz Desapontado','3','2014-07-21 21:20:33',0,'1ª',2008,'',83,1,1),(633,'A Lição Inesquecível','3','2014-07-21 21:22:11',1,'1ª',2008,'',83,1,1),(634,'A Lição Inesquecível','4','2014-07-21 21:24:00',0,'1ª',2008,'',83,1,1),(635,'O Elogio da Abelha','3','2014-07-21 21:25:03',1,'1ª',2008,'',83,1,1),(636,'O Aprendiz Desapontado','4','2014-07-21 21:25:45',0,'1ª',2008,'',83,1,1),(637,'O Elogio da Abelha','4','2014-07-21 21:27:56',1,'1ª',2008,'',83,1,1),(638,'Surpresa no Campo - O Grilo Pula-Pula','4','2014-07-21 21:34:59',0,'1ª',2004,'sem livro',83,1,1),(639,'Jesus para juventude ','1','2014-07-21 21:40:03',1,'1ª',2011,'',180,1,1),(640,'A terra dos meninos pelados ','1','2014-07-21 21:43:20',0,'39ª',2010,'',177,1,1),(641,'Lutas no Coração','1','2014-07-31 22:59:29',0,'',0,'',83,1,3),(642,'O Poder da Gentileza','4','2014-08-09 09:51:53',1,'1ª',2008,'sem livro',83,4,3),(643,'O Peixinho Azul','8','2014-08-09 09:53:23',0,'1ª',2010,'sem livro',83,4,1),(644,'Volta às aulas ','1','2014-08-09 09:56:35',1,'1ª',2008,'',83,4,1),(645,'Os Dois Franciscos','3','2014-08-09 09:57:23',1,'1ª',2010,'',83,4,3),(646,'A galinha afetuosa ','1','2014-08-09 09:59:44',0,'1ª',2008,'',83,4,1),(647,'Peter pan','1','2014-08-30 09:49:28',0,'1ª',2012,'',83,4,1),(648,'A Lição do Leão','1','2014-09-27 10:08:14',1,'1ª',2010,'',45,4,1),(649,'O Livro do Pra quê?','1','2014-09-27 10:14:27',1,'3ª',1995,'',183,4,2),(650,'Você se Foi... Mas Está em Meu Coração','1','2014-09-27 10:18:05',1,'1ª',2010,'',184,4,1),(651,'Como a Mentira Cresce','1','2014-09-27 10:19:30',1,'1ª',2013,'',184,4,1),(652,'As Tartarugas Tatá e Tom','1','2014-09-27 10:31:22',1,'1ª',2013,'',182,4,1),(653,'Você é Grande, Eu Sou Pequeno','1','2014-09-27 10:33:46',0,'1ª',2011,'',182,4,1),(654,'Contando','1','2014-09-27 10:35:10',0,'1ª',2013,'',182,4,1),(655,'Sou Apenas Uma Criança','1','2014-10-25 10:33:07',1,'1ª',2013,'',184,4,1),(656,'O Castelo de Açúcar','1','2014-10-25 10:36:51',1,'6º',2010,'',83,4,1),(657,'Alvorada Cristã','2','2014-10-25 10:37:12',1,'',NULL,'semlivro',83,4,3),(658,'Papai foi Morar em Outro Lugar','1','2014-10-25 10:40:06',1,'1ª',2011,'',182,4,1),(659,'O que Me Faz Ficar Triste?','1','2014-10-25 10:47:05',1,'1ª',2012,'',182,4,1),(660,'Desvendando a Natureza','1','2014-11-15 09:55:56',0,'',0,'',133,1,3),(661,'A galinha afetuosa ','2','2014-11-29 10:17:03',1,'1ª',2008,'',83,1,1),(662,'A História de um Relógio','1','2014-11-29 10:20:07',0,'1ª',2014,'',83,1,2),(663,'A Lição Inesquecível','5','2014-11-29 10:21:28',1,'1ª',2008,'',83,1,1),(664,'A Sacola Misteriosa','1','2014-11-29 10:24:36',1,'1ª',2013,'',83,1,2),(666,'Isto não é ','1','2015-03-21 10:00:13',1,'1ª',2008,'',42,4,2),(667,'A joaninha muito preguiçosa','1','2015-03-21 10:03:40',1,'1ª',1999,'',182,4,1),(668,'Um momento especial ','1','2015-03-21 10:08:21',0,'1ª',2013,'',182,4,1),(669,'Um momento especial ','2','2015-03-21 10:08:38',0,'1ª',2013,'',182,4,1),(675,'O osso!','1','2015-03-21 10:46:01',1,'3ª',1998,'',87,4,2),(676,'O burrinho inteligente ','1','2015-03-21 10:47:29',1,'2',2004,'',84,4,2),(678,'Animais em Extinção','1','2015-03-21 10:52:15',1,'1ª',2002,'',180,4,2),(680,'Espelho, Espelho Meu','3','2015-03-28 09:37:39',1,'1º',2010,'',89,4,1),(681,'Meu pequeno evangelho - Turma da Mônica','1','2015-04-18 10:27:51',0,'4 ',2015,'',171,4,1),(682,'Generosidade ','1','2015-05-23 10:29:53',0,'',0,'',185,4,1),(683,'Amizade','1','2015-05-23 10:30:13',0,'',0,'',185,4,1),(684,'Responsabilidade','1','2015-05-23 10:30:34',1,'',0,'',185,4,1),(685,'Gentileza','1','2015-05-23 10:30:51',1,'',0,'',185,4,1),(686,'Solidariedade','1','2015-05-23 10:31:08',1,'',0,'',185,4,1),(687,'Perseverança','1','2015-05-23 10:31:26',1,'',0,'',185,4,1),(688,'Respeito','1','2015-05-23 10:31:44',0,'',0,'',185,4,1),(689,'Justiça','1','2015-05-30 10:16:39',1,'',2015,'',185,4,1),(691,'Hora de comer, Coelhinho','1','2015-08-01 10:26:56',0,'',0,'',182,1,1),(692,'Surpresa no Campo - O Grilo Pula-Pula','5','2015-08-08 10:03:48',1,'1ª',2004,'sem livro',83,4,1),(693,'A Pata','1','2015-08-15 11:07:57',0,'1ª',2008,'',61,4,1),(694,'Que Coisa Esquisita! - Cuidados com o Corpo','2','2015-08-22 10:16:21',1,'2ª',2014,'',174,4,1),(695,'Jongo','1','2015-08-22 10:41:04',1,'2ª',2009,'',87,4,2),(696,'As três respostas ','1','2015-08-22 10:43:08',1,'1ª',2001,'',90,4,2),(697,'O dia-a-dia ','1','2015-08-22 10:45:35',1,'2ª',2009,'',180,4,2),(698,'A vida em sociedade','1','2015-08-22 10:46:55',1,'2ª',2009,'',87,4,2),(699,'Encontro com Portinari ','1','2015-08-22 10:49:14',1,'5',2010,'',87,4,2),(700,'O livro da família','2','2015-08-30 10:59:26',1,'1',2009,'',129,4,1),(701,'Chiquinha Gonzaga','1','2015-08-30 11:07:43',1,'2ª',2000,'',42,4,3),(702,'Seca','1','2015-09-05 10:45:22',1,'2ª',2000,'',130,4,1),(703,'Ocupados o tempo todo','1','2015-09-26 10:55:24',1,'',0,'',149,4,1),(704,'Duda Adora Pular','1','2015-10-03 09:44:05',0,'3ª',2008,'',41,4,1),(705,'O Ovo ','1','2015-10-24 10:08:29',1,'3ª',2003,'',127,4,2),(706,'Este mundo é uma bola ','1','2015-10-24 10:17:49',1,'7ª',1991,'',117,4,2),(707,'O caracol viajante ','2','2015-10-24 10:19:37',1,'11',2006,'',27,4,2),(708,'O jardim encantado','1','2015-10-24 10:23:55',1,'3ª',2010,'',187,4,2),(709,'O Peru de Peruca','1','2015-10-24 10:25:52',1,'9',2008,'',186,4,2),(710,'A economia de Maria','1','2015-10-24 10:27:18',1,'1ª',2012,'',62,4,2),(711,'O grande livro das Emoções ','1','2015-10-24 10:31:25',1,'8',2013,'',130,4,2),(712,'Meia palavra não basta ','1','2015-10-24 10:32:42',1,'10ª',2010,'',188,4,2),(713,'Esta Casa é Minha!','1','2015-10-24 10:49:11',1,'1ª',2008,'',160,4,1),(714,'Eu tropeço e não desisto','1','2015-10-24 10:52:43',1,'2ª',2009,'',121,4,1),(715,'O Segredo da Onça-Pintada','1','2015-11-21 10:35:42',1,'',2015,'',83,4,2),(716,'O mistério das jabuticabas','1','2015-11-21 10:42:48',1,'1ª',2014,'',83,4,2),(717,'Bellinha e a Lagarta Bernadete','2','2015-11-21 10:47:20',1,'',2013,'',83,4,2),(718,'O Macaco Conselheiro','1','2015-11-21 10:50:01',1,'1ª',2013,'',83,4,2),(719,'A Grande Viagem','2','2015-11-21 11:01:44',1,'',2010,'',189,4,2),(720,'Na Mochila','1','2016-03-05 09:52:04',1,'1ª',2015,'',85,4,2),(721,'Na Mochila','2','2016-03-05 09:52:16',1,'1ª',2015,'',85,4,2),(722,'A Corrida dos Coelhinhos','1','2016-03-05 10:00:10',1,'',2015,'',83,4,2),(723,'A Corrida dos Coelhinhos','2','2016-03-05 10:00:27',1,'',2015,'',83,4,2),(724,'O Lobo e os Porquinhos','1','2016-03-05 10:05:45',1,'',2014,'',83,4,2),(725,'A Formiga e o Gafanhoto','1','2016-03-05 10:12:16',0,'',2015,'',83,4,2),(726,'A Formiga e o Gafanhoto','2','2016-03-05 10:12:32',1,'',2015,'',83,4,2),(727,'Juca - O Cavalo Marinho','1','2016-03-05 10:15:49',1,'3ª',2015,'',85,4,2),(728,'Juca - O Cavalo Marinho','2','2016-03-05 10:16:01',1,'3ª',2015,'',85,4,2),(729,'Eletronaldo - Um elétron diferente','1','2016-03-05 10:22:18',1,'1ª',2014,'',190,4,2),(730,'Eletronaldo - Um elétron diferente','2','2016-03-05 10:25:54',1,'1ª',2014,'',190,4,2),(731,'A Lição Inesquecível','6','2016-03-05 10:27:31',1,'1ª',2008,'',83,4,2),(732,'A Lição Inesquecível','7','2016-03-05 11:02:07',1,'1ª',2008,'',83,4,2),(733,'Sou Apenas Um Bebê Triceratopo!','1','2016-03-12 09:46:13',1,'',2011,'',158,4,1),(734,'Espiritismo Fácil','1','2016-03-12 09:50:43',1,'1ª',2014,'',171,4,2),(735,'Espiritismo Fácil','2','2016-03-12 09:51:35',1,'1ª',2014,'',171,4,2),(736,'Reencarnação Fácil','1','2016-03-12 09:58:04',1,'1ª',2014,'',171,4,2),(737,'Jesus com a Gente','1','2016-03-12 10:00:29',1,'2ª',2013,'',85,4,2),(738,'Jesus com a Gente','2','2016-03-12 10:00:43',1,'2ª',2013,'',85,4,2),(739,'Bip 886','1','2016-03-12 10:01:33',1,'1ª',2015,'',171,4,2),(740,'Bip 886','2','2016-03-12 10:01:44',1,'1ª',2015,'',171,4,2),(741,'Bip 886','3','2016-03-12 10:02:00',1,'1ª',2015,'',171,4,2),(742,'Conte Mais - Histórias Educativas','1','2016-03-12 10:04:35',1,'3ª',2003,'',85,4,2),(743,'Crianças Médiuns','1','2016-03-12 10:05:47',1,'1ª',2014,'',171,4,2),(744,'Crianças Médiuns','2','2016-03-12 10:05:56',1,'1ª',2014,'',171,4,2),(745,'Crianças Médiuns','3','2016-03-12 10:06:08',1,'1ª',2014,'',171,4,2),(746,'Reencarnação Fácil','2','2016-03-12 10:14:50',1,'1ª',2014,'',171,4,2),(747,'Espiritismo Fácil','3','2016-03-12 10:15:20',1,'1ª',2014,'',171,4,2),(748,'Evangelho Fácil','1','2016-03-12 10:16:15',1,'1ª',2014,'',171,4,2),(749,'Um Por Todos e Todos Por Um','1','2016-03-19 09:39:52',0,'2ª',2013,'',83,4,1),(750,'Pig, a Leitoa','1','2016-03-19 09:53:32',1,'1ª',2012,'',45,4,1),(751,'Beijinho Beija - Flor','3','2016-03-19 09:57:15',1,'1ª',2014,'',83,4,1),(752,'Adolescência e Vida','1','2016-03-19 10:16:03',1,'5ª',1998,'',191,4,1),(753,'Lucas, O menino que Tinha Medo','1','2016-03-19 10:53:47',1,'',2008,'',52,4,1),(754,'O Peixinho Azul','9','2016-04-09 09:48:22',1,'1ª',2010,'sem livro',83,4,1),(755,'Os Dois Franciscos','4','2016-04-09 09:49:38',1,'1ª',2010,'',83,4,3),(756,'Jogo de palavras o bem','1','2016-04-09 09:51:35',1,'2ª',2000,'',42,4,2),(757,'Com licença? Aprendendo sobre CONVIVÊNCIA ','1','2016-04-09 10:05:43',1,'1ª',2002,'',144,4,2),(758,'Bicos Quebrados','1','2016-04-09 10:49:14',0,'3ª',2007,'',96,4,2),(759,'O Castelo de Açúcar','2','2016-04-16 10:29:11',1,'7º',2016,'',83,4,1),(760,'O Menino que Fazia Aviões','1','2016-04-16 10:31:59',1,'1ª',2012,'',83,4,1),(761,'O caracol viajante ','3','2016-04-16 10:39:19',0,'11',2006,'',27,4,2),(762,'João e Maria ','1','2016-04-30 09:49:01',0,'1ª',2010,'',79,4,1),(763,'O Menino que Fazia Aviões','2','2016-04-30 09:50:54',1,'1ª',2012,'',83,4,1),(764,'A Colcha de Retalhos','1','2016-04-30 10:48:15',1,'2ª',2010,'',67,4,1),(765,'Entrevistando a Turma do Jardim - GECCAL','1','2016-04-30 11:13:09',1,'',2004,'Livro confecionado pelo Geccal - 2004',179,4,2),(766,'O Caracol','1','2016-05-01 11:23:21',0,'11ª',2006,'',27,4,1),(767,'O Lobo e os Porquinhos','2','2016-05-07 09:46:40',1,'',2014,'',83,4,2),(768,'Beijinho Beija - Flor','4','2016-05-14 09:49:41',1,'4ª',2016,'',83,4,1),(769,'A Vida Fala II','4','2016-05-21 10:29:27',0,'10ª',2000,'reposição',83,4,3),(770,'As trigêmeas e os três ERRES','1','2016-06-11 09:53:41',1,'1ª',2013,'Substituição ',144,4,1),(771,'A Vitória de Nélio','6','2016-06-11 10:04:19',1,'1ª',2008,'',83,4,3),(772,'Coleção que Bicho é Esse? Caranguejo','1','2016-06-18 10:42:08',0,'1ª',2008,'',125,4,1),(773,'Eu Quero! Eu Quero!','1','2016-06-18 10:44:43',1,'1ª',2005,'',79,4,1),(774,'Luís Gustavo, o Menino que Pensava','1','2016-06-18 10:49:26',1,'',2007,'',106,4,1),(775,'Você não é mais meu Amigo!','1','2016-06-18 10:51:15',1,'1ª',2005,'',79,4,1),(776,'Um Tesouro pra Todos','1','2016-06-18 10:57:52',1,'1ª',2007,'',79,4,1),(777,'Meu pequeno evangelho - Turma da Mônica','2','2016-06-25 09:56:35',1,'4 ',2015,'',171,4,1),(778,'A Lenda dos Milagres do Amor','1','2016-06-25 10:01:15',1,'3ª',1994,'',191,4,1),(779,'O Teimoso Trenzinho Curioso','1','2016-06-25 10:04:38',1,'3ª',2004,'',193,4,1),(780,'O Mundo Inteiro','1','2016-06-25 10:07:37',1,'2ª',2009,'',194,4,1),(781,'A Princesa está Chegando','1','2016-06-25 10:11:10',1,'2ª',2009,'',42,4,1),(782,'A Ventania','1','2016-06-25 10:14:41',1,'3ª',2006,'',27,4,1),(783,'O que tem na panela Jamela?','1','2016-06-25 10:21:24',0,'1ª',2001,'',149,4,1),(784,'Frado de Carinho','1','2016-06-25 10:27:55',1,'3ª',2009,'',72,4,1),(785,'O Ratinho Ambicioso','1','2016-06-25 10:34:59',1,'1ª',2008,'',52,4,1),(786,'A Bela Adormecida','1','2016-06-25 10:56:57',1,'',0,'',63,4,1),(787,'Chuva no Sertão','1','2016-06-25 11:01:29',1,'1ª',2008,'',52,4,1),(788,'O Mensageiro das Boas Notícias','3','2016-08-06 09:45:10',1,'2ª',2012,'',83,4,1),(789,'O Segredo da Onça-Pintada','2','2016-08-13 09:40:23',1,'3ª',2015,'reposição',83,4,2),(790,'A Praia do Tatuí','1','2016-08-27 09:47:07',1,'2ª',2014,'',83,4,1),(791,'Espiritismo Kids - Meu Filme Favorito - Peter Pan','1','2016-08-27 10:38:05',1,'',0,'',171,4,1),(792,'Espiritismo Kids - A Historinha de Lorde','1','2016-08-27 10:38:56',0,'',0,'',171,4,1),(793,'Espiritismo Kids - O Pequeno Emmanuel','1','2016-08-27 10:40:26',0,'',0,'',171,4,1),(794,'Espiritismo Kids - Muito Além de Star Wars','1','2016-08-27 10:41:51',0,'',0,'',171,4,1),(795,'Espiritismo Kids - A Turma da Mônica - Evangelho','1','2016-08-27 10:43:41',0,'',0,'',171,4,1),(796,'Espiritismo Kids - Francisco e seu amor aos animais','1','2016-08-27 10:56:56',0,'',0,'',171,4,1),(797,'Espiritismo Kids - O Livro dos Espíritos - Moranguinho','1','2016-09-03 09:51:24',0,'',0,'',171,4,1),(798,'Meu pequeno evangelho - Turma da Mônica','3','2016-09-10 09:47:08',1,'4 ',2015,'',171,4,1),(799,'O catador de papel ','1','2016-09-24 10:01:55',1,'1ª',2009,'',90,4,1),(800,'Nosso lar - O livrinho divertido ','1','2016-09-24 10:05:41',1,'1ª',2014,'',83,4,1),(801,'Um Mundo Sem Livros','4','2016-09-24 10:11:48',1,'1ª',2009,'',83,4,3),(802,'No mundo dos Sonhos - A flor da Natureza, ensinamentos de amizade e amor','1','2016-09-24 10:15:38',1,'1ª',2015,'',171,4,1),(803,'No mundo dos Sonhos - A flor da Natureza, ensinamentos de amizade e amor','2','2016-09-24 10:15:45',1,'1ª',2015,'',171,4,1),(804,'Meu Avô Desencarnou','3','2016-10-01 09:41:38',1,'1ª',2011,'',83,4,1),(805,'A Gatinha','1','2016-10-01 10:24:29',1,'',0,'',158,4,1),(806,'O Porquinho','1','2016-10-01 10:28:29',1,'',2009,'',158,4,1),(807,'Perigo na Mata','1','2016-10-22 09:46:19',1,'1ª',2014,'',83,4,1),(808,'O que Cabe mo meu Mundo II - Sensibilidade','1','2016-11-05 09:57:20',1,'1ª',2016,'',195,4,2),(809,'O que Cabe mo meu Mundo III - Disciplina','1','2016-11-05 09:59:16',1,'3ª',2016,'',195,4,2),(810,'O que Cabe mo meu Mundo - Amizade','1','2016-11-05 10:01:21',1,'1ª',2015,'',195,4,2),(811,'O que Cabe mo meu Mundo - Solidariedade','1','2016-11-05 10:03:02',1,'1ª',2015,'',195,4,2),(812,'O que Cabe mo meu Mundo III - Educação','1','2016-11-05 10:04:39',1,'1ª',2016,'',195,4,2),(813,'O que Cabe mo meu Mundo - Justiça','1','2016-11-05 10:05:50',1,'1ª',2015,'',195,4,2),(814,'Martinha quer sabe, e você','1','2016-11-05 10:36:37',1,'1ª',2015,'',171,4,1),(815,'Alladim e o Livro Maravilhoso','1','2016-11-05 10:39:21',1,'1ª',2014,'',196,4,1),(816,'ABC de Histórias','1','2016-11-05 10:44:58',0,'1ª',2015,'',85,4,1),(817,'Escuta Meu Filho!','3','2017-03-11 09:16:39',1,'2ª',2003,'',107,4,1),(818,'ANJOS ','1','2017-03-11 09:18:44',1,'1ª',2015,'',190,4,1),(819,'ANJOS Romeu e Julieta ','1','2017-03-11 09:20:35',1,'1ª',2015,'',190,4,1),(820,'ANJOS O sexto A.N.J.O','1','2017-03-11 09:22:16',1,'1ª',2015,'',190,4,1),(821,'Judas Iscariostes','1','2017-03-11 10:26:25',1,'1ª',1991,'',114,4,1),(822,'Abelinha Dulcinéia ','1','2017-03-11 10:28:48',1,'1ª',2015,'',83,4,1),(823,'Cavalhinho de Flores','2','2017-03-11 10:29:49',1,'1ª',2009,'',83,4,3),(824,'Antevésperas de Natal','1','2017-03-11 10:31:16',0,'1ª',2012,'',83,4,1),(825,'Antevésperas de Natal','1','2017-03-11 10:31:42',1,'1ª',2012,'',83,4,1),(826,'Magali em outras vidas ','1','2017-03-11 10:39:59',1,'2ª',2016,'',171,4,1),(827,'Magali em outras vidas','4','2017-03-11 10:40:34',1,'2ª',2016,'',171,4,1),(828,'Magali em outras vidas ','2','2017-03-11 10:42:37',1,'2ª',2016,'',171,4,1),(829,'Antevéspera de Natal','2','2017-03-11 10:43:27',1,'2ª',2012,'sem livro',83,4,1),(830,'Antevéspera de Natal','3','2017-03-11 10:45:55',1,'2ª',2012,'sem livro',83,4,1),(831,'O Tatu Cavaleiro','6','2017-03-18 09:46:10',1,'1ª',1995,'',83,4,1),(832,'O Céu e o Inferno','1','2017-03-18 10:05:00',1,'4ª',1991,'',197,4,1),(833,'O Livro dos Espíritos','1','2017-03-18 10:06:24',1,'93ª',2013,'',83,4,1),(834,'O Evangelho Segundo o Espiritismo','1','2017-03-18 10:08:35',1,'131ª',2013,'',83,4,1),(835,'Obras Póstumas','1','2017-03-18 10:09:53',1,'34ª',2004,'',83,4,1),(836,'A Gênese','1','2017-03-18 10:11:17',1,'43ª',2003,'',83,4,1),(837,'O Livro dos Médiuns','1','2017-03-18 10:13:31',1,'64ª',0,'',83,4,1),(838,'Viagem Misteriosa','1','2017-03-18 10:15:26',0,'1ª',2016,'',171,4,1),(839,'É Um Livro','1','2017-03-18 10:19:42',1,'1ª',2011,'',49,4,1),(840,'Jesus','1','2017-03-18 10:33:58',1,'',0,'',198,4,1),(841,'A Rãzinha que Queria ser Rãinha','1','2017-03-18 10:39:25',1,'',0,'',42,4,1),(842,'Por um Mundo mais Bacana','1','2017-03-18 10:50:10',0,'1ª',2013,'',90,4,1),(843,'Chico Xavies e seus ensinamentos','1','2017-04-15 10:37:02',1,'',0,'',171,4,2),(844,'Chico Xavies e seus ensinamentos','2','2017-04-15 10:44:10',1,'',NULL,'',171,4,2),(845,'A paz no Mundo começa em mim ','1','2017-05-13 10:37:58',0,'',2017,'',179,4,2),(846,'Paz pela paz','1','2017-05-13 10:38:53',1,'',2017,'',179,4,2),(847,'Família universal','1','2017-05-13 10:40:10',1,'',2017,'',179,4,2),(848,'Um pé de Vento','1','2017-06-17 10:35:04',1,'1ª',2007,'',199,4,3),(849,'Magali em outras vidas ','3','2017-06-24 10:33:08',1,'2ª',2016,'',171,4,1),(852,'Adivinha Quanto Eu Te Amo','1','2017-06-24 10:37:20',0,'1ª',1999,'',87,4,1),(853,'Cavalhinho de Flores','3','2017-08-12 09:44:31',1,'2ª',2013,'reposição do livro O Caminho do evangelizando Bernardo Guimarães em 12/08/2017.',83,4,1),(854,'A Gotinha de Orvalho','3','2017-08-12 09:50:13',1,'3ª',2012,'livro reposto pelo evangelizando Bernardo Guimarães em 12/08/2017 por conta de extravio do livro Que Coisa Esquisita! - Cuidados com o Corpo',83,4,1),(855,'JOVENS DEMAIS PARA MORRER ','1','2017-08-19 09:56:49',1,'1',2014,'',190,4,1),(856,'O Jovem Gladiador e a última carta de Paulo ','1','2017-08-19 09:58:10',1,'1',2016,'',190,4,2),(857,'O Evangelho segundo um adolescente ','1','2017-08-19 09:59:15',1,'1',2013,'',201,4,1),(858,'Diário de um Fantasminha ','1','2017-08-19 10:01:22',1,'1',2016,'',202,4,1),(859,'Doutrina Espírita para iniciantes','1','2017-08-19 10:02:19',1,'3',2017,'',171,4,1),(860,'Uma viagem no tempo','1','2017-08-19 10:03:12',1,'1',2015,'',85,4,1),(861,'Bem me quer, bem me quer ','1','2017-09-09 10:12:17',1,'1',2008,'',69,4,2),(862,'O que tem na panela, jamela?','1','2017-10-07 10:39:19',1,'1',2001,'',180,4,1),(863,'Gildo e os amigos no jardim ','1','2017-10-14 09:52:05',1,'1',2002,'',148,4,2),(864,'Você sabia?','1','2017-10-14 10:17:59',1,'1',2001,'',43,4,2),(865,'Contando com o relógio ','1','2017-10-28 10:25:42',1,'1',2006,'',144,4,2),(866,'A Cobra que Usava Chinelo','1','2017-11-25 09:50:23',0,'',2017,'',83,4,2),(867,'O cão salva- vidas','2','2017-11-25 09:57:11',1,'3ª',2013,'',83,4,1),(868,'Outro Lar - Uma Viagem de Muitos Ensinamentos','1','2017-11-25 10:01:13',0,'1ª',2017,'',83,4,2),(869,'Outro Lar - Uma Viagem de Muitos Ensinamentos','2','2017-11-25 10:03:32',1,'1ª',2017,'',83,4,2),(870,'Os Pintinhos de Beatriz','2','2018-03-03 10:01:05',1,'1',2015,'sem livro',83,4,1),(871,'Eu Posso!','1','2018-03-03 10:02:17',1,'1',2017,'',83,4,1),(872,'Que Coisa Esquisita! - Cuidados com o Corpo','3','2018-03-03 10:02:34',1,'2ª',2014,'',174,4,1),(873,'A Vitória de Nélio','7','2018-03-03 10:02:55',1,'1ª',2008,'',83,4,3),(874,'A Formiga Gananciosa Que Aprendeu Uma Lição ','1','2018-03-03 10:05:30',1,'1',2016,'',185,4,1),(875,'A Praia do Tatuí','2','2018-03-03 10:05:53',1,'2ª',2014,'',83,4,1),(876,'Crianças Médiuns','4','2018-03-03 10:06:15',1,'1ª',2014,'',171,4,2),(877,'O sonho de Toninha','1','2018-03-17 10:13:52',1,'1ª',2008,'',89,4,1),(878,'Chico Xavies e seus ensinamentos','3','2018-03-17 10:29:35',0,'1ª',2017,'',171,4,1),(879,'Não Vale a Pena Mentir','1','2018-03-17 10:54:21',0,'2ª',2002,'',89,4,1),(880,'Honestidade ','1','2018-03-31 10:49:29',1,'1',2006,'',180,4,2),(881,'A Lição Inesquecível','8','2018-04-14 10:04:43',1,'1ª',2008,'',83,4,2),(882,'ABC de Histórias','2','2018-04-14 10:05:50',1,'1ª',2015,'',85,4,1),(883,'Alvorada Cristã','3','2018-04-14 10:09:05',1,'15',2010,'',83,4,1),(884,'A Conchinha Falante','4','2018-04-14 10:13:58',1,'4',2010,'',83,4,1),(885,'Kardec e os espíritos ','1','2018-06-02 10:01:44',1,'1',2018,'',203,4,1),(886,'O Mensageiro das Boas Notícias','4','2018-06-16 09:55:31',1,'2ª',2012,'',83,4,1),(887,'Bom Louro','6','2018-06-16 09:56:13',1,'3ª',2006,'',83,4,3),(888,'O Elogio da Abelha','5','2018-06-16 09:57:02',1,'1ª',2008,'',83,4,1),(889,'Docemel - A Abelha que não acreditava em Deus','3','2018-06-16 09:57:54',1,'2',2002,'sem livro',83,4,3),(890,'Uma Aula Especial','1','2018-06-16 10:33:04',1,'',2004,'',179,4,1),(891,'O Livro dos Espíritos - para infância e juventude','1','2018-06-30 09:59:44',1,'6ª',2012,'',123,4,1),(892,'Corações Juvenis','1','2018-08-18 10:03:52',1,'1ª',2013,'',83,4,2),(893,'Magali em outras vidas','1','2018-09-08 10:03:16',0,'2',2016,'',205,4,1),(894,'Magali em outras vidas ','5','2018-09-08 10:14:05',1,'2ª',2016,'',171,4,1),(895,'A felicidade das borboletas ','1','2018-09-08 10:20:47',1,'1 ',2016,'',104,4,2),(896,'Chico Xavies e seus ensinamentos','4','2018-10-06 10:25:24',0,'1ª',2017,'',171,4,1),(897,'Chico Xavies e seus ensinamentos','5','2018-10-06 10:26:36',1,'1ª',2017,'',171,4,1),(898,'O menino que torcia pelo mundo inteiro ','1','2018-10-13 09:51:24',1,'1',2018,'',85,4,1),(899,'A estante de livros','1','2018-10-13 09:51:53',1,'1',2018,'',85,4,1),(900,'É só uma mentirinha ','1','2018-10-13 09:52:48',0,'1',2018,'',89,4,1),(901,'O que os outros vão dizer ','1','2018-10-13 09:53:37',1,'1',2018,'',89,4,1),(902,'Um coice aqui... Outro ali','1','2018-10-13 09:54:13',1,'1',2018,'',89,4,1),(903,'Quem jogou esse lixo aqui?','1','2018-10-13 09:54:53',1,'1',2018,'',89,4,1),(904,'O semeador ','1','2018-10-13 09:55:46',1,'8',2017,'',110,4,1),(905,'Volta às aulas ','2','2018-10-13 10:02:00',1,'1ª',2008,'',83,4,1),(906,'Bom Louro','7','2018-10-13 10:02:27',1,'3ª',2006,'',83,4,3),(907,'Luana - A amiga das estrelas','1','2019-03-09 10:00:50',1,'1ª',2016,'',171,4,1),(908,'Eu sou assim!','1','2019-03-09 10:03:37',1,'1ª',2013,'',171,4,3),(909,'O Segredo da Onça-Pintada','3','2019-03-16 09:45:16',1,'3ª',2017,'reposição',83,4,1),(910,'Raulzinho - o menino que repartia esperanças','1','2019-03-16 09:51:25',1,'1ª',2017,'',89,4,1),(911,'Chico Xavies e seus ensinamentos','6','2019-03-16 10:09:47',1,'1ª',2016,'',171,4,1),(912,'Um toque de amigo','1','2019-03-16 10:20:25',1,'',2018,'produzido 2º Ciclo 2018',179,4,3),(913,'AEIOU do Planeta de Regeneração','1','2019-03-16 10:21:48',1,'',2018,'elaborado pelas crianças do 1º ciclo 2018',179,4,2),(914,'O Coelhinho Teobaldo','2','2019-03-16 10:23:58',0,'',NULL,'sem livro',158,4,3),(915,'ANJOS ','2','2019-03-16 10:25:35',1,'3ª',2013,'',190,4,1),(916,'Viagem Misteriosa','2','2019-03-16 10:27:12',1,'1ª',2016,'',171,4,1),(917,'Meu pequeno evangelho - Turma da Mônica','4','2019-03-16 10:28:54',1,'4 ',2015,'',171,4,1),(918,'Meu pequeno evangelho - Turma da Mônica','5','2019-03-16 10:30:41',1,'4 ',2015,'',171,4,1),(919,'Os Dois Franciscos','5','2019-03-16 10:34:25',1,'1ª',2010,'',83,4,1),(920,'Planeta Marrom','1','2019-03-16 11:02:33',1,'1ª',2015,'',171,4,1),(921,'Magali em outras vidas ','6','2019-03-16 11:08:59',1,'2ª',2016,'',171,4,1),(922,'Regiões Polares','1','2019-03-23 09:56:19',1,'1ª',2011,'',45,4,1),(923,'Meu pequeno evangelho - Turma da Mônica','6','2019-03-23 09:59:24',1,'1ª',2014,'',171,4,1),(924,'Nós somos o Mundo inteiro','1','2019-03-23 10:28:29',1,'',2018,'',179,4,3),(925,'Beijos Mágicos','1','2019-03-23 10:31:13',1,'4ª',1999,'',90,4,1),(926,'Junta, Separa e Guarda','1','2019-03-23 10:33:07',1,'1ª',2010,'',42,4,3),(927,'Fiz o que pude','1','2019-03-23 10:35:28',1,'',2002,'',121,4,1),(928,'Recados do Além','2','2019-03-30 09:51:21',1,'1ª',2008,'',83,4,1),(929,'Perseverança','2','2019-03-30 09:53:37',1,'1ª',2015,'',185,4,1),(930,'Três Raios de Sol','1','2019-03-30 09:56:43',1,'1ª',2017,'',83,4,1),(931,'As Palavras Mágicas','1','2019-03-30 09:58:50',1,'',2016,'',83,4,1),(932,'Crianças Médiuns','5','2019-03-30 10:00:09',1,'1ª',2014,'',171,4,2),(933,'Crianças Médiuns','6','2019-03-30 10:01:55',1,'1ª',2014,'',171,4,2),(934,'Roboclável - uma história ciberlixonética','1','2019-03-30 10:13:03',1,'1ª',2013,'',85,4,1),(935,'O dia em que o mundo perdeu as cores','1','2019-03-30 10:15:04',1,'1ª',2016,'',85,4,1),(936,'Violetinhas na Janela','1','2019-03-30 10:17:31',1,'1ª',2016,'',132,4,1),(937,'Poesia na Varanda','1','2019-03-30 10:28:37',1,'1ª',2012,'',29,4,1),(938,'Maya e Selou','1','2019-03-30 10:31:30',1,'2ª',2016,'',149,4,1),(939,'Brisa, a Lagarta Comilona','1','2019-03-30 10:33:49',1,'',2010,'',185,4,1),(940,'O Leão e o Rato','1','2019-03-30 10:36:32',1,'',2010,'',185,4,1),(941,'A Formiga e a Pomba','1','2019-03-30 10:40:19',1,'',2010,'',185,4,1),(942,'Um Sonho Fantástico','5','2019-03-30 10:42:56',1,'1ª',2008,'',83,4,1),(943,'Jonas e as Cores','1','2019-03-30 11:00:07',1,'1ª',2006,'',87,4,1),(944,'O Ipê Aprendiz','1','2019-03-30 11:02:22',1,'1ª',2011,'',206,4,1),(945,'Gentileza gera Gentileza','1','2019-04-06 09:54:04',1,'',2018,'3 ciclo',179,4,2),(946,'Revolução na Colmeia','1','2019-04-06 09:56:40',1,'',2015,'',171,4,1),(947,'Compartilhar','1','2019-04-06 10:28:58',1,'',2018,'',179,4,3),(948,'O Rei Maltrapilho','1','2019-04-27 10:25:42',1,'1ª',2016,'',85,4,2),(949,'Cambalhotas - um palhaço diferente','1','2019-04-27 10:27:18',1,'1ª',2018,'',168,4,2),(950,'O menino que aprendeu a gostar de ler','1','2019-04-27 10:28:35',1,'1ª',2018,'',168,4,2),(951,'Dora a raça do amor','1','2019-04-27 10:31:48',1,'1ª',2018,'',207,4,2),(952,'O Endereço','1','2019-04-27 10:32:54',1,'1ª',2014,'',208,4,2),(953,'O Flautista de Jesus','1','2019-04-27 10:33:41',1,'1ª',2014,'',208,4,2),(954,'O Mundo dos Bonecos de Papel','1','2019-04-27 10:35:41',1,'1ª',2012,'',209,4,2),(955,'Evolução dos Mundos','1','2019-04-27 10:44:08',1,'3ª',2018,'',171,4,2),(956,'As Três Peneiras','1','2019-04-27 10:45:11',1,'1ª',2018,'',83,4,2),(957,'Novidade na Floresta','1','2019-04-27 10:46:30',1,'1ª',2019,'',85,4,2),(958,'Allan Kardec - Princípios e Valores','1','2019-04-27 10:47:45',1,'1ª',2018,'',171,4,2),(959,'Jesus no meu lar','1','2019-04-27 10:48:28',1,'1ª',2018,'',171,4,2),(960,'Uma Viagem no tempo','1','2019-04-27 10:49:26',0,'1ª',2018,'',85,4,2),(961,'Sabrina Sabida','1','2019-04-27 10:50:07',1,'1ª',2018,'',83,4,2),(962,'Os três Amiguinhos','1','2019-04-27 10:50:58',1,'1ª',2014,'',83,4,2),(963,'Eu + Tu nós somos brasileiros','1','2019-04-27 10:52:02',1,'1ª',2018,'',83,4,2),(964,'Uma Viagem no Tempo','1','2019-04-27 10:52:45',0,'1ª',2017,'',85,4,2),(965,'Uma Viagem no tempo - volume 2','1','2019-04-27 10:53:40',1,'1ª',2018,'',85,4,2),(966,'Jerônimo a Girafinha','1','2019-04-27 10:54:46',1,'1ª',2019,'',83,4,2),(967,'A Formiga Rabiga','1','2019-04-27 10:55:35',1,'1ª',2017,'',83,4,2),(968,'Três Raios de Sol','1','2019-04-27 10:56:12',0,'1ª',2017,'',83,4,2),(969,'O poder das palavras','1','2019-04-27 10:57:26',1,'1ª',2019,'',168,4,2),(970,'Eu Sou o Rei de Todo Mundo','1','2019-04-27 10:58:52',1,'1ª',2017,'',171,4,2),(971,'Cici a gata sem-teto','1','2019-04-27 10:59:50',1,'1ª',2018,'',171,4,2),(972,'Diário de um Fatasminha 2','1','2019-04-27 11:03:09',1,'1ª',2018,'',202,4,2),(982,'A Garota e a Boneca de Pano ','1','2019-05-11 09:57:33',1,'1ª',2018,'',212,4,2),(992,'A Busca','1','2019-05-11 09:58:20',1,'1ª',2017,'',171,4,2),(1002,'Reencontros com o Amor','1','2019-05-11 09:59:46',1,'1º',2018,'',85,4,2),(1012,'Um Sábado com Allan Kardec ','1','2019-05-11 10:01:18',1,'1ª',2018,'',132,4,2),(1022,'A Casa do Codificador','1','2019-05-11 10:02:00',1,'1ª',2018,'',171,4,2),(1032,'Explorando os Caminhos da Luz','1','2019-05-11 10:03:03',1,'1ª',2018,'',171,4,2),(1042,'Não consigo desgrudar da mamãe','1','2019-05-11 10:04:39',1,'1ª',2016,'',171,4,2),(1052,'A Descoberta dos Dons','1','2019-05-11 10:06:25',1,'1ª',2014,'',171,4,2),(1062,'O Que é Que o Corpo Humano Tem','1','2019-05-11 10:07:28',1,'1ª',2014,'',171,4,2),(1072,'Leão com Dor de Dente não há quem Aguente','1','2019-05-11 10:08:59',1,'1ª',2016,'',171,4,2),(1082,'Uma Páscoa sem Ovos de Chocolate','1','2019-05-11 10:09:48',1,'1ª',2016,'',171,4,2),(1092,'Tremi por dentro','1','2019-05-11 10:30:32',1,'1',2018,'',171,4,2),(1102,'Albano e o mistério da ilha','1','2019-05-11 10:33:29',1,'1',2016,'',171,4,2),(1112,'O que é que o corpo humano tem por dentro?','1','2019-05-11 10:34:24',1,'1',2016,'',171,4,2),(1122,'As Palavras Mágicas','2','2019-05-11 10:35:15',1,'',2016,'',83,4,1),(1132,'Diário de Pilar na Amazônia','1','2019-05-11 10:38:43',1,'2',2011,'',222,4,2),(1142,'O livrinho dos espirítos','1','2019-05-11 10:40:44',1,'2',2011,'',43,4,2),(1152,'O EVANGELINHO SEGUNDO O ESPIRITISMO','1','2019-05-11 10:44:49',1,'4',2018,'',203,4,2),(1162,'Só a reencarnação explica...','1','2019-05-11 10:47:58',1,'1',2018,'',85,4,2),(1172,'Léon Denis fala aos jovens ','1','2019-05-11 10:48:57',1,'1',2019,'',43,4,2),(1182,'Confissões de uma garota quase normal','1','2019-05-11 10:49:48',1,'1',2016,'',202,4,2),(1192,' Manuela e as Borboletas AMARELAS','1','2019-05-11 10:53:07',1,'1',2017,'',171,4,2),(1202,'O gato e a menina','1','2019-05-11 10:54:21',0,'2',2008,'',29,4,2),(1212,'Dentro do coração da mamãe','1','2019-05-11 10:55:52',1,'1',2018,'',193,4,2),(1222,'Quebra-cabeças divertidos','1','2019-05-11 10:57:24',1,'1',2018,'',158,4,2),(1232,'Os três Amiguinhos','2','2019-05-11 11:07:11',1,'1ª',2014,'',83,4,2),(1242,'O Gato Lindinho','1','2019-06-22 10:34:42',1,'3ª',0,'',83,4,2),(1252,'Orações Diárias','1','2019-09-07 11:01:22',1,'',0,'',198,4,3),(1262,'Bebê Estegossauro','1','2019-09-07 11:03:37',1,'',0,'',158,4,3),(1272,'Confissões de Uma Garota Quase Normal','1','2019-09-21 10:47:45',1,'1ª',2016,'',202,4,2),(1282,'Declaração Universal dos Direitos Humanos','1','2019-09-21 10:51:26',1,'1ª',2013,'',142,4,1),(1292,'Fervi por Dentro','1','2019-09-21 10:52:55',1,'1ª',2017,'',171,4,1),(1302,'Jesus com a gente','1','2019-09-21 10:56:09',1,'2ª',2012,'',85,4,2),(1312,'O Macaco Conselheiro','2','2019-09-21 10:57:30',1,'1ª',2013,'',83,4,2),(1322,'O mistério das jabuticabas','2','2019-09-21 10:58:41',1,'1ª',2014,'',83,4,2),(1332,'A Gotinha de Orvalho','2','2019-09-21 10:59:45',1,'3ª',2012,'',83,4,1),(1342,'Os Dois Franciscos','6','2019-09-28 09:46:00',1,'1ª',2010,'',83,4,1),(1352,'Caraoquê, o Caracol','2','2019-09-28 09:49:48',1,'',NULL,'',69,4,1),(1362,'As Palavras Mágicas','3','2019-09-28 09:54:54',1,'',2015,'',83,4,1),(1372,'Responsabilidade','2','2019-09-28 09:57:11',1,'1ª',2015,'',185,4,1),(1382,'Vaidade no Terreiro','1','2019-11-02 11:46:04',1,'17º',1997,'',90,4,1),(1392,'Ler é uma Gostosura','1','2020-03-07 10:36:21',1,'1ª',2009,'',129,4,1),(1402,'Turma da Mônica conhece Violetas na Janela','1','2020-03-07 10:53:12',1,'1ª',2019,'',132,4,1),(1412,'Jesus no meu Lar','1','2020-03-07 10:54:19',1,'1ª',2019,'',171,4,1),(1422,'Allan Kardec - Princípios e Valores','2','2020-03-07 10:55:57',1,'1ª',2018,'',171,4,2);
/*!40000 ALTER TABLE `livro` ENABLE KEYS */;
UNLOCK TABLES;

--
-- Table structure for table `modulo`
--

DROP TABLE IF EXISTS `modulo`;
/*!40101 SET @saved_cs_client     = @@character_set_client */;
/*!50503 SET character_set_client = utf8mb4 */;
CREATE TABLE `modulo` (
  `id_modulo` int(11) NOT NULL AUTO_INCREMENT,
  `no_modulo` varchar(45) NOT NULL,
  `no_menu` varchar(45) NOT NULL,
  `st_ativo` tinyint(1) NOT NULL,
  `dt_cadastro` datetime NOT NULL,
  `no_img` text NOT NULL,
  PRIMARY KEY (`id_modulo`)
) ENGINE=InnoDB AUTO_INCREMENT=5 DEFAULT CHARSET=latin1;
/*!40101 SET character_set_client = @saved_cs_client */;

--
-- Dumping data for table `modulo`
--

LOCK TABLES `modulo` WRITE;
/*!40000 ALTER TABLE `modulo` DISABLE KEYS */;
INSERT INTO `modulo` VALUES (1,'padrao','Home',0,'2013-01-01 00:00:00','home.png'),(2,'admin','Administracao',1,'2013-01-14 00:00:00','admin.png'),(3,'pessoa','Pessoa',1,'2013-01-14 00:00:00','pessoa.png'),(4,'livro','Livro',1,'2013-01-15 00:00:00','livro.png');
/*!40000 ALTER TABLE `modulo` ENABLE KEYS */;
UNLOCK TABLES;

--
-- Table structure for table `origem_livro`
--

DROP TABLE IF EXISTS `origem_livro`;
/*!40101 SET @saved_cs_client     = @@character_set_client */;
/*!50503 SET character_set_client = utf8mb4 */;
CREATE TABLE `origem_livro` (
  `id_origem_livro` int(11) NOT NULL AUTO_INCREMENT,
  `no_origem` text NOT NULL,
  `st_ativo` tinyint(1) NOT NULL,
  PRIMARY KEY (`id_origem_livro`)
) ENGINE=InnoDB AUTO_INCREMENT=4 DEFAULT CHARSET=latin1;
/*!40101 SET character_set_client = @saved_cs_client */;

--
-- Dumping data for table `origem_livro`
--

LOCK TABLES `origem_livro` WRITE;
/*!40000 ALTER TABLE `origem_livro` DISABLE KEYS */;
INSERT INTO `origem_livro` VALUES (1,'Doação',1),(2,'Aquisição GECCAL',1),(3,'Sem Informação',1);
/*!40000 ALTER TABLE `origem_livro` ENABLE KEYS */;
UNLOCK TABLES;

--
-- Table structure for table `perfil`
--

DROP TABLE IF EXISTS `perfil`;
/*!40101 SET @saved_cs_client     = @@character_set_client */;
/*!50503 SET character_set_client = utf8mb4 */;
CREATE TABLE `perfil` (
  `id_perfil` int(11) NOT NULL AUTO_INCREMENT,
  `no_perfil` varchar(45) NOT NULL,
  `st_ativo` tinyint(1) NOT NULL,
  PRIMARY KEY (`id_perfil`)
) ENGINE=InnoDB AUTO_INCREMENT=6 DEFAULT CHARSET=latin1;
/*!40101 SET character_set_client = @saved_cs_client */;

--
-- Dumping data for table `perfil`
--

LOCK TABLES `perfil` WRITE;
/*!40000 ALTER TABLE `perfil` DISABLE KEYS */;
INSERT INTO `perfil` VALUES (1,'Administrador',1),(5,'Consulta',1);
/*!40000 ALTER TABLE `perfil` ENABLE KEYS */;
UNLOCK TABLES;

--
-- Table structure for table `recadastramento_livro`
--

DROP TABLE IF EXISTS `recadastramento_livro`;
/*!40101 SET @saved_cs_client     = @@character_set_client */;
/*!50503 SET character_set_client = utf8mb4 */;
CREATE TABLE `recadastramento_livro` (
  `id_recadastramento_livro` int(11) NOT NULL AUTO_INCREMENT,
  `id_livro` int(11) NOT NULL,
  `nu_exemplar` int(11) NOT NULL,
  `date` date NOT NULL,
  PRIMARY KEY (`id_recadastramento_livro`)
) ENGINE=InnoDB DEFAULT CHARSET=utf8 COLLATE=utf8_unicode_ci;
/*!40101 SET character_set_client = @saved_cs_client */;

--
-- Dumping data for table `recadastramento_livro`
--

LOCK TABLES `recadastramento_livro` WRITE;
/*!40000 ALTER TABLE `recadastramento_livro` DISABLE KEYS */;
/*!40000 ALTER TABLE `recadastramento_livro` ENABLE KEYS */;
UNLOCK TABLES;

--
-- Table structure for table `tb_controle_livro`
--

DROP TABLE IF EXISTS `tb_controle_livro`;
/*!40101 SET @saved_cs_client     = @@character_set_client */;
/*!50503 SET character_set_client = utf8mb4 */;
CREATE TABLE `tb_controle_livro` (
  `id_livro` int(11) NOT NULL,
  `dt_controle` date NOT NULL,
  `st_encontrou` char(1) COLLATE utf8_unicode_ci NOT NULL
) ENGINE=InnoDB DEFAULT CHARSET=utf8 COLLATE=utf8_unicode_ci;
/*!40101 SET character_set_client = @saved_cs_client */;

--
-- Dumping data for table `tb_controle_livro`
--

LOCK TABLES `tb_controle_livro` WRITE;
/*!40000 ALTER TABLE `tb_controle_livro` DISABLE KEYS */;
INSERT INTO `tb_controle_livro` VALUES (517,'2016-05-01','S'),(390,'2016-05-01','N'),(136,'2016-05-01','S'),(319,'2016-05-01','S'),(70,'2016-05-01','N'),(560,'2016-05-01','N'),(595,'2016-05-01','S'),(127,'2016-05-01','S'),(78,'2016-05-01','S'),(62,'2016-05-01','S'),(764,'2016-05-01','S'),(278,'2016-05-01','N'),(279,'2016-05-01','N'),(722,'2016-05-01','S'),(419,'2016-05-01','S'),(409,'2016-05-01','N'),(725,'2016-05-01','S'),(726,'2016-05-01','S'),(573,'2016-05-01','S'),(76,'2016-05-01','N'),(646,'2016-05-01','N'),(661,'2016-05-01','N'),(408,'2016-05-01','N'),(719,'2016-05-01','S'),(563,'2016-05-01','N'),(481,'2016-05-01','S'),(284,'2016-05-01','S'),(625,'2016-05-01','N'),(626,'2016-05-01','N'),(731,'2016-05-01','S'),(732,'2016-05-01','S'),(615,'2016-05-01','S'),(158,'2016-05-01','S'),(693,'2016-05-01','S'),(369,'2016-05-01','S'),(664,'2016-05-01','S'),(192,'2016-05-01','S'),(640,'2016-05-01','N'),(151,'2016-05-01','S'),(476,'2016-05-01','S'),(505,'2016-05-01','S'),(698,'2016-05-01','S'),(373,'2016-05-01','S'),(374,'2016-05-01','S'),(375,'2016-05-01','S'),(91,'2016-05-01','S'),(586,'2016-05-01','S'),(587,'2016-05-01','S'),(83,'2016-05-01','S'),(201,'2016-05-01','N'),(202,'2016-05-01','N'),(205,'2016-05-01','S'),(222,'2016-05-01','S'),(223,'2016-05-01','S'),(340,'2016-05-01','S'),(341,'2016-05-01','N'),(613,'2016-05-01','N'),(184,'2016-05-01','S'),(185,'2016-05-01','N'),(410,'2016-05-01','N'),(411,'2016-05-01','S'),(194,'2016-05-01','N'),(195,'2016-05-01','N'),(181,'2016-05-01','N'),(63,'2016-05-01','N'),(584,'2016-05-01','S'),(163,'2016-05-01','N'),(146,'2016-05-01','S'),(182,'2016-05-01','N'),(183,'2016-05-01','S'),(440,'2016-05-01','S'),(683,'2016-05-01','N'),(588,'2016-05-01','N'),(526,'2016-05-01','S'),(107,'2016-05-01','N'),(259,'2016-05-01','S'),(605,'2016-05-01','S'),(678,'2016-05-01','S'),(161,'2016-05-01','S'),(511,'2016-05-01','S'),(147,'2016-05-01','S'),(612,'2016-05-01','S'),(165,'2016-05-01','S'),(166,'2016-05-01','N'),(167,'2016-05-01','N'),(249,'2016-05-01','N'),(532,'2016-05-01','N'),(527,'2016-05-01','S'),(324,'2016-05-01','S'),(597,'2016-05-01','S'),(74,'2016-05-01','S'),(157,'2016-05-01','S'),(403,'2016-05-01','N'),(404,'2016-05-01','S'),(310,'2016-05-01','N'),(311,'2016-05-01','N'),(123,'2016-05-01','S'),(553,'2016-05-01','N'),(172,'2016-05-01','S'),(758,'2016-05-01','N'),(148,'2016-05-01','N'),(418,'2016-05-01','N'),(740,'2016-05-01','S'),(741,'2016-05-01','S'),(252,'2016-05-01','S'),(253,'2016-05-01','S'),(254,'2016-05-01','N'),(255,'2016-05-01','N'),(407,'2016-05-01','S'),(247,'2016-05-01','N'),(189,'2016-05-01','S'),(557,'2016-05-01','S'),(337,'2016-05-01','S'),(312,'2016-05-01','S'),(574,'2016-05-01','N'),(228,'2016-05-01','N'),(230,'2016-05-01','N'),(231,'2016-05-01','N'),(232,'2016-05-01','N'),(233,'2016-05-01','N'),(234,'2016-05-01','S'),(235,'2016-05-01','S'),(236,'2016-05-01','S'),(89,'2016-05-01','S'),(701,'2016-05-01','S'),(757,'2016-05-01','S'),(651,'2016-05-01','S'),(109,'2016-05-01','S'),(494,'2016-05-01','S'),(576,'2016-05-01','S'),(599,'2016-05-01','S'),(387,'2016-05-01','S'),(654,'2016-05-01','N'),(742,'2016-05-01','S'),(551,'2016-05-01','S'),(743,'2016-05-01','N'),(745,'2016-05-01','N'),(464,'2016-05-01','S'),(465,'2016-05-01','N'),(556,'2016-05-01','N'),(269,'2016-05-01','S'),(606,'2016-05-01','N'),(134,'2016-05-01','S'),(454,'2016-05-01','S'),(620,'2016-05-01','N'),(627,'2016-05-01','S'),(704,'2016-05-01','S'),(150,'2016-05-01','N'),(507,'2016-05-01','N'),(508,'2016-05-01','N'),(509,'2016-05-01','S'),(510,'2016-05-01','N'),(607,'2016-05-01','S'),(512,'2016-05-01','S'),(699,'2016-05-01','S'),(131,'2016-05-01','N'),(67,'2016-05-01','S'),(218,'2016-05-01','S'),(680,'2016-05-01','S'),(735,'2016-05-01','S'),(747,'2016-05-01','S'),(713,'2016-05-01','S'),(155,'2016-05-01','S'),(288,'2016-05-01','S'),(714,'2016-05-01','S'),(145,'2016-05-01','N'),(211,'2016-05-01','N'),(212,'2016-05-01','N'),(213,'2016-05-01','N'),(436,'2016-05-01','S'),(594,'2016-05-01','S'),(631,'2016-05-01','S'),(473,'2016-05-01','S'),(371,'2016-05-01','S'),(68,'2016-05-01','S'),(130,'2016-05-01','S'),(344,'2016-05-01','S'),(682,'2016-05-01','N'),(534,'2016-05-01','S'),(335,'2016-05-01','S'),(442,'2016-05-01','S'),(443,'2016-05-01','S'),(566,'2016-05-01','S'),(82,'2016-05-01','N'),(399,'2016-05-01','S'),(124,'2016-05-01','S'),(402,'2016-05-01','S'),(737,'2016-05-01','S'),(738,'2016-05-01','S'),(639,'2016-05-01','S'),(762,'2016-05-01','N'),(756,'2016-05-01','S'),(695,'2016-05-01','S'),(727,'2016-05-01','S'),(689,'2016-05-01','S'),(301,'2016-05-01','N'),(549,'2016-05-01','S'),(472,'2016-05-01','N'),(125,'2016-05-01','S'),(753,'2016-05-01','S'),(435,'2016-05-01','S'),(641,'2016-05-01','N'),(66,'2016-05-01','S'),(521,'2016-05-01','S'),(313,'2016-05-01','N'),(712,'2016-05-01','S'),(190,'2016-05-01','S'),(191,'2016-05-01','S'),(589,'2016-05-01','S'),(544,'2016-05-01','S'),(206,'2016-05-01','N'),(208,'2016-05-01','N'),(209,'2016-05-01','S'),(210,'2016-05-01','N'),(437,'2016-05-01','N'),(441,'2016-05-01','S'),(608,'2016-05-01','S'),(397,'2016-05-01','S'),(398,'2016-05-01','S'),(86,'2016-05-01','N'),(178,'2016-05-01','S'),(720,'2016-05-01','S'),(582,'2016-05-01','S'),(61,'2016-05-01','S'),(118,'2016-05-01','S'),(342,'2016-05-01','S'),(623,'2016-05-01','N'),(624,'2016-05-01','N'),(632,'2016-05-01','N'),(603,'2016-05-01','N'),(156,'2016-05-01','S'),(546,'2016-05-01','N'),(482,'2016-05-01','S'),(483,'2016-05-01','S'),(276,'2016-05-01','N'),(142,'2016-05-01','S'),(591,'2016-05-01','S'),(592,'2016-05-01','N'),(438,'2016-05-01','N'),(439,'2016-05-01','N'),(456,'2016-05-01','N'),(457,'2016-05-01','N'),(458,'2016-05-01','N'),(459,'2016-05-01','N'),(460,'2016-05-01','N'),(461,'2016-05-01','N'),(462,'2016-05-01','N'),(516,'2016-05-01','S'),(580,'2016-05-01','S'),(707,'2016-05-01','S'),(761,'2016-05-01','N'),(600,'2016-05-01','S'),(110,'2016-05-01','S'),(422,'2016-05-01','S'),(656,'2016-05-01','S'),(345,'2016-05-01','S'),(358,'2016-05-01','N'),(121,'2016-05-01','S'),(697,'2016-05-01','S'),(621,'2016-05-01','N'),(622,'2016-05-01','N'),(635,'2016-05-01','S'),(637,'2016-05-01','S'),(84,'2016-05-01','S'),(270,'2016-05-01','N'),(602,'2016-05-01','S'),(596,'2016-05-01','S'),(87,'2016-05-01','N'),(378,'2016-05-01','S'),(590,'2016-05-01','S'),(536,'2016-05-01','S'),(578,'2016-05-01','S'),(711,'2016-05-01','S'),(361,'2016-05-01','S'),(542,'2016-05-01','N'),(451,'2016-05-01','N'),(275,'2016-05-01','S'),(708,'2016-05-01','S'),(152,'2016-05-01','S'),(329,'2016-05-01','S'),(700,'2016-05-01','S'),(92,'2016-05-01','S'),(649,'2016-05-01','S'),(392,'2016-05-01','N'),(718,'2016-05-01','S'),(246,'2016-05-01','S'),(176,'2016-05-01','N'),(237,'2016-05-01','S'),(238,'2016-05-01','N'),(760,'2016-05-01','S'),(763,'2016-05-01','S'),(164,'2016-05-01','S'),(377,'2016-05-01','S'),(108,'2016-05-01','S'),(122,'2016-05-01','S'),(502,'2016-05-01','S'),(468,'2016-05-01','N'),(522,'2016-05-01','N'),(412,'2016-05-01','N'),(135,'2016-05-01','S'),(294,'2016-05-01','N'),(295,'2016-05-01','N'),(296,'2016-05-01','N'),(297,'2016-05-01','N'),(298,'2016-05-01','N'),(299,'2016-05-01','S'),(367,'2016-05-01','N'),(643,'2016-05-01','N'),(754,'2016-05-01','S'),(280,'2016-05-01','N'),(618,'2016-05-01','S'),(545,'2016-05-01','N'),(466,'2016-05-01','S'),(709,'2016-05-01','S'),(111,'2016-05-01','S'),(393,'2016-05-01','N'),(394,'2016-05-01','S'),(642,'2016-05-01','S'),(214,'2016-05-01','N'),(215,'2016-05-01','S'),(216,'2016-05-01','N'),(217,'2016-05-01','N'),(433,'2016-05-01','N'),(434,'2016-05-01','N'),(659,'2016-05-01','S'),(256,'2016-05-01','N'),(220,'2016-05-01','S'),(221,'2016-05-01','S'),(289,'2016-05-01','S'),(290,'2016-05-01','S'),(291,'2016-05-01','S'),(292,'2016-05-01','S'),(293,'2016-05-01','N'),(449,'2016-05-01','S'),(160,'2016-05-01','S'),(384,'2016-05-01','S'),(567,'2016-05-01','S'),(414,'2016-05-01','N'),(351,'2016-05-01','N'),(352,'2016-05-01','N'),(391,'2016-05-01','N'),(405,'2016-05-01','S'),(585,'2016-05-01','S'),(346,'2016-05-01','N'),(149,'2016-05-01','S'),(703,'2016-05-01','S'),(486,'2016-05-01','S'),(322,'2016-05-01','S'),(535,'2016-05-01','S'),(426,'2016-05-01','N'),(175,'2016-05-01','S'),(85,'2016-05-01','S'),(112,'2016-05-01','N'),(645,'2016-05-01','S'),(755,'2016-05-01','S'),(427,'2016-05-01','N'),(428,'2016-05-01','N'),(429,'2016-05-01','N'),(444,'2016-05-01','N'),(445,'2016-05-01','N'),(446,'2016-05-01','N'),(448,'2016-05-01','N'),(487,'2016-05-01','N'),(353,'2016-05-01','N'),(93,'2016-05-01','N'),(354,'2016-05-01','N'),(355,'2016-05-01','S'),(356,'2016-05-01','S'),(614,'2016-05-01','S'),(630,'2016-05-01','S'),(658,'2016-05-01','S'),(339,'2016-05-01','S'),(430,'2016-05-01','S'),(431,'2016-05-01','S'),(348,'2016-05-01','N'),(450,'2016-05-01','S'),(687,'2016-05-01','S'),(647,'2016-05-01','N'),(750,'2016-05-01','N'),(565,'2016-05-01','S'),(598,'2016-05-01','S'),(168,'2016-05-01','S'),(132,'2016-05-01','S'),(114,'2016-05-01','S'),(401,'2016-05-01','S'),(488,'2016-05-01','S'),(694,'2016-05-01','S'),(400,'2016-05-01','S'),(283,'2016-05-01','S'),(272,'2016-05-01','S'),(386,'2016-05-01','S'),(144,'2016-05-01','S'),(736,'2016-05-01','S'),(746,'2016-05-01','S'),(154,'2016-05-01','N'),(475,'2016-05-01','S'),(359,'2016-05-01','N'),(267,'2016-05-01','N'),(320,'2016-05-01','N'),(321,'2016-05-01','N'),(467,'2016-05-01','S'),(58,'2016-05-01','S'),(343,'2016-05-01','S'),(187,'2016-05-01','N'),(629,'2016-05-01','S'),(333,'2016-05-01','N'),(452,'2016-05-01','S'),(611,'2016-05-01','N'),(686,'2016-05-01','S'),(561,'2016-05-01','N'),(77,'2016-05-01','N'),(733,'2016-05-01','N'),(655,'2016-05-01','N'),(302,'2016-05-01','N'),(303,'2016-05-01','N'),(638,'2016-05-01','N'),(692,'2016-05-01','S'),(315,'2016-05-01','N'),(316,'2016-05-01','N'),(117,'2016-05-01','S'),(73,'2016-05-01','N'),(543,'2016-05-01','N'),(80,'2016-05-01','S'),(609,'2016-05-01','N'),(668,'2016-05-01','S'),(669,'2016-05-01','N'),(138,'2016-05-01','S'),(197,'2016-05-01','S'),(224,'2016-05-01','N'),(225,'2016-05-01','N'),(226,'2016-05-01','N'),(227,'2016-05-01','N'),(395,'2016-05-01','N'),(489,'2016-05-01','N'),(141,'2016-05-01','S'),(69,'2016-05-01','S'),(240,'2016-05-01','S'),(241,'2016-05-01','S'),(529,'2016-05-01','S'),(326,'2016-05-01','S'),(350,'2016-05-01','N'),(325,'2016-05-01','S'),(420,'2016-05-01','S'),(474,'2016-05-01','S'),(72,'2016-05-01','S'),(94,'2016-05-01','S'),(653,'2016-05-01','N'),(314,'2016-05-01','S'),(644,'2016-05-01','S'),(519,'2016-05-01','S'),(304,'2016-05-01','S'),(149,'2016-05-01','S'),(469,'2016-05-01','S'),(492,'2016-05-01','S'),(413,'2016-05-01','S'),(513,'2016-05-01','S'),(702,'2016-05-01','S'),(506,'2016-05-01','S'),(751,'2016-05-01','S'),(154,'2016-05-01','S'),(662,'2016-05-01','N'),(186,'2016-05-01','N'),(389,'2016-05-01','N'),(455,'2016-05-01','N'),(538,'2016-05-01','N'),(766,'2016-05-01','S');
/*!40000 ALTER TABLE `tb_controle_livro` ENABLE KEYS */;
UNLOCK TABLES;

--
-- Table structure for table `tipo_funcionalidade`
--

DROP TABLE IF EXISTS `tipo_funcionalidade`;
/*!40101 SET @saved_cs_client     = @@character_set_client */;
/*!50503 SET character_set_client = utf8mb4 */;
CREATE TABLE `tipo_funcionalidade` (
  `id_tipo_funcionalidade` int(11) NOT NULL AUTO_INCREMENT,
  `no_tipo_funcionalidade` varchar(45) NOT NULL,
  `st_ativo` tinyint(1) NOT NULL,
  PRIMARY KEY (`id_tipo_funcionalidade`)
) ENGINE=InnoDB AUTO_INCREMENT=5 DEFAULT CHARSET=latin1;
/*!40101 SET character_set_client = @saved_cs_client */;

--
-- Dumping data for table `tipo_funcionalidade`
--

LOCK TABLES `tipo_funcionalidade` WRITE;
/*!40000 ALTER TABLE `tipo_funcionalidade` DISABLE KEYS */;
INSERT INTO `tipo_funcionalidade` VALUES (1,'cadastrar',1),(2,'editar',1),(3,'listar',1),(4,'excluir',1);
/*!40000 ALTER TABLE `tipo_funcionalidade` ENABLE KEYS */;
UNLOCK TABLES;

--
-- Table structure for table `turma`
--

DROP TABLE IF EXISTS `turma`;
/*!40101 SET @saved_cs_client     = @@character_set_client */;
/*!50503 SET character_set_client = utf8mb4 */;
CREATE TABLE `turma` (
  `id_turma` int(11) NOT NULL AUTO_INCREMENT,
  `dt_inicio` datetime NOT NULL,
  `dt_fim` datetime NOT NULL,
  `nu_idade_minima` int(11) NOT NULL,
  `nu_idade_maxima` int(11) NOT NULL,
  `nu_ano` int(11) NOT NULL,
  `st_ativo` tinyint(1) NOT NULL,
  `no_obs` text,
  `id_ciclo` int(11) NOT NULL,
  `id_usuario` int(11) NOT NULL,
  PRIMARY KEY (`id_turma`),
  KEY `fk_turma_ciclo1_idx` (`id_ciclo`),
  KEY `fk_turma_usuario1_idx` (`id_usuario`),
  CONSTRAINT `fk_turma_ciclo1` FOREIGN KEY (`id_ciclo`) REFERENCES `ciclo` (`id_ciclo`) ON DELETE NO ACTION ON UPDATE NO ACTION,
  CONSTRAINT `fk_turma_usuario1` FOREIGN KEY (`id_usuario`) REFERENCES `usuario` (`id_usuario`) ON DELETE NO ACTION ON UPDATE NO ACTION
) ENGINE=InnoDB AUTO_INCREMENT=174 DEFAULT CHARSET=latin1;
/*!40101 SET character_set_client = @saved_cs_client */;

--
-- Dumping data for table `turma`
--

LOCK TABLES `turma` WRITE;
/*!40000 ALTER TABLE `turma` DISABLE KEYS */;
INSERT INTO `turma` VALUES (9,'2013-03-02 14:46:34','2013-11-30 14:46:34',3,4,2013,1,'',1,1),(13,'2013-03-02 14:47:36','2013-11-30 14:47:36',7,8,2013,1,'',3,1),(14,'2013-03-02 14:47:11','2013-11-30 14:47:11',5,6,2013,1,'',2,1),(15,'2013-03-02 14:43:33','2013-11-30 14:43:33',9,10,2013,1,'',4,1),(16,'2013-03-02 14:45:01','2013-11-30 14:45:01',11,12,2013,1,'',5,1),(17,'2014-03-08 10:01:19','2014-12-06 10:01:19',3,4,2014,1,'',1,4),(18,'2014-03-08 20:58:34','2014-12-06 20:58:34',5,6,2014,1,'',2,4),(19,'2014-03-08 20:59:47','2014-12-06 20:59:47',7,8,2014,1,'',3,4),(20,'2014-03-08 10:14:48','2014-12-06 10:14:48',9,10,2014,1,'',4,4),(21,'2014-03-06 21:02:26','2014-12-06 21:02:26',11,12,2014,1,'',5,4),(22,'2015-03-07 20:39:35','2015-11-28 20:39:35',5,6,2015,1,'',2,1),(23,'2015-03-07 20:57:54','2015-11-28 20:57:54',7,8,2015,1,'',3,1),(24,'2015-03-07 18:28:31','2015-11-28 18:28:31',9,10,2015,1,'',4,4),(25,'2015-03-07 19:10:26','2015-11-28 19:10:26',11,12,2015,1,'',5,4),(26,'2015-03-07 19:33:38','2015-11-28 19:33:38',3,4,2015,1,'',1,4),(27,'2016-03-05 23:27:17','2016-11-26 23:27:17',3,4,2016,1,'',1,4),(28,'2016-03-05 23:33:44','2016-11-26 23:33:44',5,6,2016,1,'',2,4),(29,'2016-03-05 23:29:21','2016-11-26 23:29:21',7,8,2016,1,'',3,4),(30,'2016-03-05 23:17:46','2016-11-26 23:17:46',9,10,2016,1,'',4,4),(31,'2016-03-05 23:18:02','2016-11-26 23:18:02',11,12,2016,1,'',5,4),(32,'2017-03-04 00:33:34','2017-11-25 00:33:34',3,4,2017,1,'',1,4),(33,'2017-03-04 00:46:14','2017-11-25 00:46:14',5,6,2017,1,'',2,4),(34,'2017-03-04 00:47:47','2017-11-25 00:47:47',7,8,2017,1,'',3,4),(35,'2017-03-04 00:52:01','2017-11-25 00:52:01',9,10,2017,1,'',4,4),(36,'2017-03-04 01:00:48','2017-11-25 01:00:48',11,13,2017,1,'',5,4),(37,'2018-01-03 21:53:34','2018-11-30 21:53:34',3,4,2018,1,'',1,4),(38,'2018-03-03 21:55:01','2018-11-30 21:55:01',5,6,2018,1,'',2,4),(39,'2018-03-03 21:55:42','2018-11-30 21:55:42',7,8,2018,1,'',3,4),(40,'2018-03-03 21:56:58','2018-11-30 21:56:58',9,10,2018,1,'',4,4),(41,'2018-03-03 21:57:34','2018-11-30 21:57:34',11,13,2018,1,'',5,4),(42,'2019-03-09 21:51:33','2019-11-30 21:51:33',3,4,2019,1,'',1,4),(43,'2019-03-09 22:05:01','2019-11-30 22:05:01',5,6,2019,1,'',2,4),(44,'2019-03-09 22:20:11','2019-11-30 22:20:11',7,8,2019,1,'',3,4),(45,'2019-03-09 22:27:38','2019-11-30 22:27:38',9,10,2019,1,'',4,4),(46,'2019-03-09 22:36:54','2019-11-30 22:36:54',11,13,2019,1,'',5,4),(52,'2020-03-07 20:55:55','2020-11-28 20:55:55',3,3,2020,1,'',1,4),(62,'2020-03-07 20:57:32','2020-11-28 20:57:32',4,5,2020,1,'',2,4),(72,'2020-03-07 21:05:15','2020-11-28 21:05:15',6,7,2020,1,'',3,4),(82,'2020-03-07 21:01:20','2020-11-28 21:01:20',8,9,2020,1,'',4,4),(92,'2020-03-07 21:05:57','2020-11-28 21:05:57',10,11,2020,1,'',5,4),(102,'2020-03-07 21:07:16','2020-11-28 21:07:16',13,13,2020,1,'',12,4),(114,'2022-03-12 22:00:39','2022-11-27 22:00:39',3,4,2022,1,'',1,4),(124,'2022-03-12 22:01:29','2022-11-27 22:01:29',5,6,2022,1,'',2,4),(134,'2022-03-12 22:02:45','2022-11-27 22:02:45',9,10,2022,1,'',4,4),(144,'2022-03-12 22:03:53','2022-11-27 22:03:53',10,11,2022,1,'',5,4),(154,'2022-03-12 22:59:46','2022-11-27 22:59:46',6,7,2022,1,'',3,4),(164,'2022-03-12 23:20:43','2022-11-27 23:20:43',6,7,2022,1,'',13,4);
/*!40000 ALTER TABLE `turma` ENABLE KEYS */;
UNLOCK TABLES;

--
-- Table structure for table `usuario`
--

DROP TABLE IF EXISTS `usuario`;
/*!40101 SET @saved_cs_client     = @@character_set_client */;
/*!50503 SET character_set_client = utf8mb4 */;
CREATE TABLE `usuario` (
  `id_usuario` int(11) NOT NULL AUTO_INCREMENT,
  `no_usuario` varchar(45) NOT NULL,
  `no_senha` text NOT NULL,
  `dt_cadastro` datetime NOT NULL,
  `st_ativo` tinyint(1) NOT NULL,
  `dt_ult_visita` datetime DEFAULT NULL,
  `dt_desativacao` datetime DEFAULT NULL,
  `id_perfil` int(11) NOT NULL,
  `id_colaborador` int(11) NOT NULL,
  PRIMARY KEY (`id_usuario`),
  KEY `fk_usuario_perfil1` (`id_perfil`),
  KEY `fk_usuario_colaborador1` (`id_colaborador`),
  CONSTRAINT `fk_usuario_colaborador1` FOREIGN KEY (`id_colaborador`) REFERENCES `colaborador` (`id_colaborador`) ON DELETE NO ACTION ON UPDATE NO ACTION,
  CONSTRAINT `fk_usuario_perfil1` FOREIGN KEY (`id_perfil`) REFERENCES `perfil` (`id_perfil`) ON DELETE NO ACTION ON UPDATE NO ACTION
) ENGINE=InnoDB AUTO_INCREMENT=5 DEFAULT CHARSET=latin1;
/*!40101 SET character_set_client = @saved_cs_client */;

--
-- Dumping data for table `usuario`
--

LOCK TABLES `usuario` WRITE;
/*!40000 ALTER TABLE `usuario` DISABLE KEYS */;
INSERT INTO `usuario` VALUES (1,'cezar.zaleski','da9b323cb0fd4da2ed31959a5bef3b6d','2013-01-01 00:00:00',1,'2015-10-10 00:30:16','0000-00-00 00:00:00',1,1),(4,'geccal','284a473caa005d862632a055244edadf','2013-05-10 11:59:03',1,'2022-04-02 09:32:52',NULL,1,21);
/*!40000 ALTER TABLE `usuario` ENABLE KEYS */;
UNLOCK TABLES;
/*!40103 SET TIME_ZONE=@OLD_TIME_ZONE */;

/*!40101 SET SQL_MODE=@OLD_SQL_MODE */;
/*!40014 SET FOREIGN_KEY_CHECKS=@OLD_FOREIGN_KEY_CHECKS */;
/*!40014 SET UNIQUE_CHECKS=@OLD_UNIQUE_CHECKS */;
/*!40101 SET CHARACTER_SET_CLIENT=@OLD_CHARACTER_SET_CLIENT */;
/*!40101 SET CHARACTER_SET_RESULTS=@OLD_CHARACTER_SET_RESULTS */;
/*!40101 SET COLLATION_CONNECTION=@OLD_COLLATION_CONNECTION */;
/*!40111 SET SQL_NOTES=@OLD_SQL_NOTES */;

-- Dump completed on 2022-04-02 23:32:30
